(0) 1/0 :        Vectors:
(0) 2/0 :        Z80_IdleProgram:
(0) 3/28 :        $engine.z80_init$Z80_IdleProgram$code_end:
(0) 4/100 :        GameHeader:
(0) 5/18E :        Checksum:
(0) 6/190 :        _header_tail:
(0) 7/200 :        EntryPoint:
(0) 8/214 :        $engine.boot$EntryPoint$wait_dma:
(0) 9/214 :        $engine.boot$EntryPoint$warm_boot:
(0) 10/220 :        $engine.boot$EntryPoint$cold_boot:
(0) 11/236 :        $engine.boot$EntryPoint$no_tmss:
(0) 12/24A :        $engine.boot$EntryPoint$vdp_loop:
(0) 13/264 :        $engine.boot$EntryPoint$wait_z80:
(0) 14/26A :        $engine.boot$EntryPoint$load_z80:
(0) 15/274 :        $engine.boot$EntryPoint$ym_delay:
(0) 16/280 :        $engine.boot$EntryPoint$clear_ram:
(0) 17/286 :        $engine.boot$EntryPoint$wait_fill:
(0) 18/294 :        $engine.boot$EntryPoint$silence_psg:
(0) 19/2A2 :        $engine.boot$EntryPoint$clear_cram:
(0) 20/2AC :        $engine.boot$EntryPoint$clear_vsram:
(0) 21/2BA :        $engine.boot$asm1$wait_z80:
(0) 22/2D0 :        $engine.boot$EntryPoint$keyoff_part1:
(0) 23/2DC :        $engine.boot$EntryPoint$keyoff_part2:
(0) 24/330 :        $engine.boot$EntryPoint$pal:
(0) 25/336 :        $engine.boot$EntryPoint$region_done:
(0) 26/396 :        BootData:
(0) 27/3B0 :        BootData_VDPRegs:
(0) 28/3CC :        Z80_Sound_End:
(0) 29/3CC :        Z80_Sound_Start:
(0) 30/3CC :        __align$engine.boot_data$0:
(0) 31/3F8 :        BootData_PostBlob:
(0) 32/406 :        BootData_End:
(0) 33/410 :        VDP_Shadow_Init:
(0) 34/41A :        $engine.vdp_init$VDP_Shadow_Init$copy:
(0) 35/422 :        Flush_VDP_Shadow:
(0) 36/432 :        $engine.vdp_init$Flush_VDP_Shadow$loop:
(0) 37/440 :        Set_VDP_Reg:
(0) 38/44A :        $diag3$engine.vdp_init$raise:
(0) 39/494 :        $diag3$engine.vdp_init$skip:
(0) 40/4A0 :        Init_DMA_Queue:
(0) 41/5BE :        QueueDMA_Critical:
(0) 42/5C8 :        QueueDMA_Important:
(0) 43/5D2 :        QueueDMA_Deferrable:
(0) 44/5DA :        QueueDMA_Deferrable.transfer:
(0) 45/610 :        $engine.dma_queue$QueueDMA_Deferrable$finish_entry:
(0) 46/630 :        $engine.dma_queue$QueueDMA_Deferrable$full:
(0) 47/63C :        $engine.dma_queue$QueueDMA_Deferrable$byte_capped:
(0) 48/648 :        $engine.dma_queue$QueueDMA_Deferrable$split:
(0) 49/692 :        $engine.dma_queue$QueueDMA_Deferrable$split_reject:
(0) 50/6A4 :        Process_DMA_Critical:
(0) 51/6B0 :        $engine.dma_queue$Process_DMA_Critical$jump_table:
(0) 52/6B0 :        $engine.dma_queue$Process_DMA_Critical$slot_0:
(0) 53/6BE :        $engine.dma_queue$Process_DMA_Critical$slot_1:
(0) 54/6CC :        $engine.dma_queue$Process_DMA_Critical$slot_2:
(0) 55/6DA :        $engine.dma_queue$Process_DMA_Critical$slot_3:
(0) 56/6E8 :        $engine.dma_queue$Process_DMA_Critical$slot_4:
(0) 57/6F6 :        $engine.dma_queue$Process_DMA_Critical$slot_5:
(0) 58/704 :        $engine.dma_queue$Process_DMA_Critical$slot_6:
(0) 59/712 :        $engine.dma_queue$Process_DMA_Critical$slot_7:
(0) 60/720 :        $engine.dma_queue$Process_DMA_Critical$slot_8:
(0) 61/72A :        $engine.dma_queue$Process_DMA_Critical$drain_8:
(0) 62/732 :        $engine.dma_queue$Process_DMA_Critical$drain_7:
(0) 63/73A :        $engine.dma_queue$Process_DMA_Critical$drain_6:
(0) 64/742 :        $engine.dma_queue$Process_DMA_Critical$drain_5:
(0) 65/74A :        $engine.dma_queue$Process_DMA_Critical$drain_4:
(0) 66/752 :        $engine.dma_queue$Process_DMA_Critical$drain_3:
(0) 67/75A :        $engine.dma_queue$Process_DMA_Critical$drain_2:
(0) 68/762 :        $engine.dma_queue$Process_DMA_Critical$drain_1:
(0) 69/770 :        $engine.dma_queue$Process_DMA_Critical$done:
(0) 70/772 :        Process_DMA_Important:
(0) 71/784 :        $engine.dma_queue$Process_DMA_Important$done:
(0) 72/786 :        Process_DMA_Deferrable:
(0) 73/798 :        $engine.dma_queue$Process_DMA_Deferrable$done:
(0) 74/79A :        Drain_Budgeted_Queue:
(0) 75/7A2 :        $engine.dma_queue$Drain_Budgeted_Queue$loop:
(0) 76/7C4 :        $engine.dma_queue$Drain_Budgeted_Queue$out_of_budget:
(0) 77/7C8 :        $engine.dma_queue$Drain_Budgeted_Queue$compact:
(0) 78/7D6 :        $engine.dma_queue$Drain_Budgeted_Queue$no_drain:
(0) 79/7E0 :        Init_SpriteTable:
(0) 80/7EA :        $engine.buffers$Init_SpriteTable$loop:
(0) 81/802 :        BuildStaticDMA:
(0) 82/890 :        Build_DMA_Entry:
(0) 83/8A4 :        PlaneMapToVRAM:
(0) 84/8B4 :        $engine.buffers$PlaneMapToVRAM$row:
(0) 85/8B8 :        $engine.buffers$PlaneMapToVRAM$cell:
(0) 86/8C6 :        Enqueue_Dirty_Buffers:
(0) 87/8F4 :        $engine.buffers$asm5$drop:
(0) 88/8F8 :        $engine.buffers$asm5$done:
(0) 89/918 :        $engine.buffers$Enqueue_Dirty_Buffers$skip_pal0:
(0) 90/93E :        $engine.buffers$asm6$drop:
(0) 91/942 :        $engine.buffers$asm6$done:
(0) 92/962 :        $engine.buffers$Enqueue_Dirty_Buffers$skip_pal1:
(0) 93/988 :        $engine.buffers$asm7$drop:
(0) 94/98C :        $engine.buffers$asm7$done:
(0) 95/9AC :        $engine.buffers$Enqueue_Dirty_Buffers$skip_pal2:
(0) 96/9D2 :        $engine.buffers$asm8$drop:
(0) 97/9D6 :        $engine.buffers$asm8$done:
(0) 98/9F6 :        $engine.buffers$Enqueue_Dirty_Buffers$no_pal:
(0) 99/9F6 :        $engine.buffers$Enqueue_Dirty_Buffers$skip_pal3:
(0) 100/A28 :        $engine.buffers$Enqueue_Dirty_Buffers$ship_reg:
(0) 101/A32 :        $engine.buffers$Enqueue_Dirty_Buffers$ship_dma:
(0) 102/A52 :        $engine.buffers$asm9$drop:
(0) 103/A56 :        $engine.buffers$Enqueue_Dirty_Buffers$no_ship:
(0) 104/A56 :        $engine.buffers$asm9$done:
(0) 105/A82 :        $engine.buffers$asm10$drop:
(0) 106/A86 :        $engine.buffers$asm10$done:
(0) 107/A8C :        $engine.buffers$Enqueue_Dirty_Buffers$no_spr:
(0) 108/AB2 :        $engine.buffers$asm11$drop:
(0) 109/AB6 :        $engine.buffers$Enqueue_Dirty_Buffers$hs_done:
(0) 110/AB6 :        $engine.buffers$asm11$done:
(0) 111/AC0 :        VBlank_Handler:
(0) 112/AEE :        $engine.vblank$VBlank_Handler$no_bookmark:
(0) 113/AFC :        $engine.vblank$VBlank_Handler$lag:
(0) 114/B00 :        $engine.vblank$VBlank_Handler$done:
(0) 115/B0C :        VInt_Level:
(0) 116/B14 :        $engine.vblank$asm2$wait_z80:
(0) 117/B4A :        $engine.vblank$VInt_Level$charge_critical:
(0) 118/B5C :        $engine.vblank$VInt_Level$charged_critical:
(0) 119/B6C :        $engine.vblank$VInt_Level$budget_floored:
(0) 120/B8C :        $engine.vblank$VInt_Level$staging_idle:
(0) 121/BE8 :        VInt_Lag:
(0) 122/BF0 :        $engine.vblank$asm5$wait_z80:
(0) 123/C2A :        VSync_Wait:
(0) 124/C44 :        $engine.vblank$VSync_Wait$wait:
(0) 125/C60 :        HBlank_Install:
(0) 126/C7C :        HBlank_Uninstall:
(0) 127/C90 :        Read_Controllers:
(0) 128/C98 :        $engine.controllers$asm1$wait_z80:
(0) 129/D04 :        $engine.controllers$Read_Controllers$read_pad_6:
(0) 130/D6C :        $engine.controllers$Read_Controllers$socd_lr_ok:
(0) 131/D7C :        $engine.controllers$Read_Controllers$socd_ud_ok:
(0) 132/D9A :        $engine.controllers$Read_Controllers$three_button:
(0) 133/DA0 :        GameLoop:
(0) 134/DB6 :        GameState_Idle:
(0) 135/DBE :        Input_Tick:
(0) 136/DCE :        $engine.replay$Input_Tick$live:
(0) 137/DD0 :        $engine.replay$Input_Tick$playback:
(0) 138/DDC :        $engine.replay$Input_Tick$no_exit:
(0) 139/DE2 :        $engine.replay$Input_Tick$fetch:
(0) 140/DE6 :        $engine.replay$Input_Tick$fetch_a0:
(0) 141/E0C :        $engine.replay$Input_Tick$pair:
(0) 142/E16 :        $engine.replay$Input_Tick$hold:
(0) 143/E1E :        $engine.replay$Input_Tick$apply:
(0) 144/E34 :        $engine.replay$Input_Tick$end:
(0) 145/E3E :        $engine.replay$Input_Tick$bad_stream:
(0) 146/E5E :        $engine.replay$Input_Tick$desync:
(0) 147/E7E :        $engine.replay$Input_Tick$record:
(0) 148/EB6 :        $engine.replay$Input_Tick$rec_store:
(0) 149/ED2 :        $engine.replay$Input_Tick$rec_stop:
(0) 150/EDA :        $engine.replay$Input_Tick$rec_ret:
(0) 151/EDC :        Replay_Hash:
(0) 152/EE2 :        $engine.replay$Replay_Hash$hash_next:
(0) 153/EEA :        $engine.replay$Replay_Hash$hash_fold:
(0) 154/EF4 :        $engine.replay$Replay_Hash$hash_wtail:
(0) 155/F1E :        $engine.replay$Replay_Hash$int_fold:
(0) 156/F54 :        $engine.replay$Replay_Hash$hash_table:
(0) 157/FC0 :        S4LZ_DecompressDict:
(0) 158/FCE :        $diag1$engine.s4lz$raise:
(0) 159/1012 :        $diag1$engine.s4lz$skip:
(0) 160/1018 :        S4LZ_Decompress:
(0) 161/102A :        $diag3$engine.s4lz$raise:
(0) 162/1076 :        $diag3$engine.s4lz$skip:
(0) 163/107A :        $engine.s4lz$S4LZ_Decompress$token_loop:
(0) 164/10B6 :        $engine.s4lz$S4LZ_Decompress$lit_end:
(0) 165/10B6 :        $engine.s4lz$S4LZ_Decompress$no_literals:
(0) 166/10C6 :        $engine.s4lz$S4LZ_Decompress$offmark_zero:
(0) 167/10D0 :        $engine.s4lz$S4LZ_Decompress$have_offset:
(0) 168/10E4 :        $diag4$engine.s4lz$raise:
(0) 169/112C :        $diag4$engine.s4lz$skip:
(0) 170/1130 :        $engine.s4lz$S4LZ_Decompress$src_in_dest:
(0) 171/115A :        $engine.s4lz$S4LZ_Decompress$match_end:
(0) 172/115E :        $engine.s4lz$S4LZ_Decompress$lit_extended:
(0) 173/1162 :        $engine.s4lz$S4LZ_Decompress$lit_dbf_loop:
(0) 174/116C :        $engine.s4lz$S4LZ_Decompress$match_extended:
(0) 175/1170 :        $engine.s4lz$S4LZ_Decompress$match_dbf_loop:
(0) 176/117A :        $engine.s4lz$S4LZ_Decompress$stream_done:
(0) 177/118A :        $engine.s4lz$S4LZ_Decompress$return:
(0) 178/118C :        TileDelta_Undo:
(0) 179/119A :        $engine.s4lz$TileDelta_Undo$tile_loop:
(0) 180/11BE :        $engine.s4lz$TileDelta_Undo$done:
(0) 181/11C0 :        ZX0R_Decompress:
(0) 182/11C4 :        $engine.zx0_resume$ZX0R_Decompress$literals:
(0) 183/11C6 :        $engine.zx0_resume$ZX0R_Decompress$lit_elias:
(0) 184/11CE :        $engine.zx0_resume$ZX0R_Decompress$lit_got:
(0) 185/11D6 :        $engine.zx0_resume$ZX0R_Decompress$lit_done:
(0) 186/11D8 :        $engine.zx0_resume$ZX0R_Decompress$copy_lits:
(0) 187/11E2 :        $engine.zx0_resume$ZX0R_Decompress$rep_match:
(0) 188/11E4 :        $engine.zx0_resume$ZX0R_Decompress$rep_elias:
(0) 189/11EC :        $engine.zx0_resume$ZX0R_Decompress$rep_got:
(0) 190/11F4 :        $engine.zx0_resume$ZX0R_Decompress$do_copy:
(0) 191/11F6 :        $engine.zx0_resume$ZX0R_Decompress$do_copy_offs:
(0) 192/11FA :        $engine.zx0_resume$ZX0R_Decompress$copy_match:
(0) 193/1204 :        $engine.zx0_resume$ZX0R_Decompress$get_offset:
(0) 194/1206 :        $engine.zx0_resume$ZX0R_Decompress$off_elias:
(0) 195/120E :        $engine.zx0_resume$ZX0R_Decompress$off_got:
(0) 196/1216 :        $engine.zx0_resume$ZX0R_Decompress$off_done:
(0) 197/1226 :        $engine.zx0_resume$ZX0R_Decompress$len_elias:
(0) 198/122A :        $engine.zx0_resume$ZX0R_Decompress$len_loop:
(0) 199/1232 :        $engine.zx0_resume$ZX0R_Decompress$len_got:
(0) 200/1236 :        $engine.zx0_resume$ZX0R_Decompress$done:
(0) 201/1238 :        ZX0R_Decompress.__end:
(0) 202/1240 :        GetSineCosine:
(0) 203/1258 :        Sine_Table:
(0) 204/14D8 :        GetArcTan:
(0) 205/14F0 :        $engine.math$GetArcTan$abs_x_ok:
(0) 206/14F6 :        $engine.math$GetArcTan$abs_y_ok:
(0) 207/1506 :        $engine.math$GetArcTan$fold:
(0) 208/1510 :        $engine.math$GetArcTan$quadrant:
(0) 209/151A :        $engine.math$GetArcTan$x_pos:
(0) 210/1524 :        $engine.math$GetArcTan$y_pos:
(0) 211/152A :        $engine.math$GetArcTan$zero:
(0) 212/1534 :        ArcTan_Table:
(0) 213/1638 :        Perform_DPLC:
(0) 214/1654 :        $engine.objects.dplc$asm1$entry_loop:
(0) 215/1688 :        $engine.objects.dplc$asm1$done:
(0) 216/168A :        Perform_DPLC_Deferrable:
(0) 217/16A6 :        $engine.objects.dplc$asm3$entry_loop:
(0) 218/16DA :        $engine.objects.dplc$asm3$done:
(0) 219/16DC :        InitObjectRAM:
(0) 220/16E6 :        $engine.objects.core$InitObjectRAM$clear:
(0) 221/16F8 :        $engine.objects.core$InitObjectRAM$push_dyn:
(0) 222/1714 :        $engine.objects.core$InitObjectRAM$push_eff:
(0) 223/172E :        AllocDynamic:
(0) 224/1770 :        $engine.objects.core$AllocDynamic$append:
(0) 225/178A :        $engine.objects.core$AllocDynamic$latch_full:
(0) 226/178E :        $engine.objects.core$AllocDynamic$full:
(0) 227/1792 :        AllocEffect:
(0) 228/17A8 :        $engine.objects.core$AllocEffect$full:
(0) 229/17AC :        DeleteObject:
(0) 230/17B8 :        $diag4$engine.objects.core$raise:
(0) 231/1808 :        $diag4$engine.objects.core$skip:
(0) 232/1816 :        $diag5$engine.objects.core$raise:
(0) 233/186A :        $diag5$engine.objects.core$skip:
(0) 234/1878 :        $diag6$engine.objects.core$raise:
(0) 235/18C0 :        $diag6$engine.objects.core$skip:
(0) 236/18D8 :        $engine.objects.core$DeleteObject$no_cascade:
(0) 237/18EC :        $engine.objects.core$DeleteObject$check_effect:
(0) 238/18F2 :        $engine.objects.core$DeleteObject$effect_pool:
(0) 239/18FE :        $engine.objects.core$DeleteObject$dynamic_pool:
(0) 240/191C :        $engine.objects.core$DeleteObject$dyn_zero_scan:
(0) 241/1926 :        $engine.objects.core$DeleteObject$dyn_zero_hit:
(0) 242/1928 :        $engine.objects.core$DeleteObject$dyn_zero_pending:
(0) 243/1934 :        $engine.objects.core$DeleteObject$dyn_pend_scan:
(0) 244/193E :        $engine.objects.core$DeleteObject$dyn_pend_hit:
(0) 245/1940 :        $engine.objects.core$DeleteObject$dyn_zero_done:
(0) 246/1942 :        $engine.objects.core$DeleteObject$clear_slot:
(0) 247/1970 :        CompactDynamicLive:
(0) 248/197E :        $diag29$engine.objects.core$raise:
(0) 249/19CA :        $diag29$engine.objects.core$skip:
(0) 250/19E2 :        $diag30$engine.objects.core$raise:
(0) 251/1A34 :        $diag30$engine.objects.core$skip:
(0) 252/1A3A :        $engine.objects.core$CompactDynamicLive$loop:
(0) 253/1A46 :        $engine.objects.core$CompactDynamicLive$next:
(0) 254/1A4A :        $engine.objects.core$CompactDynamicLive$recount:
(0) 255/1A5E :        DrainDynamicPending:
(0) 256/1A74 :        $engine.objects.core$DrainDynamicPending$loop:
(0) 257/1A82 :        $engine.objects.core$DrainDynamicPending$next:
(0) 258/1A86 :        $engine.objects.core$DrainDynamicPending$clear:
(0) 259/1A96 :        $engine.objects.core$DrainDynamicPending$sweep_loop:
(0) 260/1A9C :        $engine.objects.core$DrainDynamicPending$sweep_next:
(0) 261/1AAE :        $diag32$engine.objects.core$raise:
(0) 262/1AF6 :        $diag32$engine.objects.core$skip:
(0) 263/1B06 :        $engine.objects.core$DrainDynamicPending$entry_check:
(0) 264/1B14 :        $diag33$engine.objects.core$raise:
(0) 265/1B64 :        $diag33$engine.objects.core$skip:
(0) 266/1B72 :        $diag34$engine.objects.core$raise:
(0) 267/1BC6 :        $diag34$engine.objects.core$skip:
(0) 268/1BCC :        $engine.objects.core$DrainDynamicPending$dbg_done:
(0) 269/1BCE :        RunObjects:
(0) 270/1C02 :        $engine.objects.core$RunObjects$reconcile:
(0) 271/1C0A :        $engine.objects.core$RunObjects$no_reconcile:
(0) 272/1C0C :        $engine.objects.core$RunObjects$always_loop:
(0) 273/1C0C :        $engine.objects.core$RunObjects$run_always:
(0) 274/1C1A :        $engine.objects.core$RunObjects$always_next:
(0) 275/1C24 :        $engine.objects.core$RunObjects$run_culled:
(0) 276/1C34 :        $engine.objects.core$RunObjects$culled_loop:
(0) 277/1C4A :        $engine.objects.core$asm36$abs:
(0) 278/1C5C :        $engine.objects.core$asm37$abs:
(0) 279/1C72 :        $engine.objects.core$RunObjects$culled_next:
(0) 280/1C76 :        $engine.objects.core$RunObjects$culled_done:
(0) 281/1C7C :        Debug_AssertObjLoop:
(0) 282/1C88 :        $diag39$engine.objects.core$raise:
(0) 283/1CD8 :        $diag39$engine.objects.core$skip:
(0) 284/1CE6 :        $diag40$engine.objects.core$raise:
(0) 285/1D3A :        $diag40$engine.objects.core$skip:
(0) 286/1D46 :        $diag41$engine.objects.core$raise:
(0) 287/1D98 :        $diag41$engine.objects.core$skip:
(0) 288/1D9C :        RunObjects_Frozen:
(0) 289/1DB6 :        $engine.objects.core$RunObjects_Frozen$frozen_dyn_loop:
(0) 290/1DC2 :        $engine.objects.core$RunObjects_Frozen$frozen_dyn_next:
(0) 291/1DC6 :        $engine.objects.core$RunObjects_Frozen$frozen_dyn_done:
(0) 292/1DD6 :        $engine.objects.core$RunObjects_Frozen$frozen_fixed:
(0) 293/1DD6 :        $engine.objects.core$RunObjects_Frozen$frozen_fixed_loop:
(0) 294/1DDC :        $engine.objects.core$RunObjects_Frozen$frozen_fixed_next:
(0) 295/1DE6 :        ObjectMove:
(0) 296/1E00 :        ObjectMoveX:
(0) 297/1E0E :        ObjectMoveY:
(0) 298/1E20 :        InitSpriteSystem:
(0) 299/1E34 :        Draw_Sprite:
(0) 300/1E46 :        $engine.objects.sprites$Draw_Sprite$no_parent:
(0) 301/1EA2 :        $engine.objects.sprites$Draw_Sprite$screen_coords:
(0) 302/1EC0 :        $engine.objects.sprites$Draw_Sprite$cascade:
(0) 303/1ECE :        $engine.objects.sprites$Draw_Sprite$band_has_room:
(0) 304/1EE8 :        $engine.objects.sprites$Draw_Sprite$all_bands_full:
(0) 305/1EEA :        $engine.objects.sprites$Draw_Sprite$offscreen:
(0) 306/1EF2 :        Render_Sprites:
(0) 307/1F06 :        $engine.objects.sprites$Render_Sprites$owner_clear:
(0) 308/1F2E :        $engine.objects.sprites$Render_Sprites$band_loop:
(0) 309/1F58 :        $engine.objects.sprites$Render_Sprites$reverse_band:
(0) 310/1F62 :        $engine.objects.sprites$Render_Sprites$object_loop:
(0) 311/1FA6 :        $diag3$engine.objects.sprites$raise:
(0) 312/1FEE :        $diag3$engine.objects.sprites$skip:
(0) 313/201A :        $engine.objects.sprites$Render_Sprites$screen_pos:
(0) 314/202A :        $engine.objects.sprites$Render_Sprites$have_pos:
(0) 315/205A :        $engine.objects.sprites$Render_Sprites$budget_ok:
(0) 316/2074 :        $engine.objects.sprites$Render_Sprites$multi_sprite:
(0) 317/2082 :        $engine.objects.sprites$Render_Sprites$sibling_loop:
(0) 318/20CE :        $engine.objects.sprites$Render_Sprites$child_screen_pos:
(0) 319/20DE :        $engine.objects.sprites$Render_Sprites$child_have_pos:
(0) 320/20F4 :        $engine.objects.sprites$Render_Sprites$sibling_advance:
(0) 321/20FA :        $engine.objects.sprites$Render_Sprites$multi_done:
(0) 322/20FC :        $engine.objects.sprites$Render_Sprites$next_object:
(0) 323/2102 :        $engine.objects.sprites$Render_Sprites$next_band:
(0) 324/2114 :        $engine.objects.sprites$Render_Sprites$no_mask_insert:
(0) 325/2120 :        $engine.objects.sprites$Render_Sprites$done:
(0) 326/2138 :        $engine.objects.sprites$Render_Sprites$chain_walk:
(0) 327/2150 :        $diag4$engine.objects.sprites$raise:
(0) 328/2198 :        $diag4$engine.objects.sprites$skip:
(0) 329/21B6 :        $engine.objects.sprites$Render_Sprites$empty_table:
(0) 330/21D8 :        $engine.objects.sprites$Render_Sprites$still_empty:
(0) 331/21DE :        $engine.objects.sprites$Render_Sprites$band_limit_pop:
(0) 332/21E4 :        CellOffsets_XFlip:
(0) 333/21F4 :        Emit_ObjectPieces:
(0) 334/220C :        $engine.objects.sprites$Emit_ObjectPieces$pieces_unflipped:
(0) 335/220E :        $engine.objects.sprites$asm6$piece_loop:
(0) 336/2232 :        $engine.objects.sprites$asm11$x_ok:
(0) 337/223E :        $engine.objects.sprites$Emit_ObjectPieces$pieces_xflip:
(0) 338/2240 :        $engine.objects.sprites$asm12$piece_loop:
(0) 339/2276 :        $engine.objects.sprites$asm17$x_ok:
(0) 340/2282 :        $engine.objects.sprites$Emit_ObjectPieces$pieces_yflip:
(0) 341/2284 :        $engine.objects.sprites$asm18$piece_loop:
(0) 342/22BA :        $engine.objects.sprites$asm23$x_ok:
(0) 343/22C6 :        $engine.objects.sprites$Emit_ObjectPieces$pieces_xyflip:
(0) 344/22C8 :        $engine.objects.sprites$asm24$piece_loop:
(0) 345/230C :        $engine.objects.sprites$asm29$x_ok:
(0) 346/2318 :        InsertSpriteMasks:
(0) 347/2322 :        $engine.objects.sprites$InsertSpriteMasks$mask_loop:
(0) 348/2352 :        $engine.objects.sprites$InsertSpriteMasks$masks_done:
(0) 349/2354 :        AnimateSprite:
(0) 350/238C :        $engine.objects.animate$asm1$rt_static:
(0) 351/23A4 :        $engine.objects.animate$AnimateSprite$set_frame:
(0) 352/23AC :        $engine.objects.animate$AnimateSprite$done:
(0) 353/23AE :        $engine.objects.animate$AnimateSprite$anim_changed:
(0) 354/23CA :        $engine.objects.animate$asm2$rt_static:
(0) 355/23DC :        $engine.objects.animate$AnimateSprite$control_code:
(0) 356/23F0 :        $engine.objects.animate$AnimateSprite$cc_table:
(0) 357/2414 :        $engine.objects.animate$AnimateSprite$cc_end:
(0) 358/2428 :        $engine.objects.animate$AnimateSprite$cc_back:
(0) 359/2438 :        $diag3$engine.objects.animate$raise:
(0) 360/2484 :        $diag3$engine.objects.animate$skip:
(0) 361/24A0 :        $engine.objects.animate$AnimateSprite$cc_change:
(0) 362/24AC :        $engine.objects.animate$AnimateSprite$cc_routine:
(0) 363/24B2 :        $engine.objects.animate$AnimateSprite$cc_delete:
(0) 364/24B6 :        $engine.objects.animate$AnimateSprite$evt_callback:
(0) 365/24D4 :        $engine.objects.animate$AnimateSprite$evt_cb_done:
(0) 366/24DC :        $engine.objects.animate$AnimateSprite$evt_sound:
(0) 367/24E8 :        $engine.objects.animate$AnimateSprite$evt_collision:
(0) 368/24F6 :        $engine.objects.animate$AnimateSprite$evt_set_field:
(0) 369/2506 :        $diag4$engine.objects.animate$raise:
(0) 370/255A :        $diag4$engine.objects.animate$skip:
(0) 371/2566 :        $diag5$engine.objects.animate$raise:
(0) 372/25BE :        $diag5$engine.objects.animate$skip:
(0) 373/25CA :        $engine.objects.animate$AnimateSprite$after_event:
(0) 374/25E0 :        RefreshSpritePieceCount:
(0) 375/2602 :        $engine.objects.animate$asm7$no_mappings:
(0) 376/2606 :        $engine.objects.animate$asm7$rpc_done:
(0) 377/2608 :        TouchResponse:
(0) 378/2612 :        $engine.objects.collision$TouchResponse$player_loop:
(0) 379/263C :        $engine.objects.collision$TouchResponse$dyn_loop:
(0) 380/2666 :        $engine.objects.collision$asm2$aov:
(0) 381/268A :        $engine.objects.collision$asm4$aov:
(0) 382/26B4 :        $engine.objects.collision$asm1$overlap_done:
(0) 383/26BC :        $engine.objects.collision$TouchResponse$dyn_next:
(0) 384/26C0 :        $engine.objects.collision$TouchResponse$dyn_done:
(0) 385/26CC :        $engine.objects.collision$TouchResponse$fixed_loop:
(0) 386/26F0 :        $engine.objects.collision$asm7$aov:
(0) 387/2714 :        $engine.objects.collision$asm9$aov:
(0) 388/273E :        $engine.objects.collision$asm6$overlap_done:
(0) 389/2746 :        $engine.objects.collision$TouchResponse$fixed_next:
(0) 390/274E :        $engine.objects.collision$TouchResponse$next_player:
(0) 391/275A :        Touch_HandlerTable:
(0) 392/278E :        Touch_Boss:
(0) 393/278E :        Touch_Bubble:
(0) 394/278E :        Touch_Enemy:
(0) 395/278E :        Touch_Monitor:
(0) 396/278E :        Touch_None:
(0) 397/278E :        Touch_Projectile:
(0) 398/278E :        Touch_Ring:
(0) 399/278E :        Touch_SolidBreak:
(0) 400/278E :        Touch_SolidHurt:
(0) 401/278E :        Touch_Spring:
(0) 402/278E :        Touch_Touch:
(0) 403/2790 :        Touch_Hurt:
(0) 404/2792 :        Touch_Solid:
(0) 405/279C :        $engine.objects.collision$asm25$abs:
(0) 406/27A6 :        $engine.objects.collision$asm26$abs:
(0) 407/27CC :        $engine.objects.collision$Touch_Solid$solid_top:
(0) 408/27F6 :        $engine.objects.collision$Touch_Solid$solid_side:
(0) 409/2806 :        $engine.objects.collision$Touch_Solid$solid_push_left:
(0) 410/280E :        $engine.objects.collision$Touch_Solid$solid_done:
(0) 411/2810 :        RingBuffer_Add:
(0) 412/2844 :        $engine.objects.rings$RingBuffer_Add$not_record:
(0) 413/284A :        $engine.objects.rings$RingBuffer_Add$full:
(0) 414/285C :        $diag1$engine.objects.rings$raise:
(0) 415/28A8 :        $diag1$engine.objects.rings$skip:
(0) 416/28B0 :        RingBuffer_Remove:
(0) 417/28E2 :        $engine.objects.rings$RingBuffer_Remove$done:
(0) 418/28E4 :        RingBuffer_Clear:
(0) 419/28F2 :        DrawRings:
(0) 420/290C :        $engine.objects.rings$DrawRings$frame_ok:
(0) 421/2910 :        $engine.objects.rings$DrawRings$no_anim_tick:
(0) 422/293E :        $engine.objects.rings$DrawRings$ring_loop:
(0) 423/2982 :        $engine.objects.rings$DrawRings$x_ok:
(0) 424/2984 :        $engine.objects.rings$DrawRings$skip_ring:
(0) 425/298A :        $engine.objects.rings$DrawRings$done:
(0) 426/298C :        RingCollision:
(0) 427/2994 :        $engine.objects.rings$RingCollision$player_loop:
(0) 428/29BA :        $engine.objects.rings$RingCollision$ring_loop:
(0) 429/29CE :        $engine.objects.rings$asm6$aov:
(0) 430/29EA :        $engine.objects.rings$asm8$aov:
(0) 431/2A10 :        $engine.objects.rings$RingCollision$no_loaded_bit:
(0) 432/2A1A :        $engine.objects.rings$RingCollision$no_hit:
(0) 433/2A20 :        $engine.objects.rings$RingCollision$next_player:
(0) 434/2A2A :        Collected_Init:
(0) 435/2A30 :        $engine.objects.entity_window$Collected_Init$loop:
(0) 436/2A66 :        $engine.objects.entity_window$Collected_Init$park_loop:
(0) 437/2A78 :        Collected_FindSlot:
(0) 438/2A7E :        $engine.objects.entity_window$Collected_FindSlot$scan:
(0) 439/2A8E :        $engine.objects.entity_window$Collected_FindSlot$found:
(0) 440/2A92 :        Collected_CheckRing:
(0) 441/2AA8 :        $diag4$engine.objects.entity_window$raise:
(0) 442/2AFE :        $diag4$engine.objects.entity_window$skip:
(0) 443/2B0A :        $engine.objects.entity_window$Collected_CheckRing$uncollected:
(0) 444/2B0E :        Collected_MarkRing:
(0) 445/2B24 :        $diag6$engine.objects.entity_window$raise:
(0) 446/2B7A :        $diag6$engine.objects.entity_window$skip:
(0) 447/2B84 :        $engine.objects.entity_window$Collected_MarkRing$done:
(0) 448/2B86 :        Killed_CheckObject:
(0) 449/2B9E :        $diag8$engine.objects.entity_window$raise:
(0) 450/2BF4 :        $diag8$engine.objects.entity_window$skip:
(0) 451/2C00 :        $engine.objects.entity_window$Killed_CheckObject$alive:
(0) 452/2C04 :        Killed_MarkObject:
(0) 453/2C20 :        $diag10$engine.objects.entity_window$raise:
(0) 454/2C76 :        $diag10$engine.objects.entity_window$skip:
(0) 455/2C92 :        $engine.objects.entity_window$Killed_MarkObject$markdone:
(0) 456/2C94 :        Collected_ClaimSlot:
(0) 457/2CA0 :        $engine.objects.entity_window$Collected_ClaimSlot$find:
(0) 458/2CB2 :        $engine.objects.entity_window$Collected_ClaimSlot$claim:
(0) 459/2CDC :        $engine.objects.entity_window$Collected_ClaimSlot$already_owned:
(0) 460/2CE0 :        Collected_ParkSlot:
(0) 461/2D04 :        $engine.objects.entity_window$Collected_ParkSlot$park:
(0) 462/2D0C :        $engine.objects.entity_window$Collected_ParkSlot$reuse_scan:
(0) 463/2D26 :        $engine.objects.entity_window$Collected_ParkSlot$index_step:
(0) 464/2D2E :        $engine.objects.entity_window$Collected_ParkSlot$index_done:
(0) 465/2D3E :        $engine.objects.entity_window$Collected_ParkSlot$write:
(0) 466/2D48 :        $engine.objects.entity_window$Collected_ParkSlot$copy_ring:
(0) 467/2D56 :        $engine.objects.entity_window$Collected_ParkSlot$copy_killed:
(0) 468/2D68 :        $engine.objects.entity_window$Collected_ParkSlot$dup_scan:
(0) 469/2D6E :        $engine.objects.entity_window$Collected_ParkSlot$dup_next:
(0) 470/2D82 :        $diag14$engine.objects.entity_window$raise:
(0) 471/2DCE :        $diag14$engine.objects.entity_window$skip:
(0) 472/2DD2 :        Collected_UnparkSlot:
(0) 473/2DD8 :        $engine.objects.entity_window$Collected_UnparkSlot$scan:
(0) 474/2DE6 :        $engine.objects.entity_window$Collected_UnparkSlot$hit:
(0) 475/2DF2 :        $engine.objects.entity_window$Collected_UnparkSlot$copy_ring:
(0) 476/2E00 :        $engine.objects.entity_window$Collected_UnparkSlot$copy_killed:
(0) 477/2E0A :        Collected_UpdateCenter:
(0) 478/2E18 :        $engine.objects.entity_window$Collected_UpdateCenter$div_center:
(0) 479/2E22 :        $engine.objects.entity_window$Collected_UpdateCenter$div_center_done:
(0) 480/2E28 :        $engine.objects.entity_window$Collected_UpdateCenter$slot_loop:
(0) 481/2E36 :        $engine.objects.entity_window$Collected_UpdateCenter$div_slot:
(0) 482/2E40 :        $engine.objects.entity_window$Collected_UpdateCenter$div_slot_done:
(0) 483/2E46 :        $engine.objects.entity_window$asm17$abs:
(0) 484/2E52 :        $engine.objects.entity_window$asm18$abs:
(0) 485/2E58 :        $engine.objects.entity_window$Collected_UpdateCenter$evict:
(0) 486/2E84 :        $engine.objects.entity_window$Collected_UpdateCenter$slot_next:
(0) 487/2E8E :        EntityLoaded_Test:
(0) 488/2E98 :        $diag21$engine.objects.entity_window$raise:
(0) 489/2EEE :        $diag21$engine.objects.entity_window$skip:
(0) 490/2F04 :        EntityLoaded_Set:
(0) 491/2F0E :        $diag23$engine.objects.entity_window$raise:
(0) 492/2F64 :        $diag23$engine.objects.entity_window$skip:
(0) 493/2F7A :        EntityLoaded_Clear:
(0) 494/2F84 :        $diag25$engine.objects.entity_window$raise:
(0) 495/2FDA :        $diag25$engine.objects.entity_window$skip:
(0) 496/2FF0 :        EntityWindow_EntryForSection:
(0) 497/2FF6 :        $engine.objects.entity_window$EntityWindow_EntryForSection$efs_loop:
(0) 498/300A :        $engine.objects.entity_window$EntityWindow_EntryForSection$efs_found:
(0) 499/300E :        EntityWindow_InitSection:
(0) 500/301A :        $diag28$engine.objects.entity_window$raise:
(0) 501/3062 :        $diag28$engine.objects.entity_window$skip:
(0) 502/3078 :        $engine.objects.entity_window$EntityWindow_InitSection$clear_mask:
(0) 503/307E :        $engine.objects.entity_window$EntityWindow_InitSection$same_section:
(0) 504/30B0 :        EntityWindow_DeriveWindow:
(0) 505/30C0 :        $engine.objects.entity_window$EntityWindow_DeriveWindow$x0_ok:
(0) 506/30CE :        $engine.objects.entity_window$EntityWindow_DeriveWindow$y0_ok:
(0) 507/30D4 :        EntityWindow_BuildEntries:
(0) 508/30F4 :        $engine.objects.entity_window$EntityWindow_BuildEntries$entry_loop:
(0) 509/3128 :        $engine.objects.entity_window$EntityWindow_BuildEntries$x_done:
(0) 510/3136 :        $engine.objects.entity_window$EntityWindow_BuildEntries$y_done:
(0) 511/314A :        $engine.objects.entity_window$EntityWindow_BuildEntries$void_entry:
(0) 512/3154 :        $engine.objects.entity_window$EntityWindow_BuildEntries$next_entry:
(0) 513/3166 :        EntityWindow_Init:
(0) 514/3178 :        $engine.objects.entity_window$EntityWindow_Init$clear_loaded:
(0) 515/3186 :        $engine.objects.entity_window$EntityWindow_Init$clear_scan:
(0) 516/31D0 :        EntityWindow_Scan:
(0) 517/31FC :        $engine.objects.entity_window$EntityWindow_Scan$no_rescan:
(0) 518/320C :        $engine.objects.entity_window$EntityWindow_Scan$slide:
(0) 519/3214 :        $engine.objects.entity_window$EntityWindow_Scan$no_slide:
(0) 520/321E :        $engine.objects.entity_window$EntityWindow_Scan$section_loop:
(0) 521/3230 :        $engine.objects.entity_window$EntityWindow_Scan$skip_rings:
(0) 522/323C :        $engine.objects.entity_window$EntityWindow_Scan$section_next:
(0) 523/323C :        $engine.objects.entity_window$EntityWindow_Scan$skip_objs:
(0) 524/3248 :        $engine.objects.entity_window$EntityWindow_Scan$scan_done:
(0) 525/3250 :        EntityWindow_TrySpawnRing:
(0) 526/32C8 :        $engine.objects.entity_window$EntityWindow_TrySpawnRing$nodup_scan:
(0) 527/32D6 :        $engine.objects.entity_window$EntityWindow_TrySpawnRing$nodup_hit:
(0) 528/32E2 :        $diag34$engine.objects.entity_window$raise:
(0) 529/332A :        $diag34$engine.objects.entity_window$skip:
(0) 530/332C :        $engine.objects.entity_window$EntityWindow_TrySpawnRing$nodup_ok:
(0) 531/3344 :        $engine.objects.entity_window$EntityWindow_TrySpawnRing$gated:
(0) 532/3348 :        $engine.objects.entity_window$EntityWindow_TrySpawnRing$out_of_band:
(0) 533/334A :        EntityWindow_ScanRingsRight:
(0) 534/335E :        $engine.objects.entity_window$EntityWindow_ScanRingsRight$loop:
(0) 535/3374 :        $engine.objects.entity_window$EntityWindow_ScanRingsRight$at_edge:
(0) 536/337C :        $engine.objects.entity_window$EntityWindow_ScanRingsRight$at_terminator:
(0) 537/3386 :        EntityWindow_PopulateSectionRings:
(0) 538/339E :        $engine.objects.entity_window$EntityWindow_PopulateSectionRings$pfind:
(0) 539/33B0 :        $engine.objects.entity_window$EntityWindow_PopulateSectionRings$pfound:
(0) 540/33B6 :        $engine.objects.entity_window$EntityWindow_PopulateSectionRings$ploop:
(0) 541/33C4 :        $engine.objects.entity_window$EntityWindow_PopulateSectionRings$pdone:
(0) 542/33C6 :        EntityWindow_TrySpawnObject:
(0) 543/33EC :        $engine.objects.entity_window$EntityWindow_TrySpawnObject$y_ok:
(0) 544/3458 :        $engine.objects.entity_window$EntityWindow_TrySpawnObject$tag_plain:
(0) 545/3474 :        $engine.objects.entity_window$EntityWindow_TrySpawnObject$gated:
(0) 546/3478 :        $engine.objects.entity_window$EntityWindow_TrySpawnObject$out_of_band:
(0) 547/347A :        EntityWindow_ScanObjectsRight:
(0) 548/3494 :        $engine.objects.entity_window$EntityWindow_ScanObjectsRight$obj_loop:
(0) 549/34A8 :        $engine.objects.entity_window$EntityWindow_ScanObjectsRight$obj_at_edge:
(0) 550/34B2 :        $engine.objects.entity_window$EntityWindow_ScanObjectsRight$obj_at_terminator:
(0) 551/34BE :        EntityWindow_RescanY:
(0) 552/34CA :        $engine.objects.entity_window$EntityWindow_RescanY$entry_loop:
(0) 553/34D6 :        $engine.objects.entity_window$EntityWindow_RescanY$entry_next:
(0) 554/34E2 :        $engine.objects.entity_window$EntityWindow_RescanY$done:
(0) 555/34E4 :        EntityWindow_RescanRings:
(0) 556/34F2 :        $engine.objects.entity_window$EntityWindow_RescanRings$loop:
(0) 557/3502 :        $engine.objects.entity_window$EntityWindow_RescanRings$done:
(0) 558/3504 :        EntityWindow_RescanObjects:
(0) 559/3514 :        $engine.objects.entity_window$EntityWindow_RescanObjects$loop:
(0) 560/3524 :        $engine.objects.entity_window$EntityWindow_RescanObjects$done:
(0) 561/3526 :        EntityWindow_DespawnRings:
(0) 562/3540 :        $engine.objects.entity_window$EntityWindow_DespawnRings$loop:
(0) 563/3558 :        $engine.objects.entity_window$EntityWindow_DespawnRings$check_active:
(0) 564/3574 :        $engine.objects.entity_window$EntityWindow_DespawnRings$check_y:
(0) 565/358C :        $engine.objects.entity_window$EntityWindow_DespawnRings$remove:
(0) 566/35A6 :        $engine.objects.entity_window$EntityWindow_DespawnRings$clr_ring_skip:
(0) 567/35AC :        $engine.objects.entity_window$EntityWindow_DespawnRings$next:
(0) 568/35B0 :        $engine.objects.entity_window$EntityWindow_DespawnRings$done:
(0) 569/35B2 :        EntityWindow_DespawnObjects:
(0) 570/35BA :        $engine.objects.entity_window$EntityWindow_DespawnObjects$have_live:
(0) 571/35C4 :        $engine.objects.entity_window$EntityWindow_DespawnObjects$loop:
(0) 572/35D6 :        $engine.objects.entity_window$EntityWindow_DespawnObjects$check_active:
(0) 573/35F2 :        $engine.objects.entity_window$EntityWindow_DespawnObjects$check_y:
(0) 574/3610 :        $engine.objects.entity_window$EntityWindow_DespawnObjects$despawn:
(0) 575/362E :        $engine.objects.entity_window$EntityWindow_DespawnObjects$clr_obj_skip:
(0) 576/363A :        $engine.objects.entity_window$EntityWindow_DespawnObjects$next:
(0) 577/3644 :        EntityWindow_MigrateMasks:
(0) 578/3646 :        $engine.objects.entity_window$EntityWindow_MigrateMasks$new_loop:
(0) 579/3666 :        $engine.objects.entity_window$EntityWindow_MigrateMasks$old_loop:
(0) 580/3674 :        $engine.objects.entity_window$EntityWindow_MigrateMasks$match:
(0) 581/3688 :        $engine.objects.entity_window$EntityWindow_MigrateMasks$copy:
(0) 582/368E :        $engine.objects.entity_window$EntityWindow_MigrateMasks$new_next:
(0) 583/3698 :        EntityWindow_Slide:
(0) 584/36B2 :        $engine.objects.entity_window$EntityWindow_Slide$snapshot:
(0) 585/3704 :        $diag46$engine.objects.entity_window$raise:
(0) 586/3748 :        $diag46$engine.objects.entity_window$skip:
(0) 587/374A :        $engine.objects.entity_window$EntityWindow_Slide$axis_ok:
(0) 588/3758 :        $engine.objects.entity_window$EntityWindow_Slide$populate_loop:
(0) 589/376A :        $engine.objects.entity_window$EntityWindow_Slide$old_id_scan:
(0) 590/3778 :        $engine.objects.entity_window$EntityWindow_Slide$populate_next:
(0) 591/3790 :        PopulateSpawnedPieceCount:
(0) 592/37B4 :        $engine.objects.children$asm1$no_mappings:
(0) 593/37B8 :        $engine.objects.children$asm1$rpc_done:
(0) 594/37BC :        CreateChild_Normal:
(0) 595/37CA :        $diag3$engine.objects.children$raise:
(0) 596/3812 :        $diag3$engine.objects.children$skip:
(0) 597/3820 :        $engine.objects.children$CreateChild_Normal$child_loop:
(0) 598/3872 :        $engine.objects.children$CreateChild_Normal$alloc_fail:
(0) 599/3874 :        $engine.objects.children$CreateChild_Normal$done:
(0) 600/387A :        CreateChild_Complex:
(0) 601/3886 :        $engine.objects.children$CreateChild_Complex$child_loop:
(0) 602/38F0 :        $engine.objects.children$CreateChild_Complex$alloc_fail:
(0) 603/38F2 :        $engine.objects.children$CreateChild_Complex$done:
(0) 604/38F8 :        CreateChild_FlipAware:
(0) 605/3904 :        $engine.objects.children$CreateChild_FlipAware$no_flip:
(0) 606/3910 :        $engine.objects.children$CreateChild_FlipAware$child_loop:
(0) 607/397E :        $engine.objects.children$CreateChild_FlipAware$rf_no_flip:
(0) 608/398E :        $engine.objects.children$CreateChild_FlipAware$alloc_fail:
(0) 609/3990 :        $engine.objects.children$CreateChild_FlipAware$done:
(0) 610/3996 :        CreateChild_Linked:
(0) 611/39A4 :        $diag13$engine.objects.children$raise:
(0) 612/39EC :        $diag13$engine.objects.children$skip:
(0) 613/3A08 :        $engine.objects.children$CreateChild_Linked$spawn_loop:
(0) 614/3A5A :        $engine.objects.children$CreateChild_Linked$first_child:
(0) 615/3A5E :        $engine.objects.children$CreateChild_Linked$linked:
(0) 616/3A68 :        $engine.objects.children$CreateChild_Linked$link_fail:
(0) 617/3A76 :        $engine.objects.children$CreateChild_Linked$done:
(0) 618/3A78 :        DeleteChildren:
(0) 619/3A84 :        $engine.objects.children$DeleteChildren$walk_chain:
(0) 620/3A94 :        $engine.objects.children$DeleteChildren$done:
(0) 621/3A96 :        CreateEffect_Normal:
(0) 622/3A9E :        $engine.objects.children$CreateEffect_Normal$effect_loop:
(0) 623/3AE6 :        $engine.objects.children$CreateEffect_Normal$alloc_fail:
(0) 624/3AE8 :        $engine.objects.children$CreateEffect_Normal$done:
(0) 625/3AEA :        CreateEffect_Simple:
(0) 626/3AFA :        $engine.objects.children$CreateEffect_Simple$spawn_loop:
(0) 627/3B28 :        $engine.objects.children$CreateEffect_Simple$done:
(0) 628/3B2A :        $engine.objects.children$CreateEffect_Simple$alloc_fail:
(0) 629/3B2C :        Load_Object:
(0) 630/3B94 :        $engine.objects.load_object$Load_Object$no_piece_count:
(0) 631/3B98 :        $engine.objects.load_object$Load_Object$alloc_fail:
(0) 632/3BA0 :        $engine.objects.load_object$Load_ObjectList$loop:
(0) 633/3BA0 :        Load_ObjectList:
(0) 634/3BB2 :        $engine.objects.load_object$Load_ObjectList$done:
(0) 635/3BB4 :        Plane_Buffer_Reset:
(0) 636/3BBC :        Draw_TileColumn:
(0) 637/3BF2 :        $engine.plane_buffer$Draw_TileColumn$col_nowrap:
(0) 638/3C50 :        $engine.plane_buffer$Draw_TileColumn$pA_clamp:
(0) 639/3C5C :        $engine.plane_buffer$Draw_TileColumn$pA_zero:
(0) 640/3C62 :        $engine.plane_buffer$Draw_TileColumn$pA_zend:
(0) 641/3C88 :        $engine.plane_buffer$Draw_TileColumn$pB_dok:
(0) 642/3C94 :        $engine.plane_buffer$Draw_TileColumn$pB_zfill:
(0) 643/3C9C :        $engine.plane_buffer$Draw_TileColumn$pB_allz:
(0) 644/3CA0 :        $engine.plane_buffer$Draw_TileColumn$pB_az:
(0) 645/3CA6 :        $engine.plane_buffer$Draw_TileColumn$no_pB:
(0) 646/3CA6 :        $engine.plane_buffer$Draw_TileColumn$pB_zend:
(0) 647/3CB4 :        $engine.plane_buffer$Draw_TileColumn$sz_ok:
(0) 648/3CBC :        $engine.plane_buffer$Draw_TileColumn$done:
(0) 649/3CBE :        $engine.plane_buffer$Draw_TileColumn$copy_col_run:
(0) 650/3CD8 :        $engine.plane_buffer$Draw_TileColumn$ccr_drain:
(0) 651/3CE6 :        $engine.plane_buffer$Draw_TileColumn$ccr_quad:
(0) 652/3CFC :        $engine.plane_buffer$Draw_TileColumn$ccr_rem_entry:
(0) 653/3D02 :        $engine.plane_buffer$Draw_TileColumn$ccr_rem:
(0) 654/3D0C :        $engine.plane_buffer$Draw_TileColumn$ccr_drained:
(0) 655/3D0E :        $engine.plane_buffer$Draw_TileColumn$ccr_ret:
(0) 656/3D10 :        Draw_TileRow_FromCache:
(0) 657/3D58 :        $engine.plane_buffer$Draw_TileRow_FromCache$row_nowrap:
(0) 658/3D78 :        $engine.plane_buffer$Draw_TileRow_FromCache$r_clamp_ok:
(0) 659/3DA0 :        $engine.plane_buffer$Draw_TileRow_FromCache$row_emit_done:
(0) 660/3DB0 :        $engine.plane_buffer$Draw_TileRow_FromCache$done:
(0) 661/3DB2 :        $engine.plane_buffer$Draw_TileRow_FromCache$emit_row_run:
(0) 662/3DBC :        $engine.plane_buffer$Draw_TileRow_FromCache$err_nonneg:
(0) 663/3DC6 :        $engine.plane_buffer$Draw_TileRow_FromCache$err_norm:
(0) 664/3DE0 :        $engine.plane_buffer$Draw_TileRow_FromCache$err_run1:
(0) 665/3DE6 :        $engine.plane_buffer$Draw_TileRow_FromCache$err_run1_tail:
(0) 666/3DEE :        $engine.plane_buffer$Draw_TileRow_FromCache$err_run1_done:
(0) 667/3DF0 :        $engine.plane_buffer$Draw_TileRow_FromCache$err_single:
(0) 668/3DF8 :        $engine.plane_buffer$Draw_TileRow_FromCache$err_run2:
(0) 669/3DFE :        $engine.plane_buffer$Draw_TileRow_FromCache$err_run2_tail:
(0) 670/3E06 :        $engine.plane_buffer$Draw_TileRow_FromCache$err_ret:
(0) 671/3E08 :        Draw_BG_TileColumn:
(0) 672/3E2E :        $engine.plane_buffer$Draw_BG_TileColumn$have_layout:
(0) 673/3E4A :        $engine.plane_buffer$Draw_BG_TileColumn$copy:
(0) 674/3E60 :        $engine.plane_buffer$Draw_BG_TileColumn$done:
(0) 675/3E62 :        VInt_DrawLevel:
(0) 676/3E72 :        $diag5$engine.plane_buffer$raise:
(0) 677/3EBE :        $diag5$engine.plane_buffer$skip:
(0) 678/3ED4 :        $engine.plane_buffer$VInt_DrawLevel$next:
(0) 679/3EEC :        $engine.plane_buffer$VInt_DrawLevel$drain_row:
(0) 680/3EF4 :        $engine.plane_buffer$VInt_DrawLevel$col_entry:
(0) 681/3F10 :        $engine.plane_buffer$VInt_DrawLevel$drain_col:
(0) 682/3F16 :        $engine.plane_buffer$VInt_DrawLevel$dc_tail:
(0) 683/3F20 :        $engine.plane_buffer$VInt_DrawLevel$done:
(0) 684/3F30 :        Tile_Cache_GetTile:
(0) 685/3F42 :        $engine.tile_cache$Tile_Cache_GetTile$col_nowrap:
(0) 686/3F54 :        $engine.tile_cache$Tile_Cache_GetTile$row_nowrap:
(0) 687/3F6C :        BlockStage_PtrTable:
(0) 688/3FAC :        TileCache_FindStagedBlock:
(0) 689/3FC4 :        $engine.tile_cache$TileCache_FindStagedBlock$chain:
(0) 690/3FDA :        $engine.tile_cache$TileCache_FindStagedBlock$miss:
(0) 691/3FDE :        $engine.tile_cache$TileCache_FindStagedBlock$hit:
(0) 692/3FF4 :        TileCache_InvalidateStaging:
(0) 693/3FFA :        $engine.tile_cache$TileCache_InvalidateStaging$inv:
(0) 694/4014 :        $engine.tile_cache$TileCache_InvalidateStaging$inv_maps:
(0) 695/4024 :        $engine.tile_cache$TileCache_InvalidateStaging$inv_bucket:
(0) 696/4036 :        $engine.tile_cache$TileCache_InvalidateStaging$inv_chain:
(0) 697/4060 :        $engine.tile_cache$TileCache_InvalidateStaging$inv_spec_ring:
(0) 698/4074 :        TileCache_DecompressBlock:
(0) 699/408E :        $engine.tile_cache$TileCache_DecompressBlock$rr_ok:
(0) 700/40B4 :        $engine.tile_cache$TileCache_DecompressBlock$idx_dup_step:
(0) 701/40BC :        $diag5$engine.tile_cache$raise:
(0) 702/4146 :        $engine.tile_cache$TileCache_DecompressBlock$idx_dup_next:
(0) 703/414E :        $engine.tile_cache$TileCache_DecompressBlock$idx_dup_ok:
(0) 704/416A :        $engine.tile_cache$TileCache_DecompressBlock$idx_unlink_step:
(0) 705/4186 :        $diag6$engine.tile_cache$raise:
(0) 706/4186 :        $engine.tile_cache$TileCache_DecompressBlock$idx_unlink_lost:
(0) 707/41F6 :        $engine.tile_cache$TileCache_DecompressBlock$idx_unlink_found:
(0) 708/4200 :        $engine.tile_cache$TileCache_DecompressBlock$idx_link:
(0) 709/42A4 :        $engine.tile_cache$TileCache_DecompressBlock$raw_direct:
(0) 710/42B4 :        $diag7$engine.tile_cache$raise:
(0) 711/430A :        $diag7$engine.tile_cache$skip:
(0) 712/431A :        $diag8$engine.tile_cache$raise:
(0) 713/435E :        $diag8$engine.tile_cache$skip:
(0) 714/4370 :        $engine.tile_cache$TileCache_DecompressBlock$empty_block:
(0) 715/4390 :        Blank_Local_Map:
(0) 716/4390 :        __align$engine.tile_cache$0:
(0) 717/4392 :        TileCache_CopyBlockColumn:
(0) 718/43A0 :        $engine.tile_cache$TileCache_CopyBlockColumn$col_nowrap:
(0) 719/43AE :        $engine.tile_cache$TileCache_CopyBlockColumn$row_nowrap:
(0) 720/43F0 :        $engine.tile_cache$TileCache_CopyBlockColumn$nt_one_run:
(0) 721/43F2 :        $engine.tile_cache$TileCache_CopyBlockColumn$nt_run2:
(0) 722/4428 :        $engine.tile_cache$TileCache_CopyBlockColumn$coll_run1:
(0) 723/444A :        $engine.tile_cache$TileCache_CopyBlockColumn$coll_one_run:
(0) 724/444C :        $engine.tile_cache$TileCache_CopyBlockColumn$coll_run2:
(0) 725/444E :        $engine.tile_cache$TileCache_CopyBlockColumn$coll_run2_loop:
(0) 726/4462 :        $engine.tile_cache$TileCache_CopyBlockColumn$done_coll:
(0) 727/4466 :        Tile_Cache_Init:
(0) 728/4476 :        $engine.tile_cache$Tile_Cache_Init$left_ok:
(0) 729/44D6 :        $engine.tile_cache$Tile_Cache_Init$top_ok:
(0) 730/44F6 :        TileCache_FillAll:
(0) 731/450C :        $engine.tile_cache$TileCache_FillAll$zero_nt:
(0) 732/451C :        $engine.tile_cache$TileCache_FillAll$zero_coll:
(0) 733/4542 :        $engine.tile_cache$TileCache_FillAll$block_row_loop:
(0) 734/4546 :        $engine.tile_cache$TileCache_FillAll$block_col_loop:
(0) 735/457C :        $engine.tile_cache$TileCache_FillAll$fill_copy_col:
(0) 736/4598 :        $engine.tile_cache$TileCache_FillAll$fill_no_clip:
(0) 737/45B6 :        $engine.tile_cache$TileCache_FillAll$fill_rows_ok:
(0) 738/45C8 :        $engine.tile_cache$TileCache_FillAll$fill_skip_col:
(0) 739/45F0 :        TileCache_WarmupBelowRow:
(0) 740/4616 :        $engine.tile_cache$TileCache_WarmupBelowRow$scan:
(0) 741/465A :        $engine.tile_cache$TileCache_WarmupBelowRow$next:
(0) 742/4660 :        $engine.tile_cache$TileCache_WarmupBelowRow$done:
(0) 743/4662 :        Tile_Cache_Fill:
(0) 744/4680 :        $engine.tile_cache$Tile_Cache_Fill$fg_on_time:
(0) 745/4684 :        $engine.tile_cache$Tile_Cache_Fill$fg_lag_done:
(0) 746/46C4 :        $engine.tile_cache$Tile_Cache_Fill$spec_rearm_test:
(0) 747/46CA :        $engine.tile_cache$Tile_Cache_Fill$spec_down:
(0) 748/46D2 :        $engine.tile_cache$Tile_Cache_Fill$spec_rearm:
(0) 749/46D8 :        $engine.tile_cache$Tile_Cache_Fill$spec_gate_done:
(0) 750/46E4 :        $engine.tile_cache$Tile_Cache_Fill$stall_wd_count:
(0) 751/46F0 :        $diag16$engine.tile_cache$raise:
(0) 752/4754 :        $engine.tile_cache$Tile_Cache_Fill$stall_wd_done:
(0) 753/47A6 :        $engine.tile_cache$Tile_Cache_Fill$row_pending_stale:
(0) 754/47AC :        $engine.tile_cache$Tile_Cache_Fill$no_row_pending:
(0) 755/47D0 :        $engine.tile_cache$Tile_Cache_Fill$pending_row_ok:
(0) 756/47DC :        $engine.tile_cache$Tile_Cache_Fill$pending_stale:
(0) 757/47E2 :        $engine.tile_cache$Tile_Cache_Fill$no_pending:
(0) 758/47F4 :        $engine.tile_cache$Tile_Cache_Fill$h_left_pos:
(0) 759/4816 :        $engine.tile_cache$Tile_Cache_Fill$h_clamp_ok:
(0) 760/481A :        $engine.tile_cache$Tile_Cache_Fill$h_right_fill:
(0) 761/4832 :        $engine.tile_cache$Tile_Cache_Fill$h_no_evict:
(0) 762/484A :        $engine.tile_cache$Tile_Cache_Fill$h_right_done:
(0) 763/4850 :        $engine.tile_cache$Tile_Cache_Fill$h_left_fill:
(0) 764/4866 :        $engine.tile_cache$Tile_Cache_Fill$h_no_evict_left:
(0) 765/4876 :        $engine.tile_cache$Tile_Cache_Fill$h_origin_ok:
(0) 766/488A :        $engine.tile_cache$Tile_Cache_Fill$h_left_done:
(0) 767/488A :        $engine.tile_cache$Tile_Cache_Fill$v_section:
(0) 768/489C :        $engine.tile_cache$Tile_Cache_Fill$v_top_pos:
(0) 769/48C2 :        $engine.tile_cache$Tile_Cache_Fill$v_clamp_ok:
(0) 770/48CA :        $engine.tile_cache$Tile_Cache_Fill$v_bottom_fill:
(0) 771/48E8 :        $engine.tile_cache$Tile_Cache_Fill$v_no_evict:
(0) 772/4902 :        $engine.tile_cache$Tile_Cache_Fill$v_bottom_done:
(0) 773/4908 :        $engine.tile_cache$Tile_Cache_Fill$v_top_fill:
(0) 774/492E :        $engine.tile_cache$Tile_Cache_Fill$v_no_evict_up:
(0) 775/4960 :        $engine.tile_cache$Tile_Cache_Fill$v_top_done:
(0) 776/4976 :        $engine.tile_cache$Tile_Cache_Fill$pfx_no_recent_lag:
(0) 777/497A :        $engine.tile_cache$Tile_Cache_Fill$pfx_gate_ok:
(0) 778/49C8 :        $engine.tile_cache$Tile_Cache_Fill$pfx_up:
(0) 779/49DA :        $engine.tile_cache$Tile_Cache_Fill$pfx_go:
(0) 780/4A40 :        $engine.tile_cache$Tile_Cache_Fill$pfx_scan_begin:
(0) 781/4A4A :        $engine.tile_cache$Tile_Cache_Fill$pfx_scan:
(0) 782/4A88 :        $engine.tile_cache$Tile_Cache_Fill$pfx_next:
(0) 783/4A8E :        $engine.tile_cache$Tile_Cache_Fill$pfx_stage:
(0) 784/4A98 :        $engine.tile_cache$Tile_Cache_Fill$pfx_record:
(0) 785/4AC0 :        $engine.tile_cache$Tile_Cache_Fill$row_done:
(0) 786/4AE2 :        $engine.tile_cache$Tile_Cache_Fill$cs_first_left:
(0) 787/4AE4 :        $engine.tile_cache$Tile_Cache_Fill$cs_first_set:
(0) 788/4AEE :        $engine.tile_cache$Tile_Cache_Fill$cs_have_latch:
(0) 789/4AF6 :        $engine.tile_cache$Tile_Cache_Fill$cs_opp_ready:
(0) 790/4B04 :        $engine.tile_cache$Tile_Cache_Fill$cs_accum_ok:
(0) 791/4B16 :        $engine.tile_cache$Tile_Cache_Fill$cs_latched:
(0) 792/4B30 :        $engine.tile_cache$Tile_Cache_Fill$cs_left:
(0) 793/4B40 :        $engine.tile_cache$Tile_Cache_Fill$cs_have_col:
(0) 794/4BBA :        $engine.tile_cache$Tile_Cache_Fill$cs_scan_begin:
(0) 795/4BC4 :        $engine.tile_cache$Tile_Cache_Fill$cs_scan:
(0) 796/4C02 :        $engine.tile_cache$Tile_Cache_Fill$cs_next:
(0) 797/4C08 :        $engine.tile_cache$Tile_Cache_Fill$cs_stage:
(0) 798/4C12 :        $engine.tile_cache$Tile_Cache_Fill$cs_record:
(0) 799/4C3A :        $engine.tile_cache$Tile_Cache_Fill$col_done:
(0) 800/4C88 :        $engine.tile_cache$Tile_Cache_Fill$fill_return:
(0) 801/4C8A :        TileCache_FillColumn:
(0) 802/4CA4 :        $engine.tile_cache$TileCache_FillColumn$fc_block_loop:
(0) 803/4CA4 :        $engine.tile_cache$TileCache_FillColumn$fc_from_top:
(0) 804/4CE6 :        $engine.tile_cache$TileCache_FillColumn$fc_have_block:
(0) 805/4D14 :        $engine.tile_cache$TileCache_FillColumn$fc_rows_ok:
(0) 806/4D34 :        $engine.tile_cache$TileCache_FillColumn$fc_budget_out:
(0) 807/4D60 :        $engine.tile_cache$TileCache_FillColumn$fc_no_xhold:
(0) 808/4D60 :        $engine.tile_cache$asm22$no_hold:
(0) 809/4D64 :        $engine.tile_cache$TileCache_FillColumn$fc_complete:
(0) 810/4D6E :        TileCache_FillRow:
(0) 811/4D88 :        $engine.tile_cache$TileCache_FillRow$fr_row_nowrap:
(0) 812/4D9E :        $engine.tile_cache$TileCache_FillRow$fr_no_coll:
(0) 813/4DCE :        $engine.tile_cache$TileCache_FillRow$fr_block_loop:
(0) 814/4DCE :        $engine.tile_cache$TileCache_FillRow$fr_from_left:
(0) 815/4E12 :        $engine.tile_cache$TileCache_FillRow$fr_have_block:
(0) 816/4E4C :        $engine.tile_cache$TileCache_FillRow$fr_iclo_done:
(0) 817/4E5C :        $engine.tile_cache$TileCache_FillRow$fr_ichi_head:
(0) 818/4E6C :        $engine.tile_cache$TileCache_FillRow$fr_ichi_done:
(0) 819/4E94 :        $engine.tile_cache$TileCache_FillRow$fr_nt_ncalc:
(0) 820/4EA0 :        $engine.tile_cache$TileCache_FillRow$fr_nt_emit:
(0) 821/4EC4 :        $engine.tile_cache$TileCache_FillRow$fr_nt_empty:
(0) 822/4EE8 :        $engine.tile_cache$TileCache_FillRow$fr_ci_iclo:
(0) 823/4EF8 :        $engine.tile_cache$TileCache_FillRow$fr_ci_head:
(0) 824/4F08 :        $engine.tile_cache$TileCache_FillRow$fr_ci_ichi:
(0) 825/4F2E :        $engine.tile_cache$TileCache_FillRow$fr_ci_ncalc:
(0) 826/4F3A :        $engine.tile_cache$TileCache_FillRow$fr_ci_emit:
(0) 827/4F4E :        $engine.tile_cache$TileCache_FillRow$fr_ci_run1:
(0) 828/4F68 :        $engine.tile_cache$TileCache_FillRow$fr_ci_run2:
(0) 829/4F70 :        $engine.tile_cache$TileCache_FillRow$fr_next_block:
(0) 830/4F86 :        $engine.tile_cache$TileCache_FillRow$fr_budget_out:
(0) 831/4FB4 :        $engine.tile_cache$TileCache_FillRow$fr_no_yhold:
(0) 832/4FB4 :        $engine.tile_cache$asm27$no_hold:
(0) 833/4FB8 :        $engine.tile_cache$TileCache_FillRow$fr_done:
(0) 834/4FC4 :        $engine.tile_cache$TileCache_FillRow$fr_early_out:
(0) 835/4FC8 :        TileCache_HSlide:
(0) 836/4FE0 :        $engine.tile_cache$TileCache_HSlide$nowrap:
(0) 837/4FE4 :        $engine.tile_cache$TileCache_HSlide$done:
(0) 838/4FE6 :        TileCache_VSlide:
(0) 839/4FFC :        $engine.tile_cache$TileCache_VSlide$vslide_nowrap:
(0) 840/5000 :        $engine.tile_cache$TileCache_VSlide$vslide_done:
(0) 841/5002 :        TileCache_VSlideUp:
(0) 842/5016 :        $engine.tile_cache$TileCache_VSlideUp$vsu_nowrap:
(0) 843/501A :        $engine.tile_cache$TileCache_VSlideUp$vsu_done:
(0) 844/5020 :        Collision_GetType:
(0) 845/5040 :        $engine.collision_lookup$Collision_GetType$col_nowrap:
(0) 846/5066 :        $engine.collision_lookup$Collision_GetType$row_nowrap:
(0) 847/5078 :        $engine.collision_lookup$Collision_GetType$plane_selected:
(0) 848/5084 :        $engine.collision_lookup$Collision_GetType$cgt_air:
(0) 849/5088 :        Section_Init:
(0) 850/5094 :        Section_FillInitial:
(0) 851/50BE :        Section_FlatIDXY:
(0) 852/50C8 :        $engine.section$Section_FlatIDXY$fxy_mul:
(0) 853/50D0 :        $engine.section$Section_FlatIDXY$fxy_add_x:
(0) 854/50D8 :        Section_GetSecPtrXY:
(0) 855/5108 :        $engine.section$Section_GetSecPtrXY$out_of_range:
(0) 856/510E :        Section_RedrawPlanes:
(0) 857/5130 :        $diag5$engine.section$raise:
(0) 858/517C :        $diag5$engine.section$skip:
(0) 859/5186 :        $engine.section$asm6$wait_z80:
(0) 860/51AC :        $engine.section$Section_RedrawPlanes$pla_fill:
(0) 861/51DE :        $engine.section$Section_RedrawPlanes$col_nowrap:
(0) 862/5224 :        $engine.section$Section_RedrawPlanes$pA_clamp:
(0) 863/522A :        $engine.section$Section_RedrawPlanes$pA_data:
(0) 864/5238 :        $engine.section$Section_RedrawPlanes$pa_nowrap:
(0) 865/523C :        $engine.section$Section_RedrawPlanes$pA_dskip:
(0) 866/5246 :        $engine.section$Section_RedrawPlanes$pA_zero:
(0) 867/524C :        $engine.section$Section_RedrawPlanes$pA_zskip:
(0) 868/5278 :        $engine.section$Section_RedrawPlanes$pB_dok:
(0) 869/527C :        $engine.section$Section_RedrawPlanes$pB_data:
(0) 870/528A :        $engine.section$Section_RedrawPlanes$pb_nowrap:
(0) 871/5298 :        $engine.section$Section_RedrawPlanes$pB_zfill:
(0) 872/52A0 :        $engine.section$Section_RedrawPlanes$pB_allz:
(0) 873/52A6 :        $engine.section$Section_RedrawPlanes$pB_az:
(0) 874/52AC :        $engine.section$Section_RedrawPlanes$pB_skip:
(0) 875/52AE :        $engine.section$Section_RedrawPlanes$pla_next:
(0) 876/52DA :        $engine.section$Section_RedrawPlanes$plb_use_act_layout:
(0) 877/52E4 :        $engine.section$Section_RedrawPlanes$plb_have_layout:
(0) 878/52EA :        $engine.section$Section_RedrawPlanes$plb_col:
(0) 879/5306 :        $engine.section$Section_RedrawPlanes$plb_word:
(0) 880/5314 :        $engine.section$Section_RedrawPlanes$plb_done:
(0) 881/532C :        $engine.section$Section_RedrawPlanes$track_left_ok:
(0) 882/5332 :        Section_UpdateColumns:
(0) 883/5356 :        $engine.section$Section_UpdateColumns$not_dirty:
(0) 884/537C :        $engine.section$Section_UpdateColumns$right_clamp_ok:
(0) 885/5386 :        $engine.section$Section_UpdateColumns$right_cache_ok:
(0) 886/5394 :        $engine.section$Section_UpdateColumns$right_wrap_ok:
(0) 887/5398 :        $engine.section$Section_UpdateColumns$right_loop:
(0) 888/53B8 :        $engine.section$Section_UpdateColumns$right_done:
(0) 889/53CC :        $engine.section$Section_UpdateColumns$right_done_cache_ok:
(0) 890/53D6 :        $engine.section$Section_UpdateColumns$left_clamp_skip:
(0) 891/53E4 :        $engine.section$Section_UpdateColumns$left_cache_ok:
(0) 892/53F6 :        $engine.section$Section_UpdateColumns$left_wrap_ok:
(0) 893/53FA :        $engine.section$Section_UpdateColumns$left_loop:
(0) 894/541A :        $engine.section$Section_UpdateColumns$left_done:
(0) 895/542E :        $engine.section$Section_UpdateColumns$left_done_cache_ok:
(0) 896/5438 :        $engine.section$Section_UpdateColumns$right_clamp_skip2:
(0) 897/5450 :        $engine.section$Section_UpdateColumns$bot_cache_ok:
(0) 898/5454 :        $engine.section$Section_UpdateColumns$bot_loop:
(0) 899/5474 :        $engine.section$Section_UpdateColumns$bot_done:
(0) 900/5488 :        $engine.section$Section_UpdateColumns$bot_done_cache_ok:
(0) 901/5492 :        $engine.section$Section_UpdateColumns$top_row_clamp_skip:
(0) 902/54A0 :        $engine.section$Section_UpdateColumns$top_cache_ok:
(0) 903/54A4 :        $engine.section$Section_UpdateColumns$top_loop:
(0) 904/54C4 :        $engine.section$Section_UpdateColumns$top_done:
(0) 905/54D8 :        $engine.section$Section_UpdateColumns$top_done_cache_ok:
(0) 906/54E2 :        $engine.section$Section_UpdateColumns$bot_row_clamp_skip:
(0) 907/54F0 :        Camera_Init:
(0) 908/5564 :        $engine.camera$asm2$min_ok:
(0) 909/556E :        $engine.camera$asm2$clamp:
(0) 910/5582 :        $engine.camera$asm4$min_ok:
(0) 911/558C :        $engine.camera$asm4$clamp:
(0) 912/5596 :        Camera_Update:
(0) 913/55A0 :        $engine.camera$Camera_Update$no_clamp_count:
(0) 914/55B0 :        $engine.camera$Camera_Update$no_freeze:
(0) 915/55EC :        $engine.camera$Camera_Update$x_scroll_right:
(0) 916/55F6 :        $engine.camera$Camera_Update$apply_x:
(0) 917/5602 :        $engine.camera$Camera_Update$x_done:
(0) 918/5606 :        $engine.camera$Camera_Update$x_clamp:
(0) 919/560E :        $engine.camera$asm7$min_ok:
(0) 920/5618 :        $engine.camera$asm7$clamp:
(0) 921/5620 :        $engine.camera$Camera_Update$y_track:
(0) 922/5642 :        $engine.camera$Camera_Update$no_curl_comp:
(0) 923/565C :        $engine.camera$Camera_Update$check_down:
(0) 924/565C :        $engine.camera$Camera_Update$down_ok:
(0) 925/5664 :        $engine.camera$Camera_Update$apply_y:
(0) 926/566E :        $engine.camera$Camera_Update$y_step_hi_ok:
(0) 927/5678 :        $engine.camera$Camera_Update$y_step_lo_ok:
(0) 928/5684 :        $engine.camera$Camera_Update$clamp_y:
(0) 929/5688 :        $engine.camera$Camera_Update$y_clamp:
(0) 930/5690 :        $engine.camera$asm9$min_ok:
(0) 931/569A :        $engine.camera$asm9$clamp:
(0) 932/56A8 :        Parallax_Init:
(0) 933/56B2 :        $engine.parallax$Parallax_Init$zero:
(0) 934/56D2 :        Parallax_CheckBoundary:
(0) 935/56F6 :        $engine.parallax$Parallax_CheckBoundary$crossed:
(0) 936/5712 :        $diag2$engine.parallax$raise:
(0) 937/579A :        $engine.parallax$Parallax_CheckBoundary$have_preset:
(0) 938/57A0 :        $engine.parallax$Parallax_CheckBoundary$no_crossing:
(0) 939/57A2 :        Parallax_StartTransition:
(0) 940/57B4 :        $engine.parallax$Parallax_StartTransition$instant:
(0) 941/57CC :        $engine.parallax$Parallax_StartTransition$update_mode:
(0) 942/57CE :        $engine.parallax$Parallax_StartTransition$v_done:
(0) 943/57D2 :        $engine.parallax$Parallax_StartTransition$no_change:
(0) 944/57D4 :        $engine.parallax$Parallax_StartTransition$recross_current:
(0) 945/57F0 :        Parallax_Active_Config:
(0) 946/57F6 :        Vscroll_Write:
(0) 947/5808 :        $engine.parallax$Vscroll_Write$whole_plane:
(0) 948/5810 :        Parallax_Update:
(0) 949/582E :        $engine.parallax$Parallax_Update$use_target:
(0) 950/5834 :        $engine.parallax$Parallax_Update$use_current:
(0) 951/5838 :        $engine.parallax$Parallax_Update$config_resolved:
(0) 952/584A :        $engine.parallax$Parallax_Update$mode3_shadow:
(0) 953/586C :        $engine.parallax$asm8$wait_z80:
(0) 954/588C :        $engine.parallax$Parallax_Update$mode3_reg_live:
(0) 955/58B2 :        $engine.parallax$Parallax_Update$band_loop:
(0) 956/58E0 :        $engine.parallax$Parallax_Update$snap_b:
(0) 957/58E2 :        $engine.parallax$Parallax_Update$write_b:
(0) 958/58E8 :        $engine.parallax$Parallax_Update$band_disabled:
(0) 959/58EC :        $engine.parallax$Parallax_Update$band_done:
(0) 960/5904 :        $engine.parallax$Parallax_Update$no_config:
(0) 961/5906 :        Parallax_Step4_Fill:
(0) 962/591A :        $engine.parallax$Parallax_Step4_Fill$find_k:
(0) 963/592E :        $engine.parallax$Parallax_Step4_Fill$found_k:
(0) 964/5942 :        $engine.parallax$Parallax_Step4_Fill$copy_band:
(0) 965/596C :        $engine.parallax$Parallax_Step4_Fill$not_first:
(0) 966/5974 :        $engine.parallax$Parallax_Step4_Fill$clamp_top:
(0) 967/597E :        $engine.parallax$Parallax_Step4_Fill$write_top:
(0) 968/599E :        $engine.parallax$Parallax_Step4_Fill$no_wrap:
(0) 969/59AE :        $engine.parallax$Parallax_Step4_Fill$bands_ready:
(0) 970/59C6 :        Parallax_Step5_Vscroll:
(0) 971/59EC :        $engine.parallax$Parallax_Step5_Vscroll$v_snap:
(0) 972/59F0 :        $engine.parallax$Parallax_Step5_Vscroll$v_locked:
(0) 973/59F4 :        $engine.parallax$Parallax_Step5_Vscroll$v_pack:
(0) 974/5A00 :        $engine.parallax$Parallax_Step5_Vscroll$v_done:
(0) 975/5A04 :        Decode_Factor_A:
(0) 976/5A32 :        $engine.parallax$Decode_Factor_A$a_sub:
(0) 977/5A34 :        $engine.parallax$Decode_Factor_A$a_pop_d3:
(0) 978/5A36 :        $engine.parallax$Decode_Factor_A$negate:
(0) 979/5A3A :        $engine.parallax$Decode_Factor_A$locked:
(0) 980/5A3E :        Decode_Factor_B:
(0) 981/5A6C :        $engine.parallax$Decode_Factor_B$b_sub:
(0) 982/5A6E :        $engine.parallax$Decode_Factor_B$b_pop_d3:
(0) 983/5A70 :        $engine.parallax$Decode_Factor_B$negate:
(0) 984/5A74 :        $engine.parallax$Decode_Factor_B$locked:
(0) 985/5A78 :        Parallax_Fill_PerLine:
(0) 986/5A82 :        $engine.parallax$Parallax_Fill_PerLine$next_band:
(0) 987/5A8E :        $engine.parallax$Parallax_Fill_PerLine$have_end:
(0) 988/5A94 :        $engine.parallax$Parallax_Fill_PerLine$lp_flat:
(0) 989/5AA8 :        $engine.parallax$Parallax_Fill_PerLine$fl_line:
(0) 990/5ABC :        $engine.parallax$Parallax_Fill_PerLine$fl_tail:
(0) 991/5AC2 :        $engine.parallax$Parallax_Fill_PerLine$fl_rem:
(0) 992/5AC8 :        $engine.parallax$Parallax_Fill_PerLine$band_done:
(0) 993/5ADC :        Raster_Install:
(0) 994/5AE2 :        Raster_VBlank:
(0) 995/5B06 :        $engine.effects.raster$Raster_VBlank$copy_program:
(0) 996/5B1E :        $engine.effects.raster$Raster_VBlank$copy:
(0) 997/5B24 :        $engine.effects.raster$Raster_VBlank$no_install:
(0) 998/5B4A :        $engine.effects.raster$Raster_VBlank$done:
(0) 999/5B4C :        Raster_HInt:
(0) 1000/5B78 :        $engine.effects.raster$Raster_HInt$op_loop:
(0) 1001/5B9C :        $engine.effects.raster$Raster_HInt$op_reg:
(0) 1002/5BA4 :        $engine.effects.raster$Raster_HInt$op_cram:
(0) 1003/5BA8 :        $engine.effects.raster$Raster_HInt$cram_delay:
(0) 1004/5BAE :        $engine.effects.raster$Raster_HInt$cram_loop:
(0) 1005/5BBC :        $engine.effects.raster$Raster_HInt$op_region:
(0) 1006/5BC0 :        $engine.effects.raster$Raster_HInt$region_delay:
(0) 1007/5BCC :        $engine.effects.raster$Raster_HInt$region_loop:
(0) 1008/5BE2 :        $engine.effects.raster$Raster_HInt$op_run_gradient:
(0) 1009/5BF6 :        $engine.effects.raster$Raster_HInt$op_run_ramp:
(0) 1010/5C0C :        $engine.effects.raster$Raster_HInt$advance:
(0) 1011/5C14 :        $engine.effects.raster$Raster_HInt$priming:
(0) 1012/5C24 :        $engine.effects.raster$Raster_HInt$op_pal_restore:
(0) 1013/5C28 :        $engine.effects.raster$Raster_HInt$restore_delay:
(0) 1014/5C34 :        $engine.effects.raster$Raster_HInt$restore_loop:
(0) 1015/5C4A :        $engine.effects.raster$Raster_HInt$dense_body:
(0) 1016/5C70 :        $engine.effects.raster$Raster_HInt$ramp_body:
(0) 1017/5C90 :        $engine.effects.raster$Raster_HInt$dense_end:
(0) 1018/5C94 :        $engine.effects.raster$Raster_HInt$park:
(0) 1019/5C98 :        $engine.effects.raster$Raster_HInt$out:
(0) 1020/5C9E :        Raster_Program_None:
(0) 1021/5CA4 :        Raster_InstallPatched:
(0) 1022/5CCA :        $engine.effects.raster$Raster_InstallPatched$no_ship:
(0) 1023/5CCC :        $engine.effects.raster$Raster_InstallPatched$ship_done:
(0) 1024/5CE8 :        $engine.effects.raster$Raster_InstallPatched$no_build:
(0) 1025/5CEE :        Raster_BuildShipEntry:
(0) 1026/5D2A :        Raster_BuildSchedule:
(0) 1027/5D46 :        $engine.effects.raster$Raster_BuildSchedule$dst_ready:
(0) 1028/5D5E :        $engine.effects.raster$Raster_BuildSchedule$entry:
(0) 1029/5D7E :        $engine.effects.raster$Raster_BuildSchedule$have_line:
(0) 1030/5DA8 :        $engine.effects.raster$Raster_BuildSchedule$copy:
(0) 1031/5DAE :        $engine.effects.raster$Raster_BuildSchedule$next:
(0) 1032/5DDA :        $engine.effects.raster$Raster_BuildSchedule$swap:
(0) 1033/5DDE :        $engine.effects.raster$Raster_BuildSchedule$none:
(0) 1034/5DE0 :        $engine.effects.raster$Raster_BuildSchedule$suppress:
(0) 1035/5DE4 :        Raster_GetChannelBand:
(0) 1036/5DEC :        Effects_LatchWorldLines:
(0) 1037/5DFA :        $engine.effects.raster$Effects_LatchWorldLines$ch:
(0) 1038/5E06 :        Effects_SetWorldY:
(0) 1039/5E16 :        Palette_LoadPal:
(0) 1040/5E22 :        $engine.effects.palette$Palette_LoadPal$copy_base:
(0) 1041/5E3C :        $engine.effects.palette$Palette_LoadPal$load_target:
(0) 1042/5E46 :        $engine.effects.palette$Palette_LoadPal$copy_target:
(0) 1043/5E5A :        Palette_ArmFade:
(0) 1044/5E62 :        Palette_SetOp:
(0) 1045/5E78 :        Palette_SetVariant:
(0) 1046/5E9E :        $engine.effects.palette$Palette_SetVariant$none:
(0) 1047/5EA0 :        Palette_LoadCycle:
(0) 1048/5EC2 :        $engine.effects.palette$Palette_LoadCycle$zero:
(0) 1049/5EC8 :        $engine.effects.palette$Palette_LoadCycle$done:
(0) 1050/5ECA :        Palette_Compose:
(0) 1051/5ED2 :        $engine.effects.palette$Palette_Compose$work:
(0) 1052/5EF2 :        $engine.effects.palette$Palette_Compose$base_copy:
(0) 1053/5F00 :        $engine.effects.palette$Palette_Compose$cycling:
(0) 1054/5F0A :        $engine.effects.palette$Palette_Compose$fade:
(0) 1055/5F14 :        $engine.effects.palette$Palette_Compose$operators:
(0) 1056/5F1E :        $engine.effects.palette$Palette_Compose$variants:
(0) 1057/5F38 :        $engine.effects.palette$Palette_Compose$done:
(0) 1058/5F3A :        Palette_DoCycle:
(0) 1059/5F4C :        $engine.effects.palette$Palette_DoCycle$chan:
(0) 1060/5F68 :        $engine.effects.palette$Palette_DoCycle$wait:
(0) 1061/5F6C :        $engine.effects.palette$Palette_DoCycle$next:
(0) 1062/5F72 :        $engine.effects.palette$Palette_DoCycle$ret:
(0) 1063/5F80 :        $engine.effects.palette$Palette_DoCycle$ret_quiet:
(0) 1064/5F82 :        Palette_RotateSpan:
(0) 1065/5FB0 :        $engine.effects.palette$Palette_RotateSpan$fwd:
(0) 1066/5FBC :        $engine.effects.palette$Palette_RotateSpan$rev:
(0) 1067/5FC4 :        $engine.effects.palette$Palette_RotateSpan$rup:
(0) 1068/5FCE :        $engine.effects.palette$Palette_RotateSpan$done:
(0) 1069/5FD0 :        Palette_DoFade:
(0) 1070/5FE4 :        $engine.effects.palette$Palette_DoFade$snap:
(0) 1071/6004 :        $engine.effects.palette$Palette_DoFade$step_frame:
(0) 1072/600E :        $engine.effects.palette$Palette_DoFade$noskip:
(0) 1073/601A :        $engine.effects.palette$Palette_DoFade$word:
(0) 1074/603A :        $engine.effects.palette$asm10$st_up:
(0) 1075/603C :        $engine.effects.palette$asm10$st_end:
(0) 1076/605A :        $engine.effects.palette$asm11$st_up:
(0) 1077/605C :        $engine.effects.palette$asm11$st_end:
(0) 1078/607E :        $engine.effects.palette$asm12$st_up:
(0) 1079/6080 :        $engine.effects.palette$asm12$st_end:
(0) 1080/609A :        Palette_DoOperator:
(0) 1081/60CA :        $engine.effects.palette$Palette_DoOperator$neg_xor:
(0) 1082/60DE :        $engine.effects.palette$Palette_DoOperator$neg_tick:
(0) 1083/60EA :        $engine.effects.palette$Palette_DoOperator$fade_dir:
(0) 1084/6102 :        $engine.effects.palette$Palette_DoOperator$have_tgt:
(0) 1085/610A :        $engine.effects.palette$Palette_DoOperator$fw_word:
(0) 1086/6122 :        $engine.effects.palette$asm16$st_up:
(0) 1087/6124 :        $engine.effects.palette$asm16$st_end:
(0) 1088/613C :        $engine.effects.palette$asm17$st_up:
(0) 1089/613E :        $engine.effects.palette$asm17$st_end:
(0) 1090/6158 :        $engine.effects.palette$asm18$st_up:
(0) 1091/615A :        $engine.effects.palette$asm18$st_end:
(0) 1092/6184 :        $engine.effects.palette$Palette_DoOperator$ret:
(0) 1093/6186 :        $engine.effects.palette$Palette_DoOperator$white_flash:
(0) 1094/618E :        $engine.effects.palette$Palette_DoOperator$wf_fill:
(0) 1095/61A8 :        $engine.effects.palette$Palette_DoOperator$op_done_restore:
(0) 1096/61C8 :        Palette_DoVariants:
(0) 1097/61D6 :        $engine.effects.palette$Palette_DoVariants$slot1:
(0) 1098/61E4 :        $engine.effects.palette$Palette_DoVariants$ret:
(0) 1099/61E6 :        Palette_DeriveVariant:
(0) 1100/61EC :        $engine.effects.palette$Palette_DeriveVariant$line:
(0) 1101/6202 :        $engine.effects.palette$Palette_DeriveVariant$entry:
(0) 1102/6222 :        $engine.effects.palette$asm23$cl_pos:
(0) 1103/622A :        $engine.effects.palette$asm23$cl_end:
(0) 1104/624C :        $engine.effects.palette$asm24$cl_pos:
(0) 1105/6254 :        $engine.effects.palette$asm24$cl_end:
(0) 1106/6278 :        $engine.effects.palette$asm25$cl_pos:
(0) 1107/6280 :        $engine.effects.palette$asm25$cl_end:
(0) 1108/628C :        $engine.effects.palette$Palette_DeriveVariant$next_line:
(0) 1109/6298 :        Pal_Cycle_None:
(0) 1110/629A :        Effects_ResolveParallax:
(0) 1111/62A6 :        $engine.effects.preset$Effects_ResolveParallax$no_sec_binding:
(0) 1112/62BA :        $engine.effects.preset$Effects_ResolveParallax$act_default:
(0) 1113/62C2 :        $engine.effects.preset$Effects_ResolveParallax$have_config:
(0) 1114/62C4 :        Effects_InstallPreset:
(0) 1115/62DC :        $engine.effects.preset$Effects_InstallPreset$seed_anchor:
(0) 1116/62F0 :        $engine.effects.preset$Effects_InstallPreset$no_fade_arm:
(0) 1117/6310 :        $engine.effects.preset$Effects_InstallPreset$variant0_same:
(0) 1118/6322 :        $engine.effects.preset$Effects_InstallPreset$variant1_same:
(0) 1119/6332 :        $engine.effects.preset$Effects_InstallPreset$no_patch:
(0) 1120/6340 :        $engine.effects.preset$Effects_InstallPreset$have_raster:
(0) 1121/6344 :        $engine.effects.preset$Effects_InstallPreset$raster_done:
(0) 1122/6360 :        Level_LoadArt:
(0) 1123/638C :        $engine.load_art$Level_LoadArt$streaming_pool:
(0) 1124/63A6 :        $engine.load_art$Level_LoadArt$enq_loop:
(0) 1125/63BA :        $engine.load_art$Level_LoadArt$enq_next:
(0) 1126/63BE :        $engine.load_art$Level_LoadArt$drain_wait:
(0) 1127/63E8 :        $engine.load_art$Level_LoadArt$bg:
(0) 1128/6402 :        $engine.load_art$Level_LoadArt$direct_scan:
(0) 1129/640C :        $engine.load_art$Level_LoadArt$direct_ok:
(0) 1130/6410 :        $engine.load_art$Level_LoadArt$no_direct:
(0) 1131/6418 :        PageIn_Process:
(0) 1132/6444 :        $engine.page_in$PageIn_Process$lag_ontime:
(0) 1133/644C :        $engine.page_in$PageIn_Process$frame_ticked:
(0) 1134/6490 :        $engine.page_in$PageIn_Process$gate_reset:
(0) 1135/6494 :        $engine.page_in$PageIn_Process$start:
(0) 1136/64A2 :        $diag1$engine.page_in$raise:
(0) 1137/64EE :        $engine.page_in$PageIn_Process$page_id_ok:
(0) 1138/6504 :        $engine.page_in$PageIn_Process$no_base_check:
(0) 1139/6558 :        $diag2$engine.page_in$raise:
(0) 1140/65AE :        $diag2$engine.page_in$skip:
(0) 1141/65C6 :        $engine.page_in$PageIn_Process$raw:
(0) 1142/65CE :        $diag3$engine.page_in$raise:
(0) 1143/661E :        $engine.page_in$PageIn_Process$raw_src_even:
(0) 1144/663C :        $engine.page_in$PageIn_Process$raw_published:
(0) 1145/6648 :        $engine.page_in$PageIn_Process$alloc_fail:
(0) 1146/6654 :        $engine.page_in$PageIn_Process$idle:
(0) 1147/6656 :        $diag4$engine.page_in$raise:
(0) 1148/6656 :        $engine.page_in$PageIn_Process$drop_degenerate:
(0) 1149/669E :        $engine.page_in$PageIn_Process$release_claim:
(0) 1150/66B6 :        $engine.page_in$PageIn_Process$claim_done:
(0) 1151/66B8 :        $engine.page_in$PageIn_Process$resume:
(0) 1152/66BC :        $engine.page_in$PageIn_Process$after:
(0) 1153/66C0 :        $engine.page_in$PageIn_Process$land:
(0) 1154/66E0 :        $engine.page_in$PageIn_Process$land_full:
(0) 1155/66E6 :        $engine.page_in$PageIn_Process$queue_has_nonspec:
(0) 1156/66F2 :        $engine.page_in$PageIn_Process$qn_scan:
(0) 1157/6706 :        $engine.page_in$PageIn_Process$qn_found:
(0) 1158/670A :        $engine.page_in$PageIn_Process$dequeue:
(0) 1159/6716 :        $engine.page_in$PageIn_Process$dq_scan:
(0) 1160/6730 :        $engine.page_in$PageIn_Process$dq_found:
(0) 1161/6746 :        $engine.page_in$PageIn_Process$dq_shift:
(0) 1162/674C :        $engine.page_in$PageIn_Process$dq_done:
(0) 1163/6752 :        PageIn_BankRegs:
(0) 1164/6778 :        PageIn_Resume:
(0) 1165/67A6 :        PageIn_EnqueueLanding:
(0) 1166/67D4 :        $engine.page_in$PageIn_EnqueueLanding$art_deferred:
(0) 1167/67DE :        $engine.page_in$PageIn_EnqueueLanding$dropped:
(0) 1168/67E4 :        PageIn_Enqueue:
(0) 1169/681C :        $engine.page_in$PageIn_Enqueue$full:
(0) 1170/6822 :        PageIn_Flush:
(0) 1171/686E :        PageCache_Init:
(0) 1172/6882 :        $engine.page_cache$PageCache_Init$clr_table:
(0) 1173/6894 :        $engine.page_cache$PageCache_Init$clr_queued:
(0) 1174/68A6 :        $engine.page_cache$PageCache_Init$init_frames:
(0) 1175/68D6 :        PageCache_Request:
(0) 1176/68DC :        $diag2$engine.page_cache$raise:
(0) 1177/6932 :        $engine.page_cache$PageCache_Request$in_range:
(0) 1178/695A :        $engine.page_cache$PageCache_Request$not_inflight:
(0) 1179/697A :        $engine.page_cache$PageCache_Request$no_dbg:
(0) 1180/697E :        $engine.page_cache$PageCache_Request$done:
(0) 1181/6980 :        PageCache_AllocFrame:
(0) 1182/69A0 :        $engine.page_cache$PageCache_AllocFrame$from_lru:
(0) 1183/69B0 :        $engine.page_cache$PageCache_AllocFrame$ev_scan:
(0) 1184/69C8 :        $engine.page_cache$PageCache_AllocFrame$ev_next:
(0) 1185/69E0 :        $diag4$engine.page_cache$raise:
(0) 1186/6A36 :        $engine.page_cache$PageCache_AllocFrame$victim_ok:
(0) 1187/6A62 :        $engine.page_cache$PageCache_AllocFrame$detach:
(0) 1188/6A7C :        $diag5$engine.page_cache$raise:
(0) 1189/6A7C :        $engine.page_cache$PageCache_AllocFrame$thrash:
(0) 1190/6AD0 :        PageCache_FreeFrame:
(0) 1191/6AE4 :        $diag7$engine.page_cache$raise:
(0) 1192/6B32 :        $engine.page_cache$PageCache_FreeFrame$detached_ok:
(0) 1193/6B40 :        PageCache_Publish:
(0) 1194/6B64 :        $diag9$engine.page_cache$raise:
(0) 1195/6BC2 :        $engine.page_cache$PageCache_Publish$pub_not_resident:
(0) 1196/6BF8 :        $engine.page_cache$PageCache_Publish$not_pinned:
(0) 1197/6C12 :        $engine.page_cache$PageCache_Publish$done:
(0) 1198/6C14 :        PageCache_PatchRun_Seq:
(0) 1199/6C36 :        $engine.page_cache$asm11$pw_new_blank:
(0) 1200/6C46 :        $engine.page_cache$asm11$pw_miss:
(0) 1201/6C64 :        $engine.page_cache$asm11$pw_word:
(0) 1202/6C80 :        $diag12$engine.page_cache$raise:
(0) 1203/6CDC :        $engine.page_cache$asm11$pw_page_ok:
(0) 1204/6D14 :        $engine.page_cache$asm11$pw_ref_done:
(0) 1205/6D1C :        $engine.page_cache$asm11$pw_unref_old:
(0) 1206/6D26 :        $diag13$engine.page_cache$raise:
(0) 1207/6D80 :        $engine.page_cache$asm11$pw_rc_ok:
(0) 1208/6D9C :        $engine.page_cache$asm11$pw_next:
(0) 1209/6DAE :        $engine.page_cache$PageCache_PatchRun_Seq$direct:
(0) 1210/6DB8 :        $engine.page_cache$asm15$pd_blank:
(0) 1211/6DBE :        $engine.page_cache$asm15$pd_word:
(0) 1212/6DD4 :        $diag16$engine.page_cache$raise:
(0) 1213/6E3A :        $engine.page_cache$asm15$pd_bound_ok:
(0) 1214/6E42 :        $engine.page_cache$asm15$pd_next:
(0) 1215/6E54 :        PageCache_PatchRun_Col:
(0) 1216/6E76 :        $engine.page_cache$asm18$pw_new_blank:
(0) 1217/6E86 :        $engine.page_cache$asm18$pw_miss:
(0) 1218/6EA4 :        $engine.page_cache$asm18$pw_word:
(0) 1219/6EC0 :        $diag19$engine.page_cache$raise:
(0) 1220/6F1C :        $engine.page_cache$asm18$pw_page_ok:
(0) 1221/6F54 :        $engine.page_cache$asm18$pw_ref_done:
(0) 1222/6F5C :        $engine.page_cache$asm18$pw_unref_old:
(0) 1223/6F66 :        $diag20$engine.page_cache$raise:
(0) 1224/6FC0 :        $engine.page_cache$asm18$pw_rc_ok:
(0) 1225/6FDC :        $engine.page_cache$asm18$pw_next:
(0) 1226/6FEE :        $engine.page_cache$PageCache_PatchRun_Col$direct:
(0) 1227/6FF8 :        $engine.page_cache$asm22$pd_blank:
(0) 1228/6FFE :        $engine.page_cache$asm22$pd_word:
(0) 1229/7014 :        $diag23$engine.page_cache$raise:
(0) 1230/707A :        $engine.page_cache$asm22$pd_bound_ok:
(0) 1231/7082 :        $engine.page_cache$asm22$pd_next:
(0) 1232/7094 :        PageCache_Prefetch:
(0) 1233/70D6 :        $engine.page_cache$PageCache_Prefetch$row_scan:
(0) 1234/70FA :        $engine.page_cache$PageCache_Prefetch$row_next:
(0) 1235/7100 :        $engine.page_cache$PageCache_Prefetch$col_strip:
(0) 1236/711C :        $engine.page_cache$PageCache_Prefetch$col_scan:
(0) 1237/7142 :        $engine.page_cache$PageCache_Prefetch$col_next:
(0) 1238/7148 :        $engine.page_cache$PageCache_Prefetch$strips_done:
(0) 1239/714C :        $engine.page_cache$PageCache_Prefetch$ret:
(0) 1240/714E :        $engine.page_cache$PageCache_Prefetch$scan_block:
(0) 1241/7158 :        $engine.page_cache$PageCache_Prefetch$sb_loop:
(0) 1242/7192 :        $engine.page_cache$PageCache_Prefetch$sb_next:
(0) 1243/7196 :        $engine.page_cache$PageCache_Prefetch$sb_done:
(0) 1244/7198 :        PageCache_ResetRefcounts:
(0) 1245/71A6 :        $engine.page_cache$PageCache_ResetRefcounts$frame:
(0) 1246/71C6 :        $engine.page_cache$PageCache_ResetRefcounts$store:
(0) 1247/71D4 :        PageCache_Audit:
(0) 1248/71EE :        $engine.page_cache$PageCache_Audit$snap_tab:
(0) 1249/71FC :        $engine.page_cache$PageCache_Audit$snap_frame:
(0) 1250/7214 :        $engine.page_cache$PageCache_Audit$zero:
(0) 1251/7228 :        $engine.page_cache$PageCache_Audit$walk:
(0) 1252/7238 :        $engine.page_cache$PageCache_Audit$walk_next:
(0) 1253/7250 :        $engine.page_cache$PageCache_Audit$cmp:
(0) 1254/7258 :        $diag27$engine.page_cache$raise:
(0) 1255/72A6 :        $engine.page_cache$PageCache_Audit$cmp_next:
(0) 1256/72B2 :        $engine.page_cache$PageCache_Audit$dm_frame:
(0) 1257/72BA :        $diag28$engine.page_cache$raise:
(0) 1258/732A :        $engine.page_cache$PageCache_Audit$dm_rc_ok:
(0) 1259/7334 :        $diag29$engine.page_cache$raise:
(0) 1260/739C :        $engine.page_cache$PageCache_Audit$dm_next:
(0) 1261/73B4 :        $engine.page_cache$PageCache_Audit$dm_ident:
(0) 1262/73B8 :        $diag30$engine.page_cache$raise:
(0) 1263/7416 :        $engine.page_cache$PageCache_Audit$dm_ident_ok:
(0) 1264/741C :        $engine.page_cache$PageCache_Audit$cmp_done:
(0) 1265/7426 :        $engine.page_cache$PageCache_Audit$evf:
(0) 1266/7438 :        $diag31$engine.page_cache$raise:
(0) 1267/747E :        $engine.page_cache$PageCache_Audit$evf_rc_ok:
(0) 1268/7484 :        $diag32$engine.page_cache$raise:
(0) 1269/74CA :        $engine.page_cache$PageCache_Audit$evf_pin_ok:
(0) 1270/74D2 :        $diag33$engine.page_cache$raise:
(0) 1271/751C :        $engine.page_cache$PageCache_Audit$evf_next:
(0) 1272/7530 :        $engine.page_cache$PageCache_Audit$bij_frame:
(0) 1273/754A :        $diag34$engine.page_cache$raise:
(0) 1274/75B0 :        $engine.page_cache$PageCache_Audit$bij_frame_next:
(0) 1275/75C8 :        $engine.page_cache$PageCache_Audit$bij_page:
(0) 1276/75E0 :        $diag35$engine.page_cache$raise:
(0) 1277/764A :        $engine.page_cache$PageCache_Audit$bij_page_next:
(0) 1278/7662 :        $engine.page_cache$PageCache_Audit$orphan:
(0) 1279/7684 :        $diag36$engine.page_cache$raise:
(0) 1280/76DA :        $engine.page_cache$PageCache_Audit$orphan_next:
(0) 1281/76F0 :        BG_Init:
(0) 1282/7714 :        $engine.bg$BG_Init$bg_len_ok:
(0) 1283/7722 :        $engine.bg$asm1$wait_z80:
(0) 1284/7744 :        $engine.bg$BG_Init$tile_copy:
(0) 1285/7752 :        $engine.bg$BG_Init$skip_tiles:
(0) 1286/776E :        $diag3$engine.bg$raise:
(0) 1287/77BA :        $diag3$engine.bg$skip:
(0) 1288/77C4 :        $engine.bg$asm4$wait_z80:
(0) 1289/77DE :        $engine.bg$BG_Init$nt_col:
(0) 1290/77FE :        $engine.bg$BG_Init$nt_row:
(0) 1291/781C :        $engine.bg$BG_Init$skip_nt:
(0) 1292/7830 :        BgAnim_Init:
(0) 1293/783C :        BgAnim_Update:
(0) 1294/7856 :        $diag2$engine.bg_anim$raise:
(0) 1295/78AC :        $diag2$engine.bg_anim$skip:
(0) 1296/78B4 :        $engine.bg_anim$BgAnim_Update$band_loop:
(0) 1297/78C2 :        $engine.bg_anim$BgAnim_Update$cam_x:
(0) 1298/78C8 :        $engine.bg_anim$BgAnim_Update$cam_y:
(0) 1299/78CC :        $engine.bg_anim$BgAnim_Update$have_value:
(0) 1300/7900 :        $diag3$engine.bg_anim$raise:
(0) 1301/7948 :        $diag3$engine.bg_anim$skip:
(0) 1302/796E :        $engine.bg_anim$BgAnim_Update$commit:
(0) 1303/7972 :        $engine.bg_anim$BgAnim_Update$queue_full:
(0) 1304/7976 :        $engine.bg_anim$BgAnim_Update$skip_band:
(0) 1305/7978 :        $engine.bg_anim$BgAnim_Update$next_band:
(0) 1306/7982 :        $engine.bg_anim$BgAnim_Update$exit:
(0) 1307/7988 :        CompressionSelfTest:
(0) 1308/79A8 :        $diag1$engine.compression_selftest$raise:
(0) 1309/7A00 :        $diag1$engine.compression_selftest$skip:
(0) 1310/7A30 :        $diag2$engine.compression_selftest$raise:
(0) 1311/7A88 :        $diag2$engine.compression_selftest$skip:
(0) 1312/7AAC :        $diag3$engine.compression_selftest$raise:
(0) 1313/7B04 :        $diag3$engine.compression_selftest$skip:
(0) 1314/7B0A :        $engine.compression_selftest$CompressionSelfTest$poison:
(0) 1315/7B18 :        $engine.compression_selftest$CompressionSelfTest$poison_loop:
(0) 1316/7B20 :        $engine.compression_selftest$CompressionSelfTest$checksum:
(0) 1317/7B2C :        $engine.compression_selftest$CompressionSelfTest$sum_loop:
(0) 1318/7B34 :        $engine.compression_selftest$CompressionSelfTest$byte_compare:
(0) 1319/7B46 :        $engine.compression_selftest$CompressionSelfTest$cmp_loop:
(0) 1320/7B4C :        $engine.compression_selftest$CompressionSelfTest$cmp_match:
(0) 1321/7B5A :        $diag4$engine.compression_selftest$raise:
(0) 1322/7BA2 :        $diag4$engine.compression_selftest$skip:
(0) 1323/7BA6 :        Art_Decompress:
(0) 1324/7BB2 :        $engine.compression_selftest$Art_Decompress$s4lz:
(0) 1325/7BB6 :        ZX0_Decompress:
(0) 1326/7BBE :        $engine.compression_selftest$ZX0_Decompress$literals:
(0) 1327/7BC2 :        $engine.compression_selftest$ZX0_Decompress$copy_lits:
(0) 1328/7BCC :        $engine.compression_selftest$ZX0_Decompress$rep_match:
(0) 1329/7BCE :        $engine.compression_selftest$ZX0_Decompress$do_copy:
(0) 1330/7BD0 :        $engine.compression_selftest$ZX0_Decompress$do_copy_offs:
(0) 1331/7BD4 :        $engine.compression_selftest$ZX0_Decompress$copy_match:
(0) 1332/7BDE :        $engine.compression_selftest$ZX0_Decompress$get_offset:
(0) 1333/7BF6 :        $engine.compression_selftest$ZX0_Decompress$get_elias:
(0) 1334/7BF8 :        $engine.compression_selftest$ZX0_Decompress$elias_loop:
(0) 1335/7C00 :        $engine.compression_selftest$ZX0_Decompress$got_bit:
(0) 1336/7C02 :        $engine.compression_selftest$ZX0_Decompress$elias_bt:
(0) 1337/7C08 :        $engine.compression_selftest$ZX0_Decompress$done:
(0) 1338/7C0C :        $engine.compression_selftest$ZX0_Decompress$got_elias:
(0) 1339/7C0E :        CSelf_S4LZ_Plain:
(0) 1340/7C0E :        __align$engine.compression_selftest$0:
(0) 1341/7E90 :        CSelf_S4LZ_Dict:
(0) 1342/7E90 :        __align$engine.compression_selftest$1:
(0) 1343/8076 :        CSelf_Dict_Blob:
(0) 1344/8076 :        __align$engine.compression_selftest$2:
(0) 1345/8176 :        CSelf_ZX0:
(0) 1346/8176 :        __align$engine.compression_selftest$3:
(0) 1347/8398 :        CSelf_Expected:
(0) 1348/8398 :        __align$engine.compression_selftest$4:
(0) 1349/10000 :        ObjCodeBase:
(0) 1350/10002 :        DemoBox_Main:
(0) 1351/10006 :        ObjDef_DemoBox:
(0) 1352/10020 :        Map_DemoBox:
(0) 1353/10022 :        __offsets$games.demo.data.demo_data$Map_DemoBox$F0:
(0) 1354/10030 :        DemoObjectList:
(0) 1355/1003A :        DemoObjectList_Term:
(0) 1356/1003E :        DemoArt:
(0) 1357/100DE :        DemoPalette:
(0) 1358/100FE :        BgAnim_Table:
(0) 1359/10100 :        GameState_Demo_Init:
(0) 1360/1010A :        $games.demo.demo_state$GameState_Demo_Init$copy_pal:
(0) 1361/10158 :        GameState_Demo:
(0) 1362/1016C :        BusError:
(0) 1363/10184 :        AddressError:
(0) 1364/101A0 :        IllegalInstr:
(0) 1365/101C2 :        ZeroDivide:
(0) 1366/101DC :        ChkInstr:
(0) 1367/101FA :        TrapvInstr:
(0) 1368/1021A :        PrivilegeViol:
(0) 1369/1023C :        Trace:
(0) 1370/10250 :        Line1010Emu:
(0) 1371/10270 :        Line1111Emu:
(0) 1372/10290 :        ErrorExcept:
(0) 1373/102AE :        ErrorTrap:
(0) 1374/102C6 :        ErrorHandlerBlob:
(0) 1375/1121C :        EndOfRom:
(0) 1376/FFFF0000 :        Tile_Cache_Nametable:
(0) 1377/FFFF2580 :        Tile_Cache_Collision:
(0) 1378/FFFF3842 :        Block_Stage_Buffers:
(0) 1379/FFFF6842 :        Block_Stage_Bucket:
(0) 1380/FFFF6942 :        Block_Stage_Chain:
(0) 1381/FFFF6982 :        Cache_Spec_Gen_Ring:
(0) 1382/FFFF6992 :        Cache_Spec_Window:
(0) 1383/FFFF6994 :        Cache_Spec_Blocked:
(0) 1384/FFFF6996 :        Cache_Spec_Skips:
(0) 1385/FFFF6998 :        Pfx_Memo_Mask:
(0) 1386/FFFF699A :        Cs_Memo_Mask:
(0) 1387/FFFF699C :        Page_Table:
(0) 1388/FFFF6A9C :        Page_Frames:
(0) 1389/FFFF6B14 :        Page_Queued_Bits:
(0) 1390/FFFF6B34 :        Art_Staging_Buffer:
(0) 1391/FFFF7334 :        Lower_RAM_End:
(0) 1392/FFFF8000 :        RAM_Start:
(0) 1393/FFFF8000 :        VBlank_Flag:
(0) 1394/FFFF8002 :        Frame_Counter:
(0) 1395/FFFF8004 :        Logic_Tick:
(0) 1396/FFFF8008 :        Game_State:
(0) 1397/FFFF800C :        Game_State_ID:
(0) 1398/FFFF800D :        Game_State_Init:
(0) 1399/FFFF800E :        VDP_Shadow_Table:
(0) 1400/FFFF8026 :        Hardware_Region:
(0) 1401/FFFF8027 :        Region_Flags:
(0) 1402/FFFF8028 :        Ctrl_1_Held:
(0) 1403/FFFF8029 :        Ctrl_1_Press:
(0) 1404/FFFF802A :        Ctrl_2_Held:
(0) 1405/FFFF802B :        Ctrl_2_Press:
(0) 1406/FFFF802C :        Ctrl_1_Press_Accum:
(0) 1407/FFFF802D :        Ctrl_2_Press_Accum:
(0) 1408/FFFF802E :        Ctrl_1_Ext_Held:
(0) 1409/FFFF802F :        Ctrl_1_Ext_Press:
(0) 1410/FFFF8030 :        Ctrl_2_Ext_Held:
(0) 1411/FFFF8031 :        Ctrl_2_Ext_Press:
(0) 1412/FFFF8032 :        Ctrl_1_Ext_Press_Accum:
(0) 1413/FFFF8033 :        Ctrl_2_Ext_Press_Accum:
(0) 1414/FFFF8034 :        Pad_1_Type:
(0) 1415/FFFF8035 :        Pad_2_Type:
(0) 1416/FFFF8036 :        Input_Source:
(0) 1417/FFFF8037 :        Replay_Exit_Request:
(0) 1418/FFFF8038 :        Replay_Done:
(0) 1419/FFFF8039 :        Replay_Hold:
(0) 1420/FFFF803A :        Replay_Prev:
(0) 1421/FFFF803C :        Replay_Ptr:
(0) 1422/FFFF8040 :        RNG_Seed:
(0) 1423/FFFF8044 :        VInt_Ptr:
(0) 1424/FFFF8048 :        VBlank_Ready:
(0) 1425/FFFF804A :        DMA_Critical:
(0) 1426/FFFF804A :        DMA_Queue:
(0) 1427/FFFF80BA :        DMA_Critical_End:
(0) 1428/FFFF80BA :        DMA_Important:
(0) 1429/FFFF8162 :        DMA_Deferrable:
(0) 1430/FFFF8162 :        DMA_Important_End:
(0) 1431/FFFF820A :        DMA_Critical_Slot:
(0) 1432/FFFF820A :        DMA_Deferrable_End:
(0) 1433/FFFF820A :        DMA_Queue_End:
(0) 1434/FFFF820C :        DMA_Important_Slot:
(0) 1435/FFFF820E :        DMA_Deferrable_Slot:
(0) 1436/FFFF8210 :        DMA_Budget_Default:
(0) 1437/FFFF8212 :        DMA_Budget_Remaining:
(0) 1438/FFFF8214 :        DMA_Enq_Bytes_Frame:
(0) 1439/FFFF8216 :        Palette_Buffer:
(0) 1440/FFFF8296 :        Palette_Dirty:
(0) 1441/FFFF8298 :        Sprite_Table_Buffer:
(0) 1442/FFFF8518 :        Sprite_Table_Dirty:
(0) 1443/FFFF8519 :        Sprite_Emit_Active:
(0) 1444/FFFF851A :        Hscroll_Buffer:
(0) 1445/FFFF889C :        Vscroll_Factor:
(0) 1446/FFFF88A0 :        Parallax_Deform_Phase_FG:
(0) 1447/FFFF88A0 :        Parallax_State:
(0) 1448/FFFF88A2 :        Parallax_Deform_Phase_BG:
(0) 1449/FFFF88A4 :        Parallax_V_Deform_Phase_BG:
(0) 1450/FFFF88A6 :        Parallax_Current_Scroll_A:
(0) 1451/FFFF88C6 :        Parallax_Current_Scroll_B:
(0) 1452/FFFF88E6 :        Parallax_Current_Vscroll_BG:
(0) 1453/FFFF88E8 :        Parallax_Current_Config:
(0) 1454/FFFF88EC :        Parallax_Target_Config:
(0) 1455/FFFF88F0 :        Parallax_Transition_Frames:
(0) 1456/FFFF88F1 :        Parallax_Snap_Pending:
(0) 1457/FFFF88F2 :        Parallax_Prev_Sec_X:
(0) 1458/FFFF88F3 :        Parallax_Prev_Sec_Y:
(0) 1459/FFFF88F4 :        Parallax_Vscroll_Column_Buf:
(0) 1460/FFFF8944 :        Parallax_Curve_Carry:
(0) 1461/FFFF8944 :        Parallax_Drift_Acc:
(0) 1462/FFFF8948 :        Parallax_Shadow_Bands:
(0) 1463/FFFF8A88 :        Parallax_Shadow_Scroll_A:
(0) 1464/FFFF8AA8 :        Parallax_Shadow_Scroll_B:
(0) 1465/FFFF8AC8 :        Parallax_State_End:
(0) 1466/FFFF8AC8 :        Raster_Program:
(0) 1467/FFFF8AC8 :        Raster_State:
(0) 1468/FFFF8ACC :        Raster_Cursor:
(0) 1469/FFFF8AD0 :        Raster_Pending:
(0) 1470/FFFF8AD4 :        Raster_Line:
(0) 1471/FFFF8AD6 :        Raster_Buf_A:
(0) 1472/FFFF8B56 :        Raster_Buf_B:
(0) 1473/FFFF8BD6 :        Raster_Active_Buf:
(0) 1474/FFFF8BDA :        Raster_Dense_Lines:
(0) 1475/FFFF8BDC :        Raster_Dense_Cursor:
(0) 1476/FFFF8BE0 :        Raster_Dense_Cmd:
(0) 1477/FFFF8BE4 :        Raster_Dense_Mode:
(0) 1478/FFFF8BE6 :        Raster_Ramp_Acc:
(0) 1479/FFFF8BEA :        Raster_Ramp_Step:
(0) 1480/FFFF8BEE :        Effects_World_Y:
(0) 1481/FFFF8BF6 :        Effects_Screen_L:
(0) 1482/FFFF8BFE :        Effects_Offscreen_Entry:
(0) 1483/FFFF8C02 :        Raster_Patch_Tab:
(0) 1484/FFFF8C06 :        Pal_Base:
(0) 1485/FFFF8C06 :        Palette_State:
(0) 1486/FFFF8C06 :        Raster_State_End:
(0) 1487/FFFF8C66 :        Pal_Target:
(0) 1488/FFFF8CC6 :        Pal_Variant_Stage:
(0) 1489/FFFF8DC6 :        Pal_Variant_Ptr:
(0) 1490/FFFF8DCE :        Pal_Cycle_Script:
(0) 1491/FFFF8DD2 :        Pal_Cycle_Timers:
(0) 1492/FFFF8DD6 :        Pal_Fade_Frames:
(0) 1493/FFFF8DD7 :        Pal_Op:
(0) 1494/FFFF8DD8 :        Pal_Op_Step:
(0) 1495/FFFF8DD9 :        Pal_Op_Timer:
(0) 1496/FFFF8DDA :        Pal_Active:
(0) 1497/FFFF8DDB :        Pal_Base_Dirty:
(0) 1498/FFFF8DDC :        Pal_Compose_Lines:
(0) 1499/FFFF8DDD :        Pal_Fade_Request:
(0) 1500/FFFF8DDE :        BgAnim_LastStep:
(0) 1501/FFFF8DDE :        Palette_State_End:
(0) 1502/FFFF8DE6 :        Static_Pal_Line0:
(0) 1503/FFFF8DF4 :        Static_Pal_Line1:
(0) 1504/FFFF8E02 :        Static_Pal_Line2:
(0) 1505/FFFF8E10 :        Static_Pal_Ship:
(0) 1506/FFFF8E1E :        Static_Pal_Line3:
(0) 1507/FFFF8E2C :        Static_Sprite_DMA:
(0) 1508/FFFF8E3A :        Static_Hscroll_Line:
(0) 1509/FFFF8E48 :        DMA_Bytes_ThisFrame:
(0) 1510/FFFF8E4A :        DMA_Peak_Critical:
(0) 1511/FFFF8E4C :        DMA_Peak_Important:
(0) 1512/FFFF8E4E :        DMA_Peak_Deferrable:
(0) 1513/FFFF8E50 :        DMA_Overflow_Count:
(0) 1514/FFFF8E52 :        Dbg_DMA_Enq_Capped:
(0) 1515/FFFF8E54 :        Lag_Frame_Count:
(0) 1516/FFFF8E58 :        Prof_RunObjects:
(0) 1517/FFFF8E5A :        Prof_TouchResponse:
(0) 1518/FFFF8E5C :        Prof_RenderSprites:
(0) 1519/FFFF8E5E :        Prof_FrameTotal:
(0) 1520/FFFF8E60 :        Prof_Peak_RunObjects:
(0) 1521/FFFF8E62 :        Prof_Peak_Touch:
(0) 1522/FFFF8E64 :        Prof_Peak_Render:
(0) 1523/FFFF8E66 :        Prof_Peak_Frame:
(0) 1524/FFFF8E68 :        Prof_Dynamic_Used:
(0) 1525/FFFF8E6A :        Prof_Effect_Used:
(0) 1526/FFFF8E6C :        Debug_Scene_Freeze:
(0) 1527/FFFF8E6E :        Dbg_PageIn_Preempts:
(0) 1528/FFFF8E70 :        Dbg_PageIn_Flushes:
(0) 1529/FFFF8E72 :        Dbg_PageIn_Resumes:
(0) 1530/FFFF8E74 :        Dbg_PageCache_Demands:
(0) 1531/FFFF8E76 :        Dbg_PageCache_Prefetches:
(0) 1532/FFFF8E78 :        Dbg_PageIn_PfxSkips:
(0) 1533/FFFF8E7A :        Dbg_PageIn_Deferred:
(0) 1534/FFFF8E7C :        Dbg_Cam_Clamp_Frames:
(0) 1535/FFFF8E7E :        Dbg_PageIn_BaseCorrupt:
(0) 1536/FFFF8E80 :        Cache_Stall_Watchdog:
(0) 1537/FFFF8E82 :        Page_Audit_Ticks:
(0) 1538/FFFF8E84 :        Page_Audit_Scratch:
(0) 1539/FFFF8EA2 :        Page_Audit_Snapshot:
(0) 1540/FFFF8ED6 :        Object_RAM:
(0) 1541/FFFF8ED6 :        Player_1:
(0) 1542/FFFF8F26 :        Player_2:
(0) 1543/FFFF8F76 :        Dynamic_Slots:
(0) 1544/FFFF9BF6 :        System_Slots:
(0) 1545/FFFF9E76 :        Effect_Slots:
(0) 1546/FFFFA376 :        Dynamic_Free_Stack:
(0) 1547/FFFFA376 :        Object_RAM_End:
(0) 1548/FFFFA3C6 :        Dynamic_Free_SP:
(0) 1549/FFFFA3C8 :        Effect_Free_Stack:
(0) 1550/FFFFA3E8 :        Effect_Free_SP:
(0) 1551/FFFFA3EA :        Sprite_Bands:
(0) 1552/FFFFA5EA :        Sprite_Band_Counts:
(0) 1553/FFFFA5F2 :        Sprites_Rendered:
(0) 1554/FFFFA5F4 :        Sprite_Cycle_Counter:
(0) 1555/FFFFA5F6 :        SpriteMask_Y:
(0) 1556/FFFFA5F8 :        SpriteMask_Height:
(0) 1557/FFFFA5FA :        SpriteMask_After_Band:
(0) 1558/FFFFA5FC :        Scanline_Band_Sprites:
(0) 1559/FFFFA604 :        Camera_X:
(0) 1560/FFFFA608 :        Camera_Y:
(0) 1561/FFFFA60C :        Camera_X_Biased:
(0) 1562/FFFFA60E :        Camera_Y_Biased:
(0) 1563/FFFFA610 :        Game_Paused:
(0) 1564/FFFFA612 :        Plane_Buffer:
(0) 1565/FFFFAC12 :        Plane_Buffer_Ptr:
(0) 1566/FFFFAC14 :        Pos_table:
(0) 1567/FFFFAD14 :        H_scroll_frame_offset:
(0) 1568/FFFFAD16 :        Camera_Deadzone_Base:
(0) 1569/FFFFAD18 :        Camera_Lookahead:
(0) 1570/FFFFAD1A :        Camera_Pan_Offset:
(0) 1571/FFFFAD1C :        Camera_X_Max:
(0) 1572/FFFFAD1E :        Camera_Y_Max:
(0) 1573/FFFFAD20 :        Camera_Target:
(0) 1574/FFFFAD22 :        Camera_Curl_Offset:
(0) 1575/FFFFAD24 :        Camera_Hold_Frames:
(0) 1576/FFFFAD25 :        Camera_Art_Hold:
(0) 1577/FFFFAD26 :        Cache_Left_Col:
(0) 1578/FFFFAD28 :        Cache_Head_Col:
(0) 1579/FFFFAD2A :        Cache_Top_Row:
(0) 1580/FFFFAD2C :        Cache_Bottom_Row:
(0) 1581/FFFFAD2E :        Cache_Origin_Col:
(0) 1582/FFFFAD30 :        Cache_Origin_Row:
(0) 1583/FFFFAD32 :        Cache_Fill_Last_Frame:
(0) 1584/FFFFAD34 :        Cache_Fill_Resume_Col:
(0) 1585/FFFFAD36 :        Cache_Fill_Resume_Row:
(0) 1586/FFFFAD38 :        Cache_Art_Stall:
(0) 1587/FFFFAD3A :        Page_Free_Head:
(0) 1588/FFFFAD3C :        Cache_Fill_Budget:
(0) 1589/FFFFAD3E :        Cache_Fill_RowResume_Row:
(0) 1590/FFFFAD40 :        Cache_Fill_RowResume_Col:
(0) 1591/FFFFAD42 :        Cache_Fill_Rows_Left:
(0) 1592/FFFFAD44 :        Cache_Prev_Cam_Row:
(0) 1593/FFFFAD46 :        Cache_Prev_Cam_X:
(0) 1594/FFFFAD48 :        Cache_H_Pfx_Dir:
(0) 1595/FFFFAD4A :        Cache_H_Pfx_Accum:
(0) 1596/FFFFAD4C :        Cache_Pfx_Row_Target:
(0) 1597/FFFFAD4E :        Cache_Pfx_Col_Target:
(0) 1598/FFFFAD50 :        Cache_Pfx_Skip_Armed:
(0) 1599/FFFFAD52 :        Cache_Pfx_Lag_Flag:
(0) 1600/FFFFAD54 :        Block_Stage_Keys:
(0) 1601/FFFFAD94 :        Block_Stage_Next:
(0) 1602/FFFFAD96 :        Section_Top_Row_Written:
(0) 1603/FFFFAD98 :        Section_Bottom_Row_Written:
(0) 1604/FFFFAD9A :        Section_Plane_Dirty:
(0) 1605/FFFFAD9C :        Section_Right_Col_Written:
(0) 1606/FFFFAD9E :        Section_Left_Col_Written:
(0) 1607/FFFFADA0 :        Section_Fwd_Neighbor_Data:
(0) 1608/FFFFADA4 :        Section_Bwd_Neighbor_Data:
(0) 1609/FFFFADA8 :        Tile_Override_Table:
(0) 1610/FFFFAE08 :        Ring_Buffer:
(0) 1611/FFFFAE68 :        Ring_Count:
(0) 1612/FFFFAE69 :        Ring_HighWater:
(0) 1613/FFFFAE6A :        Ring_Add_Dropped:
(0) 1614/FFFFAE6C :        Entity_Scan_State:
(0) 1615/FFFFAED4 :        Ring_Counter:
(0) 1616/FFFFAED6 :        Ring_Anim_Frame:
(0) 1617/FFFFAED7 :        Ring_Anim_Timer:
(0) 1618/FFFFAED8 :        Entity_Window_Active:
(0) 1619/FFFFAED9 :        Entity_Window_Center_ID:
(0) 1620/FFFFAEDA :        Entity_Window_Anchor:
(0) 1621/FFFFAEDC :        Entity_Window_OriginX:
(0) 1622/FFFFAEDE :        Entity_Window_OriginY:
(0) 1623/FFFFAEE0 :        Entity_Loaded_Masks:
(0) 1624/FFFFAF60 :        Entity_Mask_Scratch:
(0) 1625/FFFFAFE4 :        Camera_Y_Coarse_Prev:
(0) 1626/FFFFAFE6 :        Ring_Collected_Window:
(0) 1627/FFFFB070 :        Ring_Collected_Park:
(0) 1628/FFFFB0F4 :        Collected_Park_Next:
(0) 1629/FFFFB0F6 :        Current_Act_Ptr:
(0) 1630/FFFFB0FA :        Ring_Sfx_Speaker:
(0) 1631/FFFFB0FC :        Sfx_Ring_Buf:
(0) 1632/FFFFB104 :        Sfx_Ring_Wr:
(0) 1633/FFFFB105 :        Sfx_Ring_Rd:
(0) 1634/FFFFB106 :        Sound_Dbg_Mirror:
(0) 1635/FFFFB1B6 :        Dynamic_Live:
(0) 1636/FFFFB206 :        Dynamic_Live_Count:
(0) 1637/FFFFB208 :        Dynamic_Live_Dirty:
(0) 1638/FFFFB209 :        Dynamic_Live_Walking:
(0) 1639/FFFFB20A :        Dynamic_Live_Pending:
(0) 1640/FFFFB21A :        Dynamic_Live_Pending_Count:
(0) 1641/FFFFB21C :        Block_Stage_Gen:
(0) 1642/FFFFB21E :        Pfx_Memo_Row:
(0) 1643/FFFFB220 :        Pfx_Memo_L16:
(0) 1644/FFFFB222 :        Pfx_Memo_H16:
(0) 1645/FFFFB224 :        Pfx_Memo_Gen:
(0) 1646/FFFFB226 :        Cs_Memo_Col:
(0) 1647/FFFFB228 :        Cs_Memo_T16:
(0) 1648/FFFFB22A :        Cs_Memo_B16:
(0) 1649/FFFFB22C :        Cs_Memo_Gen:
(0) 1650/FFFFB22E :        HBlank_Vector_Slot:
(0) 1651/FFFFB234 :        Block_Stage_Ptrs:
(0) 1652/FFFFB274 :        Block_Stage_Maps:
(0) 1653/FFFFB2B4 :        Cache_Cur_LocalMap:
(0) 1654/FFFFB2B8 :        Block_Stage_ZeroPage:
(0) 1655/FFFFB5B8 :        PageIn_Saved_D0:
(0) 1656/FFFFB5BC :        PageIn_Saved_D1:
(0) 1657/FFFFB5C0 :        PageIn_Saved_D2:
(0) 1658/FFFFB5C4 :        PageIn_Saved_A0:
(0) 1659/FFFFB5C8 :        PageIn_Saved_A1:
(0) 1660/FFFFB5CC :        PageIn_Saved_A2:
(0) 1661/FFFFB5D0 :        PageIn_Saved_A3:
(0) 1662/FFFFB5D4 :        PageIn_Saved_PC:
(0) 1663/FFFFB5D8 :        PageIn_Saved_SR:
(0) 1664/FFFFB5DA :        PageIn_InFlight:
(0) 1665/FFFFB5DB :        PageIn_Suspended:
(0) 1666/FFFFB5DC :        PageIn_Staging_Busy:
(0) 1667/FFFFB5DD :        PageIn_Land_Pending:
(0) 1668/FFFFB5DE :        PageIn_Queue_Count:
(0) 1669/FFFFB5DF :        PageIn_Cur_Flags:
(0) 1670/FFFFB5E0 :        PageIn_Queue:
(0) 1671/FFFFB600 :        PageIn_Cur_Dest:
(0) 1672/FFFFB602 :        PageIn_Cur_Bytes:
(0) 1673/FFFFB604 :        PageIn_Cur_Page:
(0) 1674/FFFFB606 :        PageIn_Cur_Frame:
(0) 1675/FFFFB607 :        PageIn_Bulk_Drain:
(0) 1676/FFFFB608 :        PageIn_Pool_Table:
(0) 1677/FFFFB60C :        PageIn_Pool_Pages:
(0) 1678/FFFFB60E :        PageIn_Fully_Resident:
(0) 1679/FFFFB60F :        PageCache_Direct_Map:
(0) 1680/FFFFB610 :        PageIn_Last_Frame:
(0) 1681/FFFFB612 :        PageIn_Prev_Lagged:
(0) 1682/FFFFB614 :        PageIn_Pfx_Skip_Armed:
(0) 1683/FFFFB616 :        Page_Pfx_Budget:
(0) 1684/FFFFB618 :        Act_Art_Budget:
(0) 1685/FFFFB61A :        Art_Budget_Remaining:
(0) 1686/FFFFB61C :        Ctrl_1_Held_Raw:
(0) 1687/FFFFB61D :        Ctrl_2_Held_Raw:
(0) 1688/FFFFB61E :        Ctrl_1_Ext_Held_Raw:
(0) 1689/FFFFB61F :        Ctrl_2_Ext_Held_Raw:
(0) 1690/FFFFB620 :        Palette_Ship_Snap:
(0) 1691/FFFFB6A0 :        Replay_Record_Idx:
(0) 1692/FFFFB6A2 :        Replay_Check_Idx:
(0) 1693/FFFFB6A4 :        Replay_Record_Buf:
(0) 1694/FFFFD6A4 :        Replay_Check_Log:
(0) 1695/FFFFDEA4 :        Sprite_Owner:
(0) 1696/FFFFDF44 :        Engine_RAM_End:
(0) 1697/FFFFDF44 :        Game_RAM_End:
  Symbol Table (* = unused):
  --------------------------

 Vectors : 0 C |
 Z80_IdleProgram : 0 C |
 $engine.z80_init$Z80_IdleProgram$code_end : 28 C |
 GameHeader : 100 C |
 Checksum : 18E C |
 _header_tail : 190 C |
 EntryPoint : 200 C |
 $engine.boot$EntryPoint$wait_dma : 214 C |
 $engine.boot$EntryPoint$warm_boot : 214 C |
 $engine.boot$EntryPoint$cold_boot : 220 C |
 $engine.boot$EntryPoint$no_tmss : 236 C |
 $engine.boot$EntryPoint$vdp_loop : 24A C |
 $engine.boot$EntryPoint$wait_z80 : 264 C |
 $engine.boot$EntryPoint$load_z80 : 26A C |
 $engine.boot$EntryPoint$ym_delay : 274 C |
 $engine.boot$EntryPoint$clear_ram : 280 C |
 $engine.boot$EntryPoint$wait_fill : 286 C |
 $engine.boot$EntryPoint$silence_psg : 294 C |
 $engine.boot$EntryPoint$clear_cram : 2A2 C |
 $engine.boot$EntryPoint$clear_vsram : 2AC C |
 $engine.boot$asm1$wait_z80 : 2BA C |
 $engine.boot$EntryPoint$keyoff_part1 : 2D0 C |
 $engine.boot$EntryPoint$keyoff_part2 : 2DC C |
 $engine.boot$EntryPoint$pal : 330 C |
 $engine.boot$EntryPoint$region_done : 336 C |
 BootData : 396 C |
 BootData_VDPRegs : 3B0 C |
 Z80_Sound_End : 3CC C |
 Z80_Sound_Start : 3CC C |
 __align$engine.boot_data$0 : 3CC C |
 BootData_PostBlob : 3F8 C |
 BootData_End : 406 C |
 VDP_Shadow_Init : 410 C |
 $engine.vdp_init$VDP_Shadow_Init$copy : 41A C |
 Flush_VDP_Shadow : 422 C |
 $engine.vdp_init$Flush_VDP_Shadow$loop : 432 C |
 Set_VDP_Reg : 440 C |
 $diag3$engine.vdp_init$raise : 44A C |
 $diag3$engine.vdp_init$skip : 494 C |
 Init_DMA_Queue : 4A0 C |
 QueueDMA_Critical : 5BE C |
 QueueDMA_Important : 5C8 C |
 QueueDMA_Deferrable : 5D2 C |
 QueueDMA_Deferrable.transfer : 5DA C |
 $engine.dma_queue$QueueDMA_Deferrable$finish_entry : 610 C |
 $engine.dma_queue$QueueDMA_Deferrable$full : 630 C |
 $engine.dma_queue$QueueDMA_Deferrable$byte_capped : 63C C |
 $engine.dma_queue$QueueDMA_Deferrable$split : 648 C |
 $engine.dma_queue$QueueDMA_Deferrable$split_reject : 692 C |
 Process_DMA_Critical : 6A4 C |
 $engine.dma_queue$Process_DMA_Critical$jump_table : 6B0 C |
 $engine.dma_queue$Process_DMA_Critical$slot_0 : 6B0 C |
 $engine.dma_queue$Process_DMA_Critical$slot_1 : 6BE C |
 $engine.dma_queue$Process_DMA_Critical$slot_2 : 6CC C |
 $engine.dma_queue$Process_DMA_Critical$slot_3 : 6DA C |
 $engine.dma_queue$Process_DMA_Critical$slot_4 : 6E8 C |
 $engine.dma_queue$Process_DMA_Critical$slot_5 : 6F6 C |
 $engine.dma_queue$Process_DMA_Critical$slot_6 : 704 C |
 $engine.dma_queue$Process_DMA_Critical$slot_7 : 712 C |
 $engine.dma_queue$Process_DMA_Critical$slot_8 : 720 C |
 $engine.dma_queue$Process_DMA_Critical$drain_8 : 72A C |
 $engine.dma_queue$Process_DMA_Critical$drain_7 : 732 C |
 $engine.dma_queue$Process_DMA_Critical$drain_6 : 73A C |
 $engine.dma_queue$Process_DMA_Critical$drain_5 : 742 C |
 $engine.dma_queue$Process_DMA_Critical$drain_4 : 74A C |
 $engine.dma_queue$Process_DMA_Critical$drain_3 : 752 C |
 $engine.dma_queue$Process_DMA_Critical$drain_2 : 75A C |
 $engine.dma_queue$Process_DMA_Critical$drain_1 : 762 C |
 $engine.dma_queue$Process_DMA_Critical$done : 770 C |
 Process_DMA_Important : 772 C |
 $engine.dma_queue$Process_DMA_Important$done : 784 C |
 Process_DMA_Deferrable : 786 C |
 $engine.dma_queue$Process_DMA_Deferrable$done : 798 C |
 Drain_Budgeted_Queue : 79A C |
 $engine.dma_queue$Drain_Budgeted_Queue$loop : 7A2 C |
 $engine.dma_queue$Drain_Budgeted_Queue$out_of_budget : 7C4 C |
 $engine.dma_queue$Drain_Budgeted_Queue$compact : 7C8 C |
 $engine.dma_queue$Drain_Budgeted_Queue$no_drain : 7D6 C |
 Init_SpriteTable : 7E0 C |
 $engine.buffers$Init_SpriteTable$loop : 7EA C |
 BuildStaticDMA : 802 C |
 Build_DMA_Entry : 890 C |
 PlaneMapToVRAM : 8A4 C |
 $engine.buffers$PlaneMapToVRAM$row : 8B4 C |
 $engine.buffers$PlaneMapToVRAM$cell : 8B8 C |
 Enqueue_Dirty_Buffers : 8C6 C |
 $engine.buffers$asm5$drop : 8F4 C |
 $engine.buffers$asm5$done : 8F8 C |
 $engine.buffers$Enqueue_Dirty_Buffers$skip_pal0 : 918 C |
 $engine.buffers$asm6$drop : 93E C |
 $engine.buffers$asm6$done : 942 C |
 $engine.buffers$Enqueue_Dirty_Buffers$skip_pal1 : 962 C |
 $engine.buffers$asm7$drop : 988 C |
 $engine.buffers$asm7$done : 98C C |
 $engine.buffers$Enqueue_Dirty_Buffers$skip_pal2 : 9AC C |
 $engine.buffers$asm8$drop : 9D2 C |
 $engine.buffers$asm8$done : 9D6 C |
 $engine.buffers$Enqueue_Dirty_Buffers$no_pal : 9F6 C |
 $engine.buffers$Enqueue_Dirty_Buffers$skip_pal3 : 9F6 C |
 $engine.buffers$Enqueue_Dirty_Buffers$ship_reg : A28 C |
 $engine.buffers$Enqueue_Dirty_Buffers$ship_dma : A32 C |
 $engine.buffers$asm9$drop : A52 C |
 $engine.buffers$Enqueue_Dirty_Buffers$no_ship : A56 C |
 $engine.buffers$asm9$done : A56 C |
 $engine.buffers$asm10$drop : A82 C |
 $engine.buffers$asm10$done : A86 C |
 $engine.buffers$Enqueue_Dirty_Buffers$no_spr : A8C C |
 $engine.buffers$asm11$drop : AB2 C |
 $engine.buffers$Enqueue_Dirty_Buffers$hs_done : AB6 C |
 $engine.buffers$asm11$done : AB6 C |
 VBlank_Handler : AC0 C |
 $engine.vblank$VBlank_Handler$no_bookmark : AEE C |
 $engine.vblank$VBlank_Handler$lag : AFC C |
 $engine.vblank$VBlank_Handler$done : B00 C |
 VInt_Level : B0C C |
 $engine.vblank$asm2$wait_z80 : B14 C |
 $engine.vblank$VInt_Level$charge_critical : B4A C |
 $engine.vblank$VInt_Level$charged_critical : B5C C |
 $engine.vblank$VInt_Level$budget_floored : B6C C |
 $engine.vblank$VInt_Level$staging_idle : B8C C |
 VInt_Lag : BE8 C |
 $engine.vblank$asm5$wait_z80 : BF0 C |
 VSync_Wait : C2A C |
 $engine.vblank$VSync_Wait$wait : C44 C |
 HBlank_Install : C60 C |
 HBlank_Uninstall : C7C C |
 Read_Controllers : C90 C |
 $engine.controllers$asm1$wait_z80 : C98 C |
 $engine.controllers$Read_Controllers$read_pad_6 : D04 C |
 $engine.controllers$Read_Controllers$socd_lr_ok : D6C C |
 $engine.controllers$Read_Controllers$socd_ud_ok : D7C C |
 $engine.controllers$Read_Controllers$three_button : D9A C |
 GameLoop : DA0 C |
 GameState_Idle : DB6 C |
 Input_Tick : DBE C |
 $engine.replay$Input_Tick$live : DCE C |
 $engine.replay$Input_Tick$playback : DD0 C |
 $engine.replay$Input_Tick$no_exit : DDC C |
 $engine.replay$Input_Tick$fetch : DE2 C |
 $engine.replay$Input_Tick$fetch_a0 : DE6 C |
 $engine.replay$Input_Tick$pair : E0C C |
 $engine.replay$Input_Tick$hold : E16 C |
 $engine.replay$Input_Tick$apply : E1E C |
 $engine.replay$Input_Tick$end : E34 C |
 $engine.replay$Input_Tick$bad_stream : E3E C |
 $engine.replay$Input_Tick$desync : E5E C |
 $engine.replay$Input_Tick$record : E7E C |
 $engine.replay$Input_Tick$rec_store : EB6 C |
 $engine.replay$Input_Tick$rec_stop : ED2 C |
 $engine.replay$Input_Tick$rec_ret : EDA C |
 Replay_Hash : EDC C |
 $engine.replay$Replay_Hash$hash_next : EE2 C |
 $engine.replay$Replay_Hash$hash_fold : EEA C |
 $engine.replay$Replay_Hash$hash_wtail : EF4 C |
 $engine.replay$Replay_Hash$int_fold : F1E C |
 $engine.replay$Replay_Hash$hash_table : F54 C |
 S4LZ_DecompressDict : FC0 C |
 $diag1$engine.s4lz$raise : FCE C |
 $diag1$engine.s4lz$skip : 1012 C |
 S4LZ_Decompress : 1018 C |
 $diag3$engine.s4lz$raise : 102A C |
 $diag3$engine.s4lz$skip : 1076 C |
 $engine.s4lz$S4LZ_Decompress$token_loop : 107A C |
 $engine.s4lz$S4LZ_Decompress$lit_end : 10B6 C |
 $engine.s4lz$S4LZ_Decompress$no_literals : 10B6 C |
 $engine.s4lz$S4LZ_Decompress$offmark_zero : 10C6 C |
 $engine.s4lz$S4LZ_Decompress$have_offset : 10D0 C |
 $diag4$engine.s4lz$raise : 10E4 C |
 $diag4$engine.s4lz$skip : 112C C |
 $engine.s4lz$S4LZ_Decompress$src_in_dest : 1130 C |
 $engine.s4lz$S4LZ_Decompress$match_end : 115A C |
 $engine.s4lz$S4LZ_Decompress$lit_extended : 115E C |
 $engine.s4lz$S4LZ_Decompress$lit_dbf_loop : 1162 C |
 $engine.s4lz$S4LZ_Decompress$match_extended : 116C C |
 $engine.s4lz$S4LZ_Decompress$match_dbf_loop : 1170 C |
 $engine.s4lz$S4LZ_Decompress$stream_done : 117A C |
 $engine.s4lz$S4LZ_Decompress$return : 118A C |
 TileDelta_Undo : 118C C |
 $engine.s4lz$TileDelta_Undo$tile_loop : 119A C |
 $engine.s4lz$TileDelta_Undo$done : 11BE C |
 ZX0R_Decompress : 11C0 C |
 $engine.zx0_resume$ZX0R_Decompress$literals : 11C4 C |
 $engine.zx0_resume$ZX0R_Decompress$lit_elias : 11C6 C |
 $engine.zx0_resume$ZX0R_Decompress$lit_got : 11CE C |
 $engine.zx0_resume$ZX0R_Decompress$lit_done : 11D6 C |
 $engine.zx0_resume$ZX0R_Decompress$copy_lits : 11D8 C |
 $engine.zx0_resume$ZX0R_Decompress$rep_match : 11E2 C |
 $engine.zx0_resume$ZX0R_Decompress$rep_elias : 11E4 C |
 $engine.zx0_resume$ZX0R_Decompress$rep_got : 11EC C |
 $engine.zx0_resume$ZX0R_Decompress$do_copy : 11F4 C |
 $engine.zx0_resume$ZX0R_Decompress$do_copy_offs : 11F6 C |
 $engine.zx0_resume$ZX0R_Decompress$copy_match : 11FA C |
 $engine.zx0_resume$ZX0R_Decompress$get_offset : 1204 C |
 $engine.zx0_resume$ZX0R_Decompress$off_elias : 1206 C |
 $engine.zx0_resume$ZX0R_Decompress$off_got : 120E C |
 $engine.zx0_resume$ZX0R_Decompress$off_done : 1216 C |
 $engine.zx0_resume$ZX0R_Decompress$len_elias : 1226 C |
 $engine.zx0_resume$ZX0R_Decompress$len_loop : 122A C |
 $engine.zx0_resume$ZX0R_Decompress$len_got : 1232 C |
 $engine.zx0_resume$ZX0R_Decompress$done : 1236 C |
 ZX0R_Decompress.__end : 1238 C |
 GetSineCosine : 1240 C |
 Sine_Table : 1258 C |
 GetArcTan : 14D8 C |
 $engine.math$GetArcTan$abs_x_ok : 14F0 C |
 $engine.math$GetArcTan$abs_y_ok : 14F6 C |
 $engine.math$GetArcTan$fold : 1506 C |
 $engine.math$GetArcTan$quadrant : 1510 C |
 $engine.math$GetArcTan$x_pos : 151A C |
 $engine.math$GetArcTan$y_pos : 1524 C |
 $engine.math$GetArcTan$zero : 152A C |
 ArcTan_Table : 1534 C |
 Perform_DPLC : 1638 C |
 $engine.objects.dplc$asm1$entry_loop : 1654 C |
 $engine.objects.dplc$asm1$done : 1688 C |
 Perform_DPLC_Deferrable : 168A C |
 $engine.objects.dplc$asm3$entry_loop : 16A6 C |
 $engine.objects.dplc$asm3$done : 16DA C |
 InitObjectRAM : 16DC C |
 $engine.objects.core$InitObjectRAM$clear : 16E6 C |
 $engine.objects.core$InitObjectRAM$push_dyn : 16F8 C |
 $engine.objects.core$InitObjectRAM$push_eff : 1714 C |
 AllocDynamic : 172E C |
 $engine.objects.core$AllocDynamic$append : 1770 C |
 $engine.objects.core$AllocDynamic$latch_full : 178A C |
 $engine.objects.core$AllocDynamic$full : 178E C |
 AllocEffect : 1792 C |
 $engine.objects.core$AllocEffect$full : 17A8 C |
 DeleteObject : 17AC C |
 $diag4$engine.objects.core$raise : 17B8 C |
 $diag4$engine.objects.core$skip : 1808 C |
 $diag5$engine.objects.core$raise : 1816 C |
 $diag5$engine.objects.core$skip : 186A C |
 $diag6$engine.objects.core$raise : 1878 C |
 $diag6$engine.objects.core$skip : 18C0 C |
 $engine.objects.core$DeleteObject$no_cascade : 18D8 C |
 $engine.objects.core$DeleteObject$check_effect : 18EC C |
 $engine.objects.core$DeleteObject$effect_pool : 18F2 C |
 $engine.objects.core$DeleteObject$dynamic_pool : 18FE C |
 $engine.objects.core$DeleteObject$dyn_zero_scan : 191C C |
 $engine.objects.core$DeleteObject$dyn_zero_hit : 1926 C |
 $engine.objects.core$DeleteObject$dyn_zero_pending : 1928 C |
 $engine.objects.core$DeleteObject$dyn_pend_scan : 1934 C |
 $engine.objects.core$DeleteObject$dyn_pend_hit : 193E C |
 $engine.objects.core$DeleteObject$dyn_zero_done : 1940 C |
 $engine.objects.core$DeleteObject$clear_slot : 1942 C |
 CompactDynamicLive : 1970 C |
 $diag29$engine.objects.core$raise : 197E C |
 $diag29$engine.objects.core$skip : 19CA C |
 $diag30$engine.objects.core$raise : 19E2 C |
 $diag30$engine.objects.core$skip : 1A34 C |
 $engine.objects.core$CompactDynamicLive$loop : 1A3A C |
 $engine.objects.core$CompactDynamicLive$next : 1A46 C |
 $engine.objects.core$CompactDynamicLive$recount : 1A4A C |
 DrainDynamicPending : 1A5E C |
 $engine.objects.core$DrainDynamicPending$loop : 1A74 C |
 $engine.objects.core$DrainDynamicPending$next : 1A82 C |
 $engine.objects.core$DrainDynamicPending$clear : 1A86 C |
 $engine.objects.core$DrainDynamicPending$sweep_loop : 1A96 C |
 $engine.objects.core$DrainDynamicPending$sweep_next : 1A9C C |
 $diag32$engine.objects.core$raise : 1AAE C |
 $diag32$engine.objects.core$skip : 1AF6 C |
 $engine.objects.core$DrainDynamicPending$entry_check : 1B06 C |
 $diag33$engine.objects.core$raise : 1B14 C |
 $diag33$engine.objects.core$skip : 1B64 C |
 $diag34$engine.objects.core$raise : 1B72 C |
 $diag34$engine.objects.core$skip : 1BC6 C |
 $engine.objects.core$DrainDynamicPending$dbg_done : 1BCC C |
 RunObjects : 1BCE C |
 $engine.objects.core$RunObjects$reconcile : 1C02 C |
 $engine.objects.core$RunObjects$no_reconcile : 1C0A C |
 $engine.objects.core$RunObjects$always_loop : 1C0C C |
 $engine.objects.core$RunObjects$run_always : 1C0C C |
 $engine.objects.core$RunObjects$always_next : 1C1A C |
 $engine.objects.core$RunObjects$run_culled : 1C24 C |
 $engine.objects.core$RunObjects$culled_loop : 1C34 C |
 $engine.objects.core$asm36$abs : 1C4A C |
 $engine.objects.core$asm37$abs : 1C5C C |
 $engine.objects.core$RunObjects$culled_next : 1C72 C |
 $engine.objects.core$RunObjects$culled_done : 1C76 C |
 Debug_AssertObjLoop : 1C7C C |
 $diag39$engine.objects.core$raise : 1C88 C |
 $diag39$engine.objects.core$skip : 1CD8 C |
 $diag40$engine.objects.core$raise : 1CE6 C |
 $diag40$engine.objects.core$skip : 1D3A C |
 $diag41$engine.objects.core$raise : 1D46 C |
 $diag41$engine.objects.core$skip : 1D98 C |
 RunObjects_Frozen : 1D9C C |
 $engine.objects.core$RunObjects_Frozen$frozen_dyn_loop : 1DB6 C |
 $engine.objects.core$RunObjects_Frozen$frozen_dyn_next : 1DC2 C |
 $engine.objects.core$RunObjects_Frozen$frozen_dyn_done : 1DC6 C |
 $engine.objects.core$RunObjects_Frozen$frozen_fixed : 1DD6 C |
 $engine.objects.core$RunObjects_Frozen$frozen_fixed_loop : 1DD6 C |
 $engine.objects.core$RunObjects_Frozen$frozen_fixed_next : 1DDC C |
 ObjectMove : 1DE6 C |
 ObjectMoveX : 1E00 C |
 ObjectMoveY : 1E0E C |
 InitSpriteSystem : 1E20 C |
 Draw_Sprite : 1E34 C |
 $engine.objects.sprites$Draw_Sprite$no_parent : 1E46 C |
 $engine.objects.sprites$Draw_Sprite$screen_coords : 1EA2 C |
 $engine.objects.sprites$Draw_Sprite$cascade : 1EC0 C |
 $engine.objects.sprites$Draw_Sprite$band_has_room : 1ECE C |
 $engine.objects.sprites$Draw_Sprite$all_bands_full : 1EE8 C |
 $engine.objects.sprites$Draw_Sprite$offscreen : 1EEA C |
 Render_Sprites : 1EF2 C |
 $engine.objects.sprites$Render_Sprites$owner_clear : 1F06 C |
 $engine.objects.sprites$Render_Sprites$band_loop : 1F2E C |
 $engine.objects.sprites$Render_Sprites$reverse_band : 1F58 C |
 $engine.objects.sprites$Render_Sprites$object_loop : 1F62 C |
 $diag3$engine.objects.sprites$raise : 1FA6 C |
 $diag3$engine.objects.sprites$skip : 1FEE C |
 $engine.objects.sprites$Render_Sprites$screen_pos : 201A C |
 $engine.objects.sprites$Render_Sprites$have_pos : 202A C |
 $engine.objects.sprites$Render_Sprites$budget_ok : 205A C |
 $engine.objects.sprites$Render_Sprites$multi_sprite : 2074 C |
 $engine.objects.sprites$Render_Sprites$sibling_loop : 2082 C |
 $engine.objects.sprites$Render_Sprites$child_screen_pos : 20CE C |
 $engine.objects.sprites$Render_Sprites$child_have_pos : 20DE C |
 $engine.objects.sprites$Render_Sprites$sibling_advance : 20F4 C |
 $engine.objects.sprites$Render_Sprites$multi_done : 20FA C |
 $engine.objects.sprites$Render_Sprites$next_object : 20FC C |
 $engine.objects.sprites$Render_Sprites$next_band : 2102 C |
 $engine.objects.sprites$Render_Sprites$no_mask_insert : 2114 C |
 $engine.objects.sprites$Render_Sprites$done : 2120 C |
 $engine.objects.sprites$Render_Sprites$chain_walk : 2138 C |
 $diag4$engine.objects.sprites$raise : 2150 C |
 $diag4$engine.objects.sprites$skip : 2198 C |
 $engine.objects.sprites$Render_Sprites$empty_table : 21B6 C |
 $engine.objects.sprites$Render_Sprites$still_empty : 21D8 C |
 $engine.objects.sprites$Render_Sprites$band_limit_pop : 21DE C |
 CellOffsets_XFlip : 21E4 C |
 Emit_ObjectPieces : 21F4 C |
 $engine.objects.sprites$Emit_ObjectPieces$pieces_unflipped : 220C C |
 $engine.objects.sprites$asm6$piece_loop : 220E C |
 $engine.objects.sprites$asm11$x_ok : 2232 C |
 $engine.objects.sprites$Emit_ObjectPieces$pieces_xflip : 223E C |
 $engine.objects.sprites$asm12$piece_loop : 2240 C |
 $engine.objects.sprites$asm17$x_ok : 2276 C |
 $engine.objects.sprites$Emit_ObjectPieces$pieces_yflip : 2282 C |
 $engine.objects.sprites$asm18$piece_loop : 2284 C |
 $engine.objects.sprites$asm23$x_ok : 22BA C |
 $engine.objects.sprites$Emit_ObjectPieces$pieces_xyflip : 22C6 C |
 $engine.objects.sprites$asm24$piece_loop : 22C8 C |
 $engine.objects.sprites$asm29$x_ok : 230C C |
 InsertSpriteMasks : 2318 C |
 $engine.objects.sprites$InsertSpriteMasks$mask_loop : 2322 C |
 $engine.objects.sprites$InsertSpriteMasks$masks_done : 2352 C |
 AnimateSprite : 2354 C |
 $engine.objects.animate$asm1$rt_static : 238C C |
 $engine.objects.animate$AnimateSprite$set_frame : 23A4 C |
 $engine.objects.animate$AnimateSprite$done : 23AC C |
 $engine.objects.animate$AnimateSprite$anim_changed : 23AE C |
 $engine.objects.animate$asm2$rt_static : 23CA C |
 $engine.objects.animate$AnimateSprite$control_code : 23DC C |
 $engine.objects.animate$AnimateSprite$cc_table : 23F0 C |
 $engine.objects.animate$AnimateSprite$cc_end : 2414 C |
 $engine.objects.animate$AnimateSprite$cc_back : 2428 C |
 $diag3$engine.objects.animate$raise : 2438 C |
 $diag3$engine.objects.animate$skip : 2484 C |
 $engine.objects.animate$AnimateSprite$cc_change : 24A0 C |
 $engine.objects.animate$AnimateSprite$cc_routine : 24AC C |
 $engine.objects.animate$AnimateSprite$cc_delete : 24B2 C |
 $engine.objects.animate$AnimateSprite$evt_callback : 24B6 C |
 $engine.objects.animate$AnimateSprite$evt_cb_done : 24D4 C |
 $engine.objects.animate$AnimateSprite$evt_sound : 24DC C |
 $engine.objects.animate$AnimateSprite$evt_collision : 24E8 C |
 $engine.objects.animate$AnimateSprite$evt_set_field : 24F6 C |
 $diag4$engine.objects.animate$raise : 2506 C |
 $diag4$engine.objects.animate$skip : 255A C |
 $diag5$engine.objects.animate$raise : 2566 C |
 $diag5$engine.objects.animate$skip : 25BE C |
 $engine.objects.animate$AnimateSprite$after_event : 25CA C |
 RefreshSpritePieceCount : 25E0 C |
 $engine.objects.animate$asm7$no_mappings : 2602 C |
 $engine.objects.animate$asm7$rpc_done : 2606 C |
 TouchResponse : 2608 C |
 $engine.objects.collision$TouchResponse$player_loop : 2612 C |
 $engine.objects.collision$TouchResponse$dyn_loop : 263C C |
 $engine.objects.collision$asm2$aov : 2666 C |
 $engine.objects.collision$asm4$aov : 268A C |
 $engine.objects.collision$asm1$overlap_done : 26B4 C |
 $engine.objects.collision$TouchResponse$dyn_next : 26BC C |
 $engine.objects.collision$TouchResponse$dyn_done : 26C0 C |
 $engine.objects.collision$TouchResponse$fixed_loop : 26CC C |
 $engine.objects.collision$asm7$aov : 26F0 C |
 $engine.objects.collision$asm9$aov : 2714 C |
 $engine.objects.collision$asm6$overlap_done : 273E C |
 $engine.objects.collision$TouchResponse$fixed_next : 2746 C |
 $engine.objects.collision$TouchResponse$next_player : 274E C |
 Touch_HandlerTable : 275A C |
 Touch_Boss : 278E C |
 Touch_Bubble : 278E C |
 Touch_Enemy : 278E C |
 Touch_Monitor : 278E C |
 Touch_None : 278E C |
 Touch_Projectile : 278E C |
 Touch_Ring : 278E C |
 Touch_SolidBreak : 278E C |
 Touch_SolidHurt : 278E C |
 Touch_Spring : 278E C |
 Touch_Touch : 278E C |
 Touch_Hurt : 2790 C |
 Touch_Solid : 2792 C |
 $engine.objects.collision$asm25$abs : 279C C |
 $engine.objects.collision$asm26$abs : 27A6 C |
 $engine.objects.collision$Touch_Solid$solid_top : 27CC C |
 $engine.objects.collision$Touch_Solid$solid_side : 27F6 C |
 $engine.objects.collision$Touch_Solid$solid_push_left : 2806 C |
 $engine.objects.collision$Touch_Solid$solid_done : 280E C |
 RingBuffer_Add : 2810 C |
 $engine.objects.rings$RingBuffer_Add$not_record : 2844 C |
 $engine.objects.rings$RingBuffer_Add$full : 284A C |
 $diag1$engine.objects.rings$raise : 285C C |
 $diag1$engine.objects.rings$skip : 28A8 C |
 RingBuffer_Remove : 28B0 C |
 $engine.objects.rings$RingBuffer_Remove$done : 28E2 C |
 RingBuffer_Clear : 28E4 C |
 DrawRings : 28F2 C |
 $engine.objects.rings$DrawRings$frame_ok : 290C C |
 $engine.objects.rings$DrawRings$no_anim_tick : 2910 C |
 $engine.objects.rings$DrawRings$ring_loop : 293E C |
 $engine.objects.rings$DrawRings$x_ok : 2982 C |
 $engine.objects.rings$DrawRings$skip_ring : 2984 C |
 $engine.objects.rings$DrawRings$done : 298A C |
 RingCollision : 298C C |
 $engine.objects.rings$RingCollision$player_loop : 2994 C |
 $engine.objects.rings$RingCollision$ring_loop : 29BA C |
 $engine.objects.rings$asm6$aov : 29CE C |
 $engine.objects.rings$asm8$aov : 29EA C |
 $engine.objects.rings$RingCollision$no_loaded_bit : 2A10 C |
 $engine.objects.rings$RingCollision$no_hit : 2A1A C |
 $engine.objects.rings$RingCollision$next_player : 2A20 C |
 Collected_Init : 2A2A C |
 $engine.objects.entity_window$Collected_Init$loop : 2A30 C |
 $engine.objects.entity_window$Collected_Init$park_loop : 2A66 C |
 Collected_FindSlot : 2A78 C |
 $engine.objects.entity_window$Collected_FindSlot$scan : 2A7E C |
 $engine.objects.entity_window$Collected_FindSlot$found : 2A8E C |
 Collected_CheckRing : 2A92 C |
 $diag4$engine.objects.entity_window$raise : 2AA8 C |
 $diag4$engine.objects.entity_window$skip : 2AFE C |
 $engine.objects.entity_window$Collected_CheckRing$uncollected : 2B0A C |
 Collected_MarkRing : 2B0E C |
 $diag6$engine.objects.entity_window$raise : 2B24 C |
 $diag6$engine.objects.entity_window$skip : 2B7A C |
 $engine.objects.entity_window$Collected_MarkRing$done : 2B84 C |
 Killed_CheckObject : 2B86 C |
 $diag8$engine.objects.entity_window$raise : 2B9E C |
 $diag8$engine.objects.entity_window$skip : 2BF4 C |
 $engine.objects.entity_window$Killed_CheckObject$alive : 2C00 C |
 Killed_MarkObject : 2C04 C |
 $diag10$engine.objects.entity_window$raise : 2C20 C |
 $diag10$engine.objects.entity_window$skip : 2C76 C |
 $engine.objects.entity_window$Killed_MarkObject$markdone : 2C92 C |
 Collected_ClaimSlot : 2C94 C |
 $engine.objects.entity_window$Collected_ClaimSlot$find : 2CA0 C |
 $engine.objects.entity_window$Collected_ClaimSlot$claim : 2CB2 C |
 $engine.objects.entity_window$Collected_ClaimSlot$already_owned : 2CDC C |
 Collected_ParkSlot : 2CE0 C |
 $engine.objects.entity_window$Collected_ParkSlot$park : 2D04 C |
 $engine.objects.entity_window$Collected_ParkSlot$reuse_scan : 2D0C C |
 $engine.objects.entity_window$Collected_ParkSlot$index_step : 2D26 C |
 $engine.objects.entity_window$Collected_ParkSlot$index_done : 2D2E C |
 $engine.objects.entity_window$Collected_ParkSlot$write : 2D3E C |
 $engine.objects.entity_window$Collected_ParkSlot$copy_ring : 2D48 C |
 $engine.objects.entity_window$Collected_ParkSlot$copy_killed : 2D56 C |
 $engine.objects.entity_window$Collected_ParkSlot$dup_scan : 2D68 C |
 $engine.objects.entity_window$Collected_ParkSlot$dup_next : 2D6E C |
 $diag14$engine.objects.entity_window$raise : 2D82 C |
 $diag14$engine.objects.entity_window$skip : 2DCE C |
 Collected_UnparkSlot : 2DD2 C |
 $engine.objects.entity_window$Collected_UnparkSlot$scan : 2DD8 C |
 $engine.objects.entity_window$Collected_UnparkSlot$hit : 2DE6 C |
 $engine.objects.entity_window$Collected_UnparkSlot$copy_ring : 2DF2 C |
 $engine.objects.entity_window$Collected_UnparkSlot$copy_killed : 2E00 C |
 Collected_UpdateCenter : 2E0A C |
 $engine.objects.entity_window$Collected_UpdateCenter$div_center : 2E18 C |
 $engine.objects.entity_window$Collected_UpdateCenter$div_center_done : 2E22 C |
 $engine.objects.entity_window$Collected_UpdateCenter$slot_loop : 2E28 C |
 $engine.objects.entity_window$Collected_UpdateCenter$div_slot : 2E36 C |
 $engine.objects.entity_window$Collected_UpdateCenter$div_slot_done : 2E40 C |
 $engine.objects.entity_window$asm17$abs : 2E46 C |
 $engine.objects.entity_window$asm18$abs : 2E52 C |
 $engine.objects.entity_window$Collected_UpdateCenter$evict : 2E58 C |
 $engine.objects.entity_window$Collected_UpdateCenter$slot_next : 2E84 C |
 EntityLoaded_Test : 2E8E C |
 $diag21$engine.objects.entity_window$raise : 2E98 C |
 $diag21$engine.objects.entity_window$skip : 2EEE C |
 EntityLoaded_Set : 2F04 C |
 $diag23$engine.objects.entity_window$raise : 2F0E C |
 $diag23$engine.objects.entity_window$skip : 2F64 C |
 EntityLoaded_Clear : 2F7A C |
 $diag25$engine.objects.entity_window$raise : 2F84 C |
 $diag25$engine.objects.entity_window$skip : 2FDA C |
 EntityWindow_EntryForSection : 2FF0 C |
 $engine.objects.entity_window$EntityWindow_EntryForSection$efs_loop : 2FF6 C |
 $engine.objects.entity_window$EntityWindow_EntryForSection$efs_found : 300A C |
 EntityWindow_InitSection : 300E C |
 $diag28$engine.objects.entity_window$raise : 301A C |
 $diag28$engine.objects.entity_window$skip : 3062 C |
 $engine.objects.entity_window$EntityWindow_InitSection$clear_mask : 3078 C |
 $engine.objects.entity_window$EntityWindow_InitSection$same_section : 307E C |
 EntityWindow_DeriveWindow : 30B0 C |
 $engine.objects.entity_window$EntityWindow_DeriveWindow$x0_ok : 30C0 C |
 $engine.objects.entity_window$EntityWindow_DeriveWindow$y0_ok : 30CE C |
 EntityWindow_BuildEntries : 30D4 C |
 $engine.objects.entity_window$EntityWindow_BuildEntries$entry_loop : 30F4 C |
 $engine.objects.entity_window$EntityWindow_BuildEntries$x_done : 3128 C |
 $engine.objects.entity_window$EntityWindow_BuildEntries$y_done : 3136 C |
 $engine.objects.entity_window$EntityWindow_BuildEntries$void_entry : 314A C |
 $engine.objects.entity_window$EntityWindow_BuildEntries$next_entry : 3154 C |
 EntityWindow_Init : 3166 C |
 $engine.objects.entity_window$EntityWindow_Init$clear_loaded : 3178 C |
 $engine.objects.entity_window$EntityWindow_Init$clear_scan : 3186 C |
 EntityWindow_Scan : 31D0 C |
 $engine.objects.entity_window$EntityWindow_Scan$no_rescan : 31FC C |
 $engine.objects.entity_window$EntityWindow_Scan$slide : 320C C |
 $engine.objects.entity_window$EntityWindow_Scan$no_slide : 3214 C |
 $engine.objects.entity_window$EntityWindow_Scan$section_loop : 321E C |
 $engine.objects.entity_window$EntityWindow_Scan$skip_rings : 3230 C |
 $engine.objects.entity_window$EntityWindow_Scan$section_next : 323C C |
 $engine.objects.entity_window$EntityWindow_Scan$skip_objs : 323C C |
 $engine.objects.entity_window$EntityWindow_Scan$scan_done : 3248 C |
 EntityWindow_TrySpawnRing : 3250 C |
 $engine.objects.entity_window$EntityWindow_TrySpawnRing$nodup_scan : 32C8 C |
 $engine.objects.entity_window$EntityWindow_TrySpawnRing$nodup_hit : 32D6 C |
 $diag34$engine.objects.entity_window$raise : 32E2 C |
 $diag34$engine.objects.entity_window$skip : 332A C |
 $engine.objects.entity_window$EntityWindow_TrySpawnRing$nodup_ok : 332C C |
 $engine.objects.entity_window$EntityWindow_TrySpawnRing$gated : 3344 C |
 $engine.objects.entity_window$EntityWindow_TrySpawnRing$out_of_band : 3348 C |
 EntityWindow_ScanRingsRight : 334A C |
 $engine.objects.entity_window$EntityWindow_ScanRingsRight$loop : 335E C |
 $engine.objects.entity_window$EntityWindow_ScanRingsRight$at_edge : 3374 C |
 $engine.objects.entity_window$EntityWindow_ScanRingsRight$at_terminator : 337C C |
 EntityWindow_PopulateSectionRings : 3386 C |
 $engine.objects.entity_window$EntityWindow_PopulateSectionRings$pfind : 339E C |
 $engine.objects.entity_window$EntityWindow_PopulateSectionRings$pfound : 33B0 C |
 $engine.objects.entity_window$EntityWindow_PopulateSectionRings$ploop : 33B6 C |
 $engine.objects.entity_window$EntityWindow_PopulateSectionRings$pdone : 33C4 C |
 EntityWindow_TrySpawnObject : 33C6 C |
 $engine.objects.entity_window$EntityWindow_TrySpawnObject$y_ok : 33EC C |
 $engine.objects.entity_window$EntityWindow_TrySpawnObject$tag_plain : 3458 C |
 $engine.objects.entity_window$EntityWindow_TrySpawnObject$gated : 3474 C |
 $engine.objects.entity_window$EntityWindow_TrySpawnObject$out_of_band : 3478 C |
 EntityWindow_ScanObjectsRight : 347A C |
 $engine.objects.entity_window$EntityWindow_ScanObjectsRight$obj_loop : 3494 C |
 $engine.objects.entity_window$EntityWindow_ScanObjectsRight$obj_at_edge : 34A8 C |
 $engine.objects.entity_window$EntityWindow_ScanObjectsRight$obj_at_terminator : 34B2 C |
 EntityWindow_RescanY : 34BE C |
 $engine.objects.entity_window$EntityWindow_RescanY$entry_loop : 34CA C |
 $engine.objects.entity_window$EntityWindow_RescanY$entry_next : 34D6 C |
 $engine.objects.entity_window$EntityWindow_RescanY$done : 34E2 C |
 EntityWindow_RescanRings : 34E4 C |
 $engine.objects.entity_window$EntityWindow_RescanRings$loop : 34F2 C |
 $engine.objects.entity_window$EntityWindow_RescanRings$done : 3502 C |
 EntityWindow_RescanObjects : 3504 C |
 $engine.objects.entity_window$EntityWindow_RescanObjects$loop : 3514 C |
 $engine.objects.entity_window$EntityWindow_RescanObjects$done : 3524 C |
 EntityWindow_DespawnRings : 3526 C |
 $engine.objects.entity_window$EntityWindow_DespawnRings$loop : 3540 C |
 $engine.objects.entity_window$EntityWindow_DespawnRings$check_active : 3558 C |
 $engine.objects.entity_window$EntityWindow_DespawnRings$check_y : 3574 C |
 $engine.objects.entity_window$EntityWindow_DespawnRings$remove : 358C C |
 $engine.objects.entity_window$EntityWindow_DespawnRings$clr_ring_skip : 35A6 C |
 $engine.objects.entity_window$EntityWindow_DespawnRings$next : 35AC C |
 $engine.objects.entity_window$EntityWindow_DespawnRings$done : 35B0 C |
 EntityWindow_DespawnObjects : 35B2 C |
 $engine.objects.entity_window$EntityWindow_DespawnObjects$have_live : 35BA C |
 $engine.objects.entity_window$EntityWindow_DespawnObjects$loop : 35C4 C |
 $engine.objects.entity_window$EntityWindow_DespawnObjects$check_active : 35D6 C |
 $engine.objects.entity_window$EntityWindow_DespawnObjects$check_y : 35F2 C |
 $engine.objects.entity_window$EntityWindow_DespawnObjects$despawn : 3610 C |
 $engine.objects.entity_window$EntityWindow_DespawnObjects$clr_obj_skip : 362E C |
 $engine.objects.entity_window$EntityWindow_DespawnObjects$next : 363A C |
 EntityWindow_MigrateMasks : 3644 C |
 $engine.objects.entity_window$EntityWindow_MigrateMasks$new_loop : 3646 C |
 $engine.objects.entity_window$EntityWindow_MigrateMasks$old_loop : 3666 C |
 $engine.objects.entity_window$EntityWindow_MigrateMasks$match : 3674 C |
 $engine.objects.entity_window$EntityWindow_MigrateMasks$copy : 3688 C |
 $engine.objects.entity_window$EntityWindow_MigrateMasks$new_next : 368E C |
 EntityWindow_Slide : 3698 C |
 $engine.objects.entity_window$EntityWindow_Slide$snapshot : 36B2 C |
 $diag46$engine.objects.entity_window$raise : 3704 C |
 $diag46$engine.objects.entity_window$skip : 3748 C |
 $engine.objects.entity_window$EntityWindow_Slide$axis_ok : 374A C |
 $engine.objects.entity_window$EntityWindow_Slide$populate_loop : 3758 C |
 $engine.objects.entity_window$EntityWindow_Slide$old_id_scan : 376A C |
 $engine.objects.entity_window$EntityWindow_Slide$populate_next : 3778 C |
 PopulateSpawnedPieceCount : 3790 C |
 $engine.objects.children$asm1$no_mappings : 37B4 C |
 $engine.objects.children$asm1$rpc_done : 37B8 C |
 CreateChild_Normal : 37BC C |
 $diag3$engine.objects.children$raise : 37CA C |
 $diag3$engine.objects.children$skip : 3812 C |
 $engine.objects.children$CreateChild_Normal$child_loop : 3820 C |
 $engine.objects.children$CreateChild_Normal$alloc_fail : 3872 C |
 $engine.objects.children$CreateChild_Normal$done : 3874 C |
 CreateChild_Complex : 387A C |
 $engine.objects.children$CreateChild_Complex$child_loop : 3886 C |
 $engine.objects.children$CreateChild_Complex$alloc_fail : 38F0 C |
 $engine.objects.children$CreateChild_Complex$done : 38F2 C |
 CreateChild_FlipAware : 38F8 C |
 $engine.objects.children$CreateChild_FlipAware$no_flip : 3904 C |
 $engine.objects.children$CreateChild_FlipAware$child_loop : 3910 C |
 $engine.objects.children$CreateChild_FlipAware$rf_no_flip : 397E C |
 $engine.objects.children$CreateChild_FlipAware$alloc_fail : 398E C |
 $engine.objects.children$CreateChild_FlipAware$done : 3990 C |
 CreateChild_Linked : 3996 C |
 $diag13$engine.objects.children$raise : 39A4 C |
 $diag13$engine.objects.children$skip : 39EC C |
 $engine.objects.children$CreateChild_Linked$spawn_loop : 3A08 C |
 $engine.objects.children$CreateChild_Linked$first_child : 3A5A C |
 $engine.objects.children$CreateChild_Linked$linked : 3A5E C |
 $engine.objects.children$CreateChild_Linked$link_fail : 3A68 C |
 $engine.objects.children$CreateChild_Linked$done : 3A76 C |
 DeleteChildren : 3A78 C |
 $engine.objects.children$DeleteChildren$walk_chain : 3A84 C |
 $engine.objects.children$DeleteChildren$done : 3A94 C |
 CreateEffect_Normal : 3A96 C |
 $engine.objects.children$CreateEffect_Normal$effect_loop : 3A9E C |
 $engine.objects.children$CreateEffect_Normal$alloc_fail : 3AE6 C |
 $engine.objects.children$CreateEffect_Normal$done : 3AE8 C |
 CreateEffect_Simple : 3AEA C |
 $engine.objects.children$CreateEffect_Simple$spawn_loop : 3AFA C |
 $engine.objects.children$CreateEffect_Simple$done : 3B28 C |
 $engine.objects.children$CreateEffect_Simple$alloc_fail : 3B2A C |
 Load_Object : 3B2C C |
 $engine.objects.load_object$Load_Object$no_piece_count : 3B94 C |
 $engine.objects.load_object$Load_Object$alloc_fail : 3B98 C |
 $engine.objects.load_object$Load_ObjectList$loop : 3BA0 C |
 Load_ObjectList : 3BA0 C |
 $engine.objects.load_object$Load_ObjectList$done : 3BB2 C |
 Plane_Buffer_Reset : 3BB4 C |
 Draw_TileColumn : 3BBC C |
 $engine.plane_buffer$Draw_TileColumn$col_nowrap : 3BF2 C |
 $engine.plane_buffer$Draw_TileColumn$pA_clamp : 3C50 C |
 $engine.plane_buffer$Draw_TileColumn$pA_zero : 3C5C C |
 $engine.plane_buffer$Draw_TileColumn$pA_zend : 3C62 C |
 $engine.plane_buffer$Draw_TileColumn$pB_dok : 3C88 C |
 $engine.plane_buffer$Draw_TileColumn$pB_zfill : 3C94 C |
 $engine.plane_buffer$Draw_TileColumn$pB_allz : 3C9C C |
 $engine.plane_buffer$Draw_TileColumn$pB_az : 3CA0 C |
 $engine.plane_buffer$Draw_TileColumn$no_pB : 3CA6 C |
 $engine.plane_buffer$Draw_TileColumn$pB_zend : 3CA6 C |
 $engine.plane_buffer$Draw_TileColumn$sz_ok : 3CB4 C |
 $engine.plane_buffer$Draw_TileColumn$done : 3CBC C |
 $engine.plane_buffer$Draw_TileColumn$copy_col_run : 3CBE C |
 $engine.plane_buffer$Draw_TileColumn$ccr_drain : 3CD8 C |
 $engine.plane_buffer$Draw_TileColumn$ccr_quad : 3CE6 C |
 $engine.plane_buffer$Draw_TileColumn$ccr_rem_entry : 3CFC C |
 $engine.plane_buffer$Draw_TileColumn$ccr_rem : 3D02 C |
 $engine.plane_buffer$Draw_TileColumn$ccr_drained : 3D0C C |
 $engine.plane_buffer$Draw_TileColumn$ccr_ret : 3D0E C |
 Draw_TileRow_FromCache : 3D10 C |
 $engine.plane_buffer$Draw_TileRow_FromCache$row_nowrap : 3D58 C |
 $engine.plane_buffer$Draw_TileRow_FromCache$r_clamp_ok : 3D78 C |
 $engine.plane_buffer$Draw_TileRow_FromCache$row_emit_done : 3DA0 C |
 $engine.plane_buffer$Draw_TileRow_FromCache$done : 3DB0 C |
 $engine.plane_buffer$Draw_TileRow_FromCache$emit_row_run : 3DB2 C |
 $engine.plane_buffer$Draw_TileRow_FromCache$err_nonneg : 3DBC C |
 $engine.plane_buffer$Draw_TileRow_FromCache$err_norm : 3DC6 C |
 $engine.plane_buffer$Draw_TileRow_FromCache$err_run1 : 3DE0 C |
 $engine.plane_buffer$Draw_TileRow_FromCache$err_run1_tail : 3DE6 C |
 $engine.plane_buffer$Draw_TileRow_FromCache$err_run1_done : 3DEE C |
 $engine.plane_buffer$Draw_TileRow_FromCache$err_single : 3DF0 C |
 $engine.plane_buffer$Draw_TileRow_FromCache$err_run2 : 3DF8 C |
 $engine.plane_buffer$Draw_TileRow_FromCache$err_run2_tail : 3DFE C |
 $engine.plane_buffer$Draw_TileRow_FromCache$err_ret : 3E06 C |
 Draw_BG_TileColumn : 3E08 C |
 $engine.plane_buffer$Draw_BG_TileColumn$have_layout : 3E2E C |
 $engine.plane_buffer$Draw_BG_TileColumn$copy : 3E4A C |
 $engine.plane_buffer$Draw_BG_TileColumn$done : 3E60 C |
 VInt_DrawLevel : 3E62 C |
 $diag5$engine.plane_buffer$raise : 3E72 C |
 $diag5$engine.plane_buffer$skip : 3EBE C |
 $engine.plane_buffer$VInt_DrawLevel$next : 3ED4 C |
 $engine.plane_buffer$VInt_DrawLevel$drain_row : 3EEC C |
 $engine.plane_buffer$VInt_DrawLevel$col_entry : 3EF4 C |
 $engine.plane_buffer$VInt_DrawLevel$drain_col : 3F10 C |
 $engine.plane_buffer$VInt_DrawLevel$dc_tail : 3F16 C |
 $engine.plane_buffer$VInt_DrawLevel$done : 3F20 C |
 Tile_Cache_GetTile : 3F30 C |
 $engine.tile_cache$Tile_Cache_GetTile$col_nowrap : 3F42 C |
 $engine.tile_cache$Tile_Cache_GetTile$row_nowrap : 3F54 C |
 BlockStage_PtrTable : 3F6C C |
 TileCache_FindStagedBlock : 3FAC C |
 $engine.tile_cache$TileCache_FindStagedBlock$chain : 3FC4 C |
 $engine.tile_cache$TileCache_FindStagedBlock$miss : 3FDA C |
 $engine.tile_cache$TileCache_FindStagedBlock$hit : 3FDE C |
 TileCache_InvalidateStaging : 3FF4 C |
 $engine.tile_cache$TileCache_InvalidateStaging$inv : 3FFA C |
 $engine.tile_cache$TileCache_InvalidateStaging$inv_maps : 4014 C |
 $engine.tile_cache$TileCache_InvalidateStaging$inv_bucket : 4024 C |
 $engine.tile_cache$TileCache_InvalidateStaging$inv_chain : 4036 C |
 $engine.tile_cache$TileCache_InvalidateStaging$inv_spec_ring : 4060 C |
 TileCache_DecompressBlock : 4074 C |
 $engine.tile_cache$TileCache_DecompressBlock$rr_ok : 408E C |
 $engine.tile_cache$TileCache_DecompressBlock$idx_dup_step : 40B4 C |
 $diag5$engine.tile_cache$raise : 40BC C |
 $engine.tile_cache$TileCache_DecompressBlock$idx_dup_next : 4146 C |
 $engine.tile_cache$TileCache_DecompressBlock$idx_dup_ok : 414E C |
 $engine.tile_cache$TileCache_DecompressBlock$idx_unlink_step : 416A C |
 $diag6$engine.tile_cache$raise : 4186 C |
 $engine.tile_cache$TileCache_DecompressBlock$idx_unlink_lost : 4186 C |
 $engine.tile_cache$TileCache_DecompressBlock$idx_unlink_found : 41F6 C |
 $engine.tile_cache$TileCache_DecompressBlock$idx_link : 4200 C |
 $engine.tile_cache$TileCache_DecompressBlock$raw_direct : 42A4 C |
 $diag7$engine.tile_cache$raise : 42B4 C |
 $diag7$engine.tile_cache$skip : 430A C |
 $diag8$engine.tile_cache$raise : 431A C |
 $diag8$engine.tile_cache$skip : 435E C |
 $engine.tile_cache$TileCache_DecompressBlock$empty_block : 4370 C |
 Blank_Local_Map : 4390 C |
 __align$engine.tile_cache$0 : 4390 C |
 TileCache_CopyBlockColumn : 4392 C |
 $engine.tile_cache$TileCache_CopyBlockColumn$col_nowrap : 43A0 C |
 $engine.tile_cache$TileCache_CopyBlockColumn$row_nowrap : 43AE C |
 $engine.tile_cache$TileCache_CopyBlockColumn$nt_one_run : 43F0 C |
 $engine.tile_cache$TileCache_CopyBlockColumn$nt_run2 : 43F2 C |
 $engine.tile_cache$TileCache_CopyBlockColumn$coll_run1 : 4428 C |
 $engine.tile_cache$TileCache_CopyBlockColumn$coll_one_run : 444A C |
 $engine.tile_cache$TileCache_CopyBlockColumn$coll_run2 : 444C C |
 $engine.tile_cache$TileCache_CopyBlockColumn$coll_run2_loop : 444E C |
 $engine.tile_cache$TileCache_CopyBlockColumn$done_coll : 4462 C |
 Tile_Cache_Init : 4466 C |
 $engine.tile_cache$Tile_Cache_Init$left_ok : 4476 C |
 $engine.tile_cache$Tile_Cache_Init$top_ok : 44D6 C |
 TileCache_FillAll : 44F6 C |
 $engine.tile_cache$TileCache_FillAll$zero_nt : 450C C |
 $engine.tile_cache$TileCache_FillAll$zero_coll : 451C C |
 $engine.tile_cache$TileCache_FillAll$block_row_loop : 4542 C |
 $engine.tile_cache$TileCache_FillAll$block_col_loop : 4546 C |
 $engine.tile_cache$TileCache_FillAll$fill_copy_col : 457C C |
 $engine.tile_cache$TileCache_FillAll$fill_no_clip : 4598 C |
 $engine.tile_cache$TileCache_FillAll$fill_rows_ok : 45B6 C |
 $engine.tile_cache$TileCache_FillAll$fill_skip_col : 45C8 C |
 TileCache_WarmupBelowRow : 45F0 C |
 $engine.tile_cache$TileCache_WarmupBelowRow$scan : 4616 C |
 $engine.tile_cache$TileCache_WarmupBelowRow$next : 465A C |
 $engine.tile_cache$TileCache_WarmupBelowRow$done : 4660 C |
 Tile_Cache_Fill : 4662 C |
 $engine.tile_cache$Tile_Cache_Fill$fg_on_time : 4680 C |
 $engine.tile_cache$Tile_Cache_Fill$fg_lag_done : 4684 C |
 $engine.tile_cache$Tile_Cache_Fill$spec_rearm_test : 46C4 C |
 $engine.tile_cache$Tile_Cache_Fill$spec_down : 46CA C |
 $engine.tile_cache$Tile_Cache_Fill$spec_rearm : 46D2 C |
 $engine.tile_cache$Tile_Cache_Fill$spec_gate_done : 46D8 C |
 $engine.tile_cache$Tile_Cache_Fill$stall_wd_count : 46E4 C |
 $diag16$engine.tile_cache$raise : 46F0 C |
 $engine.tile_cache$Tile_Cache_Fill$stall_wd_done : 4754 C |
 $engine.tile_cache$Tile_Cache_Fill$row_pending_stale : 47A6 C |
 $engine.tile_cache$Tile_Cache_Fill$no_row_pending : 47AC C |
 $engine.tile_cache$Tile_Cache_Fill$pending_row_ok : 47D0 C |
 $engine.tile_cache$Tile_Cache_Fill$pending_stale : 47DC C |
 $engine.tile_cache$Tile_Cache_Fill$no_pending : 47E2 C |
 $engine.tile_cache$Tile_Cache_Fill$h_left_pos : 47F4 C |
 $engine.tile_cache$Tile_Cache_Fill$h_clamp_ok : 4816 C |
 $engine.tile_cache$Tile_Cache_Fill$h_right_fill : 481A C |
 $engine.tile_cache$Tile_Cache_Fill$h_no_evict : 4832 C |
 $engine.tile_cache$Tile_Cache_Fill$h_right_done : 484A C |
 $engine.tile_cache$Tile_Cache_Fill$h_left_fill : 4850 C |
 $engine.tile_cache$Tile_Cache_Fill$h_no_evict_left : 4866 C |
 $engine.tile_cache$Tile_Cache_Fill$h_origin_ok : 4876 C |
 $engine.tile_cache$Tile_Cache_Fill$h_left_done : 488A C |
 $engine.tile_cache$Tile_Cache_Fill$v_section : 488A C |
 $engine.tile_cache$Tile_Cache_Fill$v_top_pos : 489C C |
 $engine.tile_cache$Tile_Cache_Fill$v_clamp_ok : 48C2 C |
 $engine.tile_cache$Tile_Cache_Fill$v_bottom_fill : 48CA C |
 $engine.tile_cache$Tile_Cache_Fill$v_no_evict : 48E8 C |
 $engine.tile_cache$Tile_Cache_Fill$v_bottom_done : 4902 C |
 $engine.tile_cache$Tile_Cache_Fill$v_top_fill : 4908 C |
 $engine.tile_cache$Tile_Cache_Fill$v_no_evict_up : 492E C |
 $engine.tile_cache$Tile_Cache_Fill$v_top_done : 4960 C |
 $engine.tile_cache$Tile_Cache_Fill$pfx_no_recent_lag : 4976 C |
 $engine.tile_cache$Tile_Cache_Fill$pfx_gate_ok : 497A C |
 $engine.tile_cache$Tile_Cache_Fill$pfx_up : 49C8 C |
 $engine.tile_cache$Tile_Cache_Fill$pfx_go : 49DA C |
 $engine.tile_cache$Tile_Cache_Fill$pfx_scan_begin : 4A40 C |
 $engine.tile_cache$Tile_Cache_Fill$pfx_scan : 4A4A C |
 $engine.tile_cache$Tile_Cache_Fill$pfx_next : 4A88 C |
 $engine.tile_cache$Tile_Cache_Fill$pfx_stage : 4A8E C |
 $engine.tile_cache$Tile_Cache_Fill$pfx_record : 4A98 C |
 $engine.tile_cache$Tile_Cache_Fill$row_done : 4AC0 C |
 $engine.tile_cache$Tile_Cache_Fill$cs_first_left : 4AE2 C |
 $engine.tile_cache$Tile_Cache_Fill$cs_first_set : 4AE4 C |
 $engine.tile_cache$Tile_Cache_Fill$cs_have_latch : 4AEE C |
 $engine.tile_cache$Tile_Cache_Fill$cs_opp_ready : 4AF6 C |
 $engine.tile_cache$Tile_Cache_Fill$cs_accum_ok : 4B04 C |
 $engine.tile_cache$Tile_Cache_Fill$cs_latched : 4B16 C |
 $engine.tile_cache$Tile_Cache_Fill$cs_left : 4B30 C |
 $engine.tile_cache$Tile_Cache_Fill$cs_have_col : 4B40 C |
 $engine.tile_cache$Tile_Cache_Fill$cs_scan_begin : 4BBA C |
 $engine.tile_cache$Tile_Cache_Fill$cs_scan : 4BC4 C |
 $engine.tile_cache$Tile_Cache_Fill$cs_next : 4C02 C |
 $engine.tile_cache$Tile_Cache_Fill$cs_stage : 4C08 C |
 $engine.tile_cache$Tile_Cache_Fill$cs_record : 4C12 C |
 $engine.tile_cache$Tile_Cache_Fill$col_done : 4C3A C |
 $engine.tile_cache$Tile_Cache_Fill$fill_return : 4C88 C |
 TileCache_FillColumn : 4C8A C |
 $engine.tile_cache$TileCache_FillColumn$fc_block_loop : 4CA4 C |
 $engine.tile_cache$TileCache_FillColumn$fc_from_top : 4CA4 C |
 $engine.tile_cache$TileCache_FillColumn$fc_have_block : 4CE6 C |
 $engine.tile_cache$TileCache_FillColumn$fc_rows_ok : 4D14 C |
 $engine.tile_cache$TileCache_FillColumn$fc_budget_out : 4D34 C |
 $engine.tile_cache$TileCache_FillColumn$fc_no_xhold : 4D60 C |
 $engine.tile_cache$asm22$no_hold : 4D60 C |
 $engine.tile_cache$TileCache_FillColumn$fc_complete : 4D64 C |
 TileCache_FillRow : 4D6E C |
 $engine.tile_cache$TileCache_FillRow$fr_row_nowrap : 4D88 C |
 $engine.tile_cache$TileCache_FillRow$fr_no_coll : 4D9E C |
 $engine.tile_cache$TileCache_FillRow$fr_block_loop : 4DCE C |
 $engine.tile_cache$TileCache_FillRow$fr_from_left : 4DCE C |
 $engine.tile_cache$TileCache_FillRow$fr_have_block : 4E12 C |
 $engine.tile_cache$TileCache_FillRow$fr_iclo_done : 4E4C C |
 $engine.tile_cache$TileCache_FillRow$fr_ichi_head : 4E5C C |
 $engine.tile_cache$TileCache_FillRow$fr_ichi_done : 4E6C C |
 $engine.tile_cache$TileCache_FillRow$fr_nt_ncalc : 4E94 C |
 $engine.tile_cache$TileCache_FillRow$fr_nt_emit : 4EA0 C |
 $engine.tile_cache$TileCache_FillRow$fr_nt_empty : 4EC4 C |
 $engine.tile_cache$TileCache_FillRow$fr_ci_iclo : 4EE8 C |
 $engine.tile_cache$TileCache_FillRow$fr_ci_head : 4EF8 C |
 $engine.tile_cache$TileCache_FillRow$fr_ci_ichi : 4F08 C |
 $engine.tile_cache$TileCache_FillRow$fr_ci_ncalc : 4F2E C |
 $engine.tile_cache$TileCache_FillRow$fr_ci_emit : 4F3A C |
 $engine.tile_cache$TileCache_FillRow$fr_ci_run1 : 4F4E C |
 $engine.tile_cache$TileCache_FillRow$fr_ci_run2 : 4F68 C |
 $engine.tile_cache$TileCache_FillRow$fr_next_block : 4F70 C |
 $engine.tile_cache$TileCache_FillRow$fr_budget_out : 4F86 C |
 $engine.tile_cache$TileCache_FillRow$fr_no_yhold : 4FB4 C |
 $engine.tile_cache$asm27$no_hold : 4FB4 C |
 $engine.tile_cache$TileCache_FillRow$fr_done : 4FB8 C |
 $engine.tile_cache$TileCache_FillRow$fr_early_out : 4FC4 C |
 TileCache_HSlide : 4FC8 C |
 $engine.tile_cache$TileCache_HSlide$nowrap : 4FE0 C |
 $engine.tile_cache$TileCache_HSlide$done : 4FE4 C |
 TileCache_VSlide : 4FE6 C |
 $engine.tile_cache$TileCache_VSlide$vslide_nowrap : 4FFC C |
 $engine.tile_cache$TileCache_VSlide$vslide_done : 5000 C |
 TileCache_VSlideUp : 5002 C |
 $engine.tile_cache$TileCache_VSlideUp$vsu_nowrap : 5016 C |
 $engine.tile_cache$TileCache_VSlideUp$vsu_done : 501A C |
 Collision_GetType : 5020 C |
 $engine.collision_lookup$Collision_GetType$col_nowrap : 5040 C |
 $engine.collision_lookup$Collision_GetType$row_nowrap : 5066 C |
 $engine.collision_lookup$Collision_GetType$plane_selected : 5078 C |
 $engine.collision_lookup$Collision_GetType$cgt_air : 5084 C |
 Section_Init : 5088 C |
 Section_FillInitial : 5094 C |
 Section_FlatIDXY : 50BE C |
 $engine.section$Section_FlatIDXY$fxy_mul : 50C8 C |
 $engine.section$Section_FlatIDXY$fxy_add_x : 50D0 C |
 Section_GetSecPtrXY : 50D8 C |
 $engine.section$Section_GetSecPtrXY$out_of_range : 5108 C |
 Section_RedrawPlanes : 510E C |
 $diag5$engine.section$raise : 5130 C |
 $diag5$engine.section$skip : 517C C |
 $engine.section$asm6$wait_z80 : 5186 C |
 $engine.section$Section_RedrawPlanes$pla_fill : 51AC C |
 $engine.section$Section_RedrawPlanes$col_nowrap : 51DE C |
 $engine.section$Section_RedrawPlanes$pA_clamp : 5224 C |
 $engine.section$Section_RedrawPlanes$pA_data : 522A C |
 $engine.section$Section_RedrawPlanes$pa_nowrap : 5238 C |
 $engine.section$Section_RedrawPlanes$pA_dskip : 523C C |
 $engine.section$Section_RedrawPlanes$pA_zero : 5246 C |
 $engine.section$Section_RedrawPlanes$pA_zskip : 524C C |
 $engine.section$Section_RedrawPlanes$pB_dok : 5278 C |
 $engine.section$Section_RedrawPlanes$pB_data : 527C C |
 $engine.section$Section_RedrawPlanes$pb_nowrap : 528A C |
 $engine.section$Section_RedrawPlanes$pB_zfill : 5298 C |
 $engine.section$Section_RedrawPlanes$pB_allz : 52A0 C |
 $engine.section$Section_RedrawPlanes$pB_az : 52A6 C |
 $engine.section$Section_RedrawPlanes$pB_skip : 52AC C |
 $engine.section$Section_RedrawPlanes$pla_next : 52AE C |
 $engine.section$Section_RedrawPlanes$plb_use_act_layout : 52DA C |
 $engine.section$Section_RedrawPlanes$plb_have_layout : 52E4 C |
 $engine.section$Section_RedrawPlanes$plb_col : 52EA C |
 $engine.section$Section_RedrawPlanes$plb_word : 5306 C |
 $engine.section$Section_RedrawPlanes$plb_done : 5314 C |
 $engine.section$Section_RedrawPlanes$track_left_ok : 532C C |
 Section_UpdateColumns : 5332 C |
 $engine.section$Section_UpdateColumns$not_dirty : 5356 C |
 $engine.section$Section_UpdateColumns$right_clamp_ok : 537C C |
 $engine.section$Section_UpdateColumns$right_cache_ok : 5386 C |
 $engine.section$Section_UpdateColumns$right_wrap_ok : 5394 C |
 $engine.section$Section_UpdateColumns$right_loop : 5398 C |
 $engine.section$Section_UpdateColumns$right_done : 53B8 C |
 $engine.section$Section_UpdateColumns$right_done_cache_ok : 53CC C |
 $engine.section$Section_UpdateColumns$left_clamp_skip : 53D6 C |
 $engine.section$Section_UpdateColumns$left_cache_ok : 53E4 C |
 $engine.section$Section_UpdateColumns$left_wrap_ok : 53F6 C |
 $engine.section$Section_UpdateColumns$left_loop : 53FA C |
 $engine.section$Section_UpdateColumns$left_done : 541A C |
 $engine.section$Section_UpdateColumns$left_done_cache_ok : 542E C |
 $engine.section$Section_UpdateColumns$right_clamp_skip2 : 5438 C |
 $engine.section$Section_UpdateColumns$bot_cache_ok : 5450 C |
 $engine.section$Section_UpdateColumns$bot_loop : 5454 C |
 $engine.section$Section_UpdateColumns$bot_done : 5474 C |
 $engine.section$Section_UpdateColumns$bot_done_cache_ok : 5488 C |
 $engine.section$Section_UpdateColumns$top_row_clamp_skip : 5492 C |
 $engine.section$Section_UpdateColumns$top_cache_ok : 54A0 C |
 $engine.section$Section_UpdateColumns$top_loop : 54A4 C |
 $engine.section$Section_UpdateColumns$top_done : 54C4 C |
 $engine.section$Section_UpdateColumns$top_done_cache_ok : 54D8 C |
 $engine.section$Section_UpdateColumns$bot_row_clamp_skip : 54E2 C |
 Camera_Init : 54F0 C |
 $engine.camera$asm2$min_ok : 5564 C |
 $engine.camera$asm2$clamp : 556E C |
 $engine.camera$asm4$min_ok : 5582 C |
 $engine.camera$asm4$clamp : 558C C |
 Camera_Update : 5596 C |
 $engine.camera$Camera_Update$no_clamp_count : 55A0 C |
 $engine.camera$Camera_Update$no_freeze : 55B0 C |
 $engine.camera$Camera_Update$x_scroll_right : 55EC C |
 $engine.camera$Camera_Update$apply_x : 55F6 C |
 $engine.camera$Camera_Update$x_done : 5602 C |
 $engine.camera$Camera_Update$x_clamp : 5606 C |
 $engine.camera$asm7$min_ok : 560E C |
 $engine.camera$asm7$clamp : 5618 C |
 $engine.camera$Camera_Update$y_track : 5620 C |
 $engine.camera$Camera_Update$no_curl_comp : 5642 C |
 $engine.camera$Camera_Update$check_down : 565C C |
 $engine.camera$Camera_Update$down_ok : 565C C |
 $engine.camera$Camera_Update$apply_y : 5664 C |
 $engine.camera$Camera_Update$y_step_hi_ok : 566E C |
 $engine.camera$Camera_Update$y_step_lo_ok : 5678 C |
 $engine.camera$Camera_Update$clamp_y : 5684 C |
 $engine.camera$Camera_Update$y_clamp : 5688 C |
 $engine.camera$asm9$min_ok : 5690 C |
 $engine.camera$asm9$clamp : 569A C |
 Parallax_Init : 56A8 C |
 $engine.parallax$Parallax_Init$zero : 56B2 C |
 Parallax_CheckBoundary : 56D2 C |
 $engine.parallax$Parallax_CheckBoundary$crossed : 56F6 C |
 $diag2$engine.parallax$raise : 5712 C |
 $engine.parallax$Parallax_CheckBoundary$have_preset : 579A C |
 $engine.parallax$Parallax_CheckBoundary$no_crossing : 57A0 C |
 Parallax_StartTransition : 57A2 C |
 $engine.parallax$Parallax_StartTransition$instant : 57B4 C |
 $engine.parallax$Parallax_StartTransition$update_mode : 57CC C |
 $engine.parallax$Parallax_StartTransition$v_done : 57CE C |
 $engine.parallax$Parallax_StartTransition$no_change : 57D2 C |
 $engine.parallax$Parallax_StartTransition$recross_current : 57D4 C |
 Parallax_Active_Config : 57F0 C |
 Vscroll_Write : 57F6 C |
 $engine.parallax$Vscroll_Write$whole_plane : 5808 C |
 Parallax_Update : 5810 C |
 $engine.parallax$Parallax_Update$use_target : 582E C |
 $engine.parallax$Parallax_Update$use_current : 5834 C |
 $engine.parallax$Parallax_Update$config_resolved : 5838 C |
 $engine.parallax$Parallax_Update$mode3_shadow : 584A C |
 $engine.parallax$asm8$wait_z80 : 586C C |
 $engine.parallax$Parallax_Update$mode3_reg_live : 588C C |
 $engine.parallax$Parallax_Update$band_loop : 58B2 C |
 $engine.parallax$Parallax_Update$snap_b : 58E0 C |
 $engine.parallax$Parallax_Update$write_b : 58E2 C |
 $engine.parallax$Parallax_Update$band_disabled : 58E8 C |
 $engine.parallax$Parallax_Update$band_done : 58EC C |
 $engine.parallax$Parallax_Update$no_config : 5904 C |
 Parallax_Step4_Fill : 5906 C |
 $engine.parallax$Parallax_Step4_Fill$find_k : 591A C |
 $engine.parallax$Parallax_Step4_Fill$found_k : 592E C |
 $engine.parallax$Parallax_Step4_Fill$copy_band : 5942 C |
 $engine.parallax$Parallax_Step4_Fill$not_first : 596C C |
 $engine.parallax$Parallax_Step4_Fill$clamp_top : 5974 C |
 $engine.parallax$Parallax_Step4_Fill$write_top : 597E C |
 $engine.parallax$Parallax_Step4_Fill$no_wrap : 599E C |
 $engine.parallax$Parallax_Step4_Fill$bands_ready : 59AE C |
 Parallax_Step5_Vscroll : 59C6 C |
 $engine.parallax$Parallax_Step5_Vscroll$v_snap : 59EC C |
 $engine.parallax$Parallax_Step5_Vscroll$v_locked : 59F0 C |
 $engine.parallax$Parallax_Step5_Vscroll$v_pack : 59F4 C |
 $engine.parallax$Parallax_Step5_Vscroll$v_done : 5A00 C |
 Decode_Factor_A : 5A04 C |
 $engine.parallax$Decode_Factor_A$a_sub : 5A32 C |
 $engine.parallax$Decode_Factor_A$a_pop_d3 : 5A34 C |
 $engine.parallax$Decode_Factor_A$negate : 5A36 C |
 $engine.parallax$Decode_Factor_A$locked : 5A3A C |
 Decode_Factor_B : 5A3E C |
 $engine.parallax$Decode_Factor_B$b_sub : 5A6C C |
 $engine.parallax$Decode_Factor_B$b_pop_d3 : 5A6E C |
 $engine.parallax$Decode_Factor_B$negate : 5A70 C |
 $engine.parallax$Decode_Factor_B$locked : 5A74 C |
 Parallax_Fill_PerLine : 5A78 C |
 $engine.parallax$Parallax_Fill_PerLine$next_band : 5A82 C |
 $engine.parallax$Parallax_Fill_PerLine$have_end : 5A8E C |
 $engine.parallax$Parallax_Fill_PerLine$lp_flat : 5A94 C |
 $engine.parallax$Parallax_Fill_PerLine$fl_line : 5AA8 C |
 $engine.parallax$Parallax_Fill_PerLine$fl_tail : 5ABC C |
 $engine.parallax$Parallax_Fill_PerLine$fl_rem : 5AC2 C |
 $engine.parallax$Parallax_Fill_PerLine$band_done : 5AC8 C |
 Raster_Install : 5ADC C |
 Raster_VBlank : 5AE2 C |
 $engine.effects.raster$Raster_VBlank$copy_program : 5B06 C |
 $engine.effects.raster$Raster_VBlank$copy : 5B1E C |
 $engine.effects.raster$Raster_VBlank$no_install : 5B24 C |
 $engine.effects.raster$Raster_VBlank$done : 5B4A C |
 Raster_HInt : 5B4C C |
 $engine.effects.raster$Raster_HInt$op_loop : 5B78 C |
 $engine.effects.raster$Raster_HInt$op_reg : 5B9C C |
 $engine.effects.raster$Raster_HInt$op_cram : 5BA4 C |
 $engine.effects.raster$Raster_HInt$cram_delay : 5BA8 C |
 $engine.effects.raster$Raster_HInt$cram_loop : 5BAE C |
 $engine.effects.raster$Raster_HInt$op_region : 5BBC C |
 $engine.effects.raster$Raster_HInt$region_delay : 5BC0 C |
 $engine.effects.raster$Raster_HInt$region_loop : 5BCC C |
 $engine.effects.raster$Raster_HInt$op_run_gradient : 5BE2 C |
 $engine.effects.raster$Raster_HInt$op_run_ramp : 5BF6 C |
 $engine.effects.raster$Raster_HInt$advance : 5C0C C |
 $engine.effects.raster$Raster_HInt$priming : 5C14 C |
 $engine.effects.raster$Raster_HInt$op_pal_restore : 5C24 C |
 $engine.effects.raster$Raster_HInt$restore_delay : 5C28 C |
 $engine.effects.raster$Raster_HInt$restore_loop : 5C34 C |
 $engine.effects.raster$Raster_HInt$dense_body : 5C4A C |
 $engine.effects.raster$Raster_HInt$ramp_body : 5C70 C |
 $engine.effects.raster$Raster_HInt$dense_end : 5C90 C |
 $engine.effects.raster$Raster_HInt$park : 5C94 C |
 $engine.effects.raster$Raster_HInt$out : 5C98 C |
 Raster_Program_None : 5C9E C |
 Raster_InstallPatched : 5CA4 C |
 $engine.effects.raster$Raster_InstallPatched$no_ship : 5CCA C |
 $engine.effects.raster$Raster_InstallPatched$ship_done : 5CCC C |
 $engine.effects.raster$Raster_InstallPatched$no_build : 5CE8 C |
 Raster_BuildShipEntry : 5CEE C |
 Raster_BuildSchedule : 5D2A C |
 $engine.effects.raster$Raster_BuildSchedule$dst_ready : 5D46 C |
 $engine.effects.raster$Raster_BuildSchedule$entry : 5D5E C |
 $engine.effects.raster$Raster_BuildSchedule$have_line : 5D7E C |
 $engine.effects.raster$Raster_BuildSchedule$copy : 5DA8 C |
 $engine.effects.raster$Raster_BuildSchedule$next : 5DAE C |
 $engine.effects.raster$Raster_BuildSchedule$swap : 5DDA C |
 $engine.effects.raster$Raster_BuildSchedule$none : 5DDE C |
 $engine.effects.raster$Raster_BuildSchedule$suppress : 5DE0 C |
 Raster_GetChannelBand : 5DE4 C |
 Effects_LatchWorldLines : 5DEC C |
 $engine.effects.raster$Effects_LatchWorldLines$ch : 5DFA C |
 Effects_SetWorldY : 5E06 C |
 Palette_LoadPal : 5E16 C |
 $engine.effects.palette$Palette_LoadPal$copy_base : 5E22 C |
 $engine.effects.palette$Palette_LoadPal$load_target : 5E3C C |
 $engine.effects.palette$Palette_LoadPal$copy_target : 5E46 C |
 Palette_ArmFade : 5E5A C |
 Palette_SetOp : 5E62 C |
 Palette_SetVariant : 5E78 C |
 $engine.effects.palette$Palette_SetVariant$none : 5E9E C |
 Palette_LoadCycle : 5EA0 C |
 $engine.effects.palette$Palette_LoadCycle$zero : 5EC2 C |
 $engine.effects.palette$Palette_LoadCycle$done : 5EC8 C |
 Palette_Compose : 5ECA C |
 $engine.effects.palette$Palette_Compose$work : 5ED2 C |
 $engine.effects.palette$Palette_Compose$base_copy : 5EF2 C |
 $engine.effects.palette$Palette_Compose$cycling : 5F00 C |
 $engine.effects.palette$Palette_Compose$fade : 5F0A C |
 $engine.effects.palette$Palette_Compose$operators : 5F14 C |
 $engine.effects.palette$Palette_Compose$variants : 5F1E C |
 $engine.effects.palette$Palette_Compose$done : 5F38 C |
 Palette_DoCycle : 5F3A C |
 $engine.effects.palette$Palette_DoCycle$chan : 5F4C C |
 $engine.effects.palette$Palette_DoCycle$wait : 5F68 C |
 $engine.effects.palette$Palette_DoCycle$next : 5F6C C |
 $engine.effects.palette$Palette_DoCycle$ret : 5F72 C |
 $engine.effects.palette$Palette_DoCycle$ret_quiet : 5F80 C |
 Palette_RotateSpan : 5F82 C |
 $engine.effects.palette$Palette_RotateSpan$fwd : 5FB0 C |
 $engine.effects.palette$Palette_RotateSpan$rev : 5FBC C |
 $engine.effects.palette$Palette_RotateSpan$rup : 5FC4 C |
 $engine.effects.palette$Palette_RotateSpan$done : 5FCE C |
 Palette_DoFade : 5FD0 C |
 $engine.effects.palette$Palette_DoFade$snap : 5FE4 C |
 $engine.effects.palette$Palette_DoFade$step_frame : 6004 C |
 $engine.effects.palette$Palette_DoFade$noskip : 600E C |
 $engine.effects.palette$Palette_DoFade$word : 601A C |
 $engine.effects.palette$asm10$st_up : 603A C |
 $engine.effects.palette$asm10$st_end : 603C C |
 $engine.effects.palette$asm11$st_up : 605A C |
 $engine.effects.palette$asm11$st_end : 605C C |
 $engine.effects.palette$asm12$st_up : 607E C |
 $engine.effects.palette$asm12$st_end : 6080 C |
 Palette_DoOperator : 609A C |
 $engine.effects.palette$Palette_DoOperator$neg_xor : 60CA C |
 $engine.effects.palette$Palette_DoOperator$neg_tick : 60DE C |
 $engine.effects.palette$Palette_DoOperator$fade_dir : 60EA C |
 $engine.effects.palette$Palette_DoOperator$have_tgt : 6102 C |
 $engine.effects.palette$Palette_DoOperator$fw_word : 610A C |
 $engine.effects.palette$asm16$st_up : 6122 C |
 $engine.effects.palette$asm16$st_end : 6124 C |
 $engine.effects.palette$asm17$st_up : 613C C |
 $engine.effects.palette$asm17$st_end : 613E C |
 $engine.effects.palette$asm18$st_up : 6158 C |
 $engine.effects.palette$asm18$st_end : 615A C |
 $engine.effects.palette$Palette_DoOperator$ret : 6184 C |
 $engine.effects.palette$Palette_DoOperator$white_flash : 6186 C |
 $engine.effects.palette$Palette_DoOperator$wf_fill : 618E C |
 $engine.effects.palette$Palette_DoOperator$op_done_restore : 61A8 C |
 Palette_DoVariants : 61C8 C |
 $engine.effects.palette$Palette_DoVariants$slot1 : 61D6 C |
 $engine.effects.palette$Palette_DoVariants$ret : 61E4 C |
 Palette_DeriveVariant : 61E6 C |
 $engine.effects.palette$Palette_DeriveVariant$line : 61EC C |
 $engine.effects.palette$Palette_DeriveVariant$entry : 6202 C |
 $engine.effects.palette$asm23$cl_pos : 6222 C |
 $engine.effects.palette$asm23$cl_end : 622A C |
 $engine.effects.palette$asm24$cl_pos : 624C C |
 $engine.effects.palette$asm24$cl_end : 6254 C |
 $engine.effects.palette$asm25$cl_pos : 6278 C |
 $engine.effects.palette$asm25$cl_end : 6280 C |
 $engine.effects.palette$Palette_DeriveVariant$next_line : 628C C |
 Pal_Cycle_None : 6298 C |
 Effects_ResolveParallax : 629A C |
 $engine.effects.preset$Effects_ResolveParallax$no_sec_binding : 62A6 C |
 $engine.effects.preset$Effects_ResolveParallax$act_default : 62BA C |
 $engine.effects.preset$Effects_ResolveParallax$have_config : 62C2 C |
 Effects_InstallPreset : 62C4 C |
 $engine.effects.preset$Effects_InstallPreset$seed_anchor : 62DC C |
 $engine.effects.preset$Effects_InstallPreset$no_fade_arm : 62F0 C |
 $engine.effects.preset$Effects_InstallPreset$variant0_same : 6310 C |
 $engine.effects.preset$Effects_InstallPreset$variant1_same : 6322 C |
 $engine.effects.preset$Effects_InstallPreset$no_patch : 6332 C |
 $engine.effects.preset$Effects_InstallPreset$have_raster : 6340 C |
 $engine.effects.preset$Effects_InstallPreset$raster_done : 6344 C |
 Level_LoadArt : 6360 C |
 $engine.load_art$Level_LoadArt$streaming_pool : 638C C |
 $engine.load_art$Level_LoadArt$enq_loop : 63A6 C |
 $engine.load_art$Level_LoadArt$enq_next : 63BA C |
 $engine.load_art$Level_LoadArt$drain_wait : 63BE C |
 $engine.load_art$Level_LoadArt$bg : 63E8 C |
 $engine.load_art$Level_LoadArt$direct_scan : 6402 C |
 $engine.load_art$Level_LoadArt$direct_ok : 640C C |
 $engine.load_art$Level_LoadArt$no_direct : 6410 C |
 PageIn_Process : 6418 C |
 $engine.page_in$PageIn_Process$lag_ontime : 6444 C |
 $engine.page_in$PageIn_Process$frame_ticked : 644C C |
 $engine.page_in$PageIn_Process$gate_reset : 6490 C |
 $engine.page_in$PageIn_Process$start : 6494 C |
 $diag1$engine.page_in$raise : 64A2 C |
 $engine.page_in$PageIn_Process$page_id_ok : 64EE C |
 $engine.page_in$PageIn_Process$no_base_check : 6504 C |
 $diag2$engine.page_in$raise : 6558 C |
 $diag2$engine.page_in$skip : 65AE C |
 $engine.page_in$PageIn_Process$raw : 65C6 C |
 $diag3$engine.page_in$raise : 65CE C |
 $engine.page_in$PageIn_Process$raw_src_even : 661E C |
 $engine.page_in$PageIn_Process$raw_published : 663C C |
 $engine.page_in$PageIn_Process$alloc_fail : 6648 C |
 $engine.page_in$PageIn_Process$idle : 6654 C |
 $diag4$engine.page_in$raise : 6656 C |
 $engine.page_in$PageIn_Process$drop_degenerate : 6656 C |
 $engine.page_in$PageIn_Process$release_claim : 669E C |
 $engine.page_in$PageIn_Process$claim_done : 66B6 C |
 $engine.page_in$PageIn_Process$resume : 66B8 C |
 $engine.page_in$PageIn_Process$after : 66BC C |
 $engine.page_in$PageIn_Process$land : 66C0 C |
 $engine.page_in$PageIn_Process$land_full : 66E0 C |
 $engine.page_in$PageIn_Process$queue_has_nonspec : 66E6 C |
 $engine.page_in$PageIn_Process$qn_scan : 66F2 C |
 $engine.page_in$PageIn_Process$qn_found : 6706 C |
 $engine.page_in$PageIn_Process$dequeue : 670A C |
 $engine.page_in$PageIn_Process$dq_scan : 6716 C |
 $engine.page_in$PageIn_Process$dq_found : 6730 C |
 $engine.page_in$PageIn_Process$dq_shift : 6746 C |
 $engine.page_in$PageIn_Process$dq_done : 674C C |
 PageIn_BankRegs : 6752 C |
 PageIn_Resume : 6778 C |
 PageIn_EnqueueLanding : 67A6 C |
 $engine.page_in$PageIn_EnqueueLanding$art_deferred : 67D4 C |
 $engine.page_in$PageIn_EnqueueLanding$dropped : 67DE C |
 PageIn_Enqueue : 67E4 C |
 $engine.page_in$PageIn_Enqueue$full : 681C C |
 PageIn_Flush : 6822 C |
 PageCache_Init : 686E C |
 $engine.page_cache$PageCache_Init$clr_table : 6882 C |
 $engine.page_cache$PageCache_Init$clr_queued : 6894 C |
 $engine.page_cache$PageCache_Init$init_frames : 68A6 C |
 PageCache_Request : 68D6 C |
 $diag2$engine.page_cache$raise : 68DC C |
 $engine.page_cache$PageCache_Request$in_range : 6932 C |
 $engine.page_cache$PageCache_Request$not_inflight : 695A C |
 $engine.page_cache$PageCache_Request$no_dbg : 697A C |
 $engine.page_cache$PageCache_Request$done : 697E C |
 PageCache_AllocFrame : 6980 C |
 $engine.page_cache$PageCache_AllocFrame$from_lru : 69A0 C |
 $engine.page_cache$PageCache_AllocFrame$ev_scan : 69B0 C |
 $engine.page_cache$PageCache_AllocFrame$ev_next : 69C8 C |
 $diag4$engine.page_cache$raise : 69E0 C |
 $engine.page_cache$PageCache_AllocFrame$victim_ok : 6A36 C |
 $engine.page_cache$PageCache_AllocFrame$detach : 6A62 C |
 $diag5$engine.page_cache$raise : 6A7C C |
 $engine.page_cache$PageCache_AllocFrame$thrash : 6A7C C |
 PageCache_FreeFrame : 6AD0 C |
 $diag7$engine.page_cache$raise : 6AE4 C |
 $engine.page_cache$PageCache_FreeFrame$detached_ok : 6B32 C |
 PageCache_Publish : 6B40 C |
 $diag9$engine.page_cache$raise : 6B64 C |
 $engine.page_cache$PageCache_Publish$pub_not_resident : 6BC2 C |
 $engine.page_cache$PageCache_Publish$not_pinned : 6BF8 C |
 $engine.page_cache$PageCache_Publish$done : 6C12 C |
 PageCache_PatchRun_Seq : 6C14 C |
 $engine.page_cache$asm11$pw_new_blank : 6C36 C |
 $engine.page_cache$asm11$pw_miss : 6C46 C |
 $engine.page_cache$asm11$pw_word : 6C64 C |
 $diag12$engine.page_cache$raise : 6C80 C |
 $engine.page_cache$asm11$pw_page_ok : 6CDC C |
 $engine.page_cache$asm11$pw_ref_done : 6D14 C |
 $engine.page_cache$asm11$pw_unref_old : 6D1C C |
 $diag13$engine.page_cache$raise : 6D26 C |
 $engine.page_cache$asm11$pw_rc_ok : 6D80 C |
 $engine.page_cache$asm11$pw_next : 6D9C C |
 $engine.page_cache$PageCache_PatchRun_Seq$direct : 6DAE C |
 $engine.page_cache$asm15$pd_blank : 6DB8 C |
 $engine.page_cache$asm15$pd_word : 6DBE C |
 $diag16$engine.page_cache$raise : 6DD4 C |
 $engine.page_cache$asm15$pd_bound_ok : 6E3A C |
 $engine.page_cache$asm15$pd_next : 6E42 C |
 PageCache_PatchRun_Col : 6E54 C |
 $engine.page_cache$asm18$pw_new_blank : 6E76 C |
 $engine.page_cache$asm18$pw_miss : 6E86 C |
 $engine.page_cache$asm18$pw_word : 6EA4 C |
 $diag19$engine.page_cache$raise : 6EC0 C |
 $engine.page_cache$asm18$pw_page_ok : 6F1C C |
 $engine.page_cache$asm18$pw_ref_done : 6F54 C |
 $engine.page_cache$asm18$pw_unref_old : 6F5C C |
 $diag20$engine.page_cache$raise : 6F66 C |
 $engine.page_cache$asm18$pw_rc_ok : 6FC0 C |
 $engine.page_cache$asm18$pw_next : 6FDC C |
 $engine.page_cache$PageCache_PatchRun_Col$direct : 6FEE C |
 $engine.page_cache$asm22$pd_blank : 6FF8 C |
 $engine.page_cache$asm22$pd_word : 6FFE C |
 $diag23$engine.page_cache$raise : 7014 C |
 $engine.page_cache$asm22$pd_bound_ok : 707A C |
 $engine.page_cache$asm22$pd_next : 7082 C |
 PageCache_Prefetch : 7094 C |
 $engine.page_cache$PageCache_Prefetch$row_scan : 70D6 C |
 $engine.page_cache$PageCache_Prefetch$row_next : 70FA C |
 $engine.page_cache$PageCache_Prefetch$col_strip : 7100 C |
 $engine.page_cache$PageCache_Prefetch$col_scan : 711C C |
 $engine.page_cache$PageCache_Prefetch$col_next : 7142 C |
 $engine.page_cache$PageCache_Prefetch$strips_done : 7148 C |
 $engine.page_cache$PageCache_Prefetch$ret : 714C C |
 $engine.page_cache$PageCache_Prefetch$scan_block : 714E C |
 $engine.page_cache$PageCache_Prefetch$sb_loop : 7158 C |
 $engine.page_cache$PageCache_Prefetch$sb_next : 7192 C |
 $engine.page_cache$PageCache_Prefetch$sb_done : 7196 C |
 PageCache_ResetRefcounts : 7198 C |
 $engine.page_cache$PageCache_ResetRefcounts$frame : 71A6 C |
 $engine.page_cache$PageCache_ResetRefcounts$store : 71C6 C |
 PageCache_Audit : 71D4 C |
 $engine.page_cache$PageCache_Audit$snap_tab : 71EE C |
 $engine.page_cache$PageCache_Audit$snap_frame : 71FC C |
 $engine.page_cache$PageCache_Audit$zero : 7214 C |
 $engine.page_cache$PageCache_Audit$walk : 7228 C |
 $engine.page_cache$PageCache_Audit$walk_next : 7238 C |
 $engine.page_cache$PageCache_Audit$cmp : 7250 C |
 $diag27$engine.page_cache$raise : 7258 C |
 $engine.page_cache$PageCache_Audit$cmp_next : 72A6 C |
 $engine.page_cache$PageCache_Audit$dm_frame : 72B2 C |
 $diag28$engine.page_cache$raise : 72BA C |
 $engine.page_cache$PageCache_Audit$dm_rc_ok : 732A C |
 $diag29$engine.page_cache$raise : 7334 C |
 $engine.page_cache$PageCache_Audit$dm_next : 739C C |
 $engine.page_cache$PageCache_Audit$dm_ident : 73B4 C |
 $diag30$engine.page_cache$raise : 73B8 C |
 $engine.page_cache$PageCache_Audit$dm_ident_ok : 7416 C |
 $engine.page_cache$PageCache_Audit$cmp_done : 741C C |
 $engine.page_cache$PageCache_Audit$evf : 7426 C |
 $diag31$engine.page_cache$raise : 7438 C |
 $engine.page_cache$PageCache_Audit$evf_rc_ok : 747E C |
 $diag32$engine.page_cache$raise : 7484 C |
 $engine.page_cache$PageCache_Audit$evf_pin_ok : 74CA C |
 $diag33$engine.page_cache$raise : 74D2 C |
 $engine.page_cache$PageCache_Audit$evf_next : 751C C |
 $engine.page_cache$PageCache_Audit$bij_frame : 7530 C |
 $diag34$engine.page_cache$raise : 754A C |
 $engine.page_cache$PageCache_Audit$bij_frame_next : 75B0 C |
 $engine.page_cache$PageCache_Audit$bij_page : 75C8 C |
 $diag35$engine.page_cache$raise : 75E0 C |
 $engine.page_cache$PageCache_Audit$bij_page_next : 764A C |
 $engine.page_cache$PageCache_Audit$orphan : 7662 C |
 $diag36$engine.page_cache$raise : 7684 C |
 $engine.page_cache$PageCache_Audit$orphan_next : 76DA C |
 BG_Init : 76F0 C |
 $engine.bg$BG_Init$bg_len_ok : 7714 C |
 $engine.bg$asm1$wait_z80 : 7722 C |
 $engine.bg$BG_Init$tile_copy : 7744 C |
 $engine.bg$BG_Init$skip_tiles : 7752 C |
 $diag3$engine.bg$raise : 776E C |
 $diag3$engine.bg$skip : 77BA C |
 $engine.bg$asm4$wait_z80 : 77C4 C |
 $engine.bg$BG_Init$nt_col : 77DE C |
 $engine.bg$BG_Init$nt_row : 77FE C |
 $engine.bg$BG_Init$skip_nt : 781C C |
 BgAnim_Init : 7830 C |
 BgAnim_Update : 783C C |
 $diag2$engine.bg_anim$raise : 7856 C |
 $diag2$engine.bg_anim$skip : 78AC C |
 $engine.bg_anim$BgAnim_Update$band_loop : 78B4 C |
 $engine.bg_anim$BgAnim_Update$cam_x : 78C2 C |
 $engine.bg_anim$BgAnim_Update$cam_y : 78C8 C |
 $engine.bg_anim$BgAnim_Update$have_value : 78CC C |
 $diag3$engine.bg_anim$raise : 7900 C |
 $diag3$engine.bg_anim$skip : 7948 C |
 $engine.bg_anim$BgAnim_Update$commit : 796E C |
 $engine.bg_anim$BgAnim_Update$queue_full : 7972 C |
 $engine.bg_anim$BgAnim_Update$skip_band : 7976 C |
 $engine.bg_anim$BgAnim_Update$next_band : 7978 C |
 $engine.bg_anim$BgAnim_Update$exit : 7982 C |
 CompressionSelfTest : 7988 C |
 $diag1$engine.compression_selftest$raise : 79A8 C |
 $diag1$engine.compression_selftest$skip : 7A00 C |
 $diag2$engine.compression_selftest$raise : 7A30 C |
 $diag2$engine.compression_selftest$skip : 7A88 C |
 $diag3$engine.compression_selftest$raise : 7AAC C |
 $diag3$engine.compression_selftest$skip : 7B04 C |
 $engine.compression_selftest$CompressionSelfTest$poison : 7B0A C |
 $engine.compression_selftest$CompressionSelfTest$poison_loop : 7B18 C |
 $engine.compression_selftest$CompressionSelfTest$checksum : 7B20 C |
 $engine.compression_selftest$CompressionSelfTest$sum_loop : 7B2C C |
 $engine.compression_selftest$CompressionSelfTest$byte_compare : 7B34 C |
 $engine.compression_selftest$CompressionSelfTest$cmp_loop : 7B46 C |
 $engine.compression_selftest$CompressionSelfTest$cmp_match : 7B4C C |
 $diag4$engine.compression_selftest$raise : 7B5A C |
 $diag4$engine.compression_selftest$skip : 7BA2 C |
 Art_Decompress : 7BA6 C |
 $engine.compression_selftest$Art_Decompress$s4lz : 7BB2 C |
 ZX0_Decompress : 7BB6 C |
 $engine.compression_selftest$ZX0_Decompress$literals : 7BBE C |
 $engine.compression_selftest$ZX0_Decompress$copy_lits : 7BC2 C |
 $engine.compression_selftest$ZX0_Decompress$rep_match : 7BCC C |
 $engine.compression_selftest$ZX0_Decompress$do_copy : 7BCE C |
 $engine.compression_selftest$ZX0_Decompress$do_copy_offs : 7BD0 C |
 $engine.compression_selftest$ZX0_Decompress$copy_match : 7BD4 C |
 $engine.compression_selftest$ZX0_Decompress$get_offset : 7BDE C |
 $engine.compression_selftest$ZX0_Decompress$get_elias : 7BF6 C |
 $engine.compression_selftest$ZX0_Decompress$elias_loop : 7BF8 C |
 $engine.compression_selftest$ZX0_Decompress$got_bit : 7C00 C |
 $engine.compression_selftest$ZX0_Decompress$elias_bt : 7C02 C |
 $engine.compression_selftest$ZX0_Decompress$done : 7C08 C |
 $engine.compression_selftest$ZX0_Decompress$got_elias : 7C0C C |
 CSelf_S4LZ_Plain : 7C0E C |
 __align$engine.compression_selftest$0 : 7C0E C |
 CSelf_S4LZ_Dict : 7E90 C |
 __align$engine.compression_selftest$1 : 7E90 C |
 CSelf_Dict_Blob : 8076 C |
 __align$engine.compression_selftest$2 : 8076 C |
 CSelf_ZX0 : 8176 C |
 __align$engine.compression_selftest$3 : 8176 C |
 CSelf_Expected : 8398 C |
 __align$engine.compression_selftest$4 : 8398 C |
 ObjCodeBase : 10000 C |
 DemoBox_Main : 10002 C |
 ObjDef_DemoBox : 10006 C |
 Map_DemoBox : 10020 C |
 __offsets$games.demo.data.demo_data$Map_DemoBox$F0 : 10022 C |
 DemoObjectList : 10030 C |
 DemoObjectList_Term : 1003A C |
 DemoArt : 1003E C |
 DemoPalette : 100DE C |
 BgAnim_Table : 100FE C |
 GameState_Demo_Init : 10100 C |
 $games.demo.demo_state$GameState_Demo_Init$copy_pal : 1010A C |
 GameState_Demo : 10158 C |
 BusError : 1016C C |
 AddressError : 10184 C |
 IllegalInstr : 101A0 C |
 ZeroDivide : 101C2 C |
 ChkInstr : 101DC C |
 TrapvInstr : 101FA C |
 PrivilegeViol : 1021A C |
 Trace : 1023C C |
 Line1010Emu : 10250 C |
 Line1111Emu : 10270 C |
 ErrorExcept : 10290 C |
 ErrorTrap : 102AE C |
 ErrorHandlerBlob : 102C6 C |
 EndOfRom : 1121C C |
 Tile_Cache_Nametable : FFFF0000 C |
 Tile_Cache_Collision : FFFF2580 C |
 Block_Stage_Buffers : FFFF3842 C |
 Block_Stage_Bucket : FFFF6842 C |
 Block_Stage_Chain : FFFF6942 C |
 Cache_Spec_Gen_Ring : FFFF6982 C |
 Cache_Spec_Window : FFFF6992 C |
 Cache_Spec_Blocked : FFFF6994 C |
 Cache_Spec_Skips : FFFF6996 C |
 Pfx_Memo_Mask : FFFF6998 C |
 Cs_Memo_Mask : FFFF699A C |
 Page_Table : FFFF699C C |
 Page_Frames : FFFF6A9C C |
 Page_Queued_Bits : FFFF6B14 C |
 Art_Staging_Buffer : FFFF6B34 C |
 Lower_RAM_End : FFFF7334 C |
 RAM_Start : FFFF8000 C |
 VBlank_Flag : FFFF8000 C |
 Frame_Counter : FFFF8002 C |
 Logic_Tick : FFFF8004 C |
 Game_State : FFFF8008 C |
 Game_State_ID : FFFF800C C |
 Game_State_Init : FFFF800D C |
 VDP_Shadow_Table : FFFF800E C |
 Hardware_Region : FFFF8026 C |
 Region_Flags : FFFF8027 C |
 Ctrl_1_Held : FFFF8028 C |
 Ctrl_1_Press : FFFF8029 C |
 Ctrl_2_Held : FFFF802A C |
 Ctrl_2_Press : FFFF802B C |
 Ctrl_1_Press_Accum : FFFF802C C |
 Ctrl_2_Press_Accum : FFFF802D C |
 Ctrl_1_Ext_Held : FFFF802E C |
 Ctrl_1_Ext_Press : FFFF802F C |
 Ctrl_2_Ext_Held : FFFF8030 C |
 Ctrl_2_Ext_Press : FFFF8031 C |
 Ctrl_1_Ext_Press_Accum : FFFF8032 C |
 Ctrl_2_Ext_Press_Accum : FFFF8033 C |
 Pad_1_Type : FFFF8034 C |
 Pad_2_Type : FFFF8035 C |
 Input_Source : FFFF8036 C |
 Replay_Exit_Request : FFFF8037 C |
 Replay_Done : FFFF8038 C |
 Replay_Hold : FFFF8039 C |
 Replay_Prev : FFFF803A C |
 Replay_Ptr : FFFF803C C |
 RNG_Seed : FFFF8040 C |
 VInt_Ptr : FFFF8044 C |
 VBlank_Ready : FFFF8048 C |
 DMA_Critical : FFFF804A C |
 DMA_Queue : FFFF804A C |
 DMA_Critical_End : FFFF80BA C |
 DMA_Important : FFFF80BA C |
 DMA_Deferrable : FFFF8162 C |
 DMA_Important_End : FFFF8162 C |
 DMA_Critical_Slot : FFFF820A C |
 DMA_Deferrable_End : FFFF820A C |
 DMA_Queue_End : FFFF820A C |
 DMA_Important_Slot : FFFF820C C |
 DMA_Deferrable_Slot : FFFF820E C |
 DMA_Budget_Default : FFFF8210 C |
 DMA_Budget_Remaining : FFFF8212 C |
 DMA_Enq_Bytes_Frame : FFFF8214 C |
 Palette_Buffer : FFFF8216 C |
 Palette_Dirty : FFFF8296 C |
 Sprite_Table_Buffer : FFFF8298 C |
 Sprite_Table_Dirty : FFFF8518 C |
 Sprite_Emit_Active : FFFF8519 C |
 Hscroll_Buffer : FFFF851A C |
 Vscroll_Factor : FFFF889C C |
 Parallax_Deform_Phase_FG : FFFF88A0 C |
 Parallax_State : FFFF88A0 C |
 Parallax_Deform_Phase_BG : FFFF88A2 C |
 Parallax_V_Deform_Phase_BG : FFFF88A4 C |
 Parallax_Current_Scroll_A : FFFF88A6 C |
 Parallax_Current_Scroll_B : FFFF88C6 C |
 Parallax_Current_Vscroll_BG : FFFF88E6 C |
 Parallax_Current_Config : FFFF88E8 C |
 Parallax_Target_Config : FFFF88EC C |
 Parallax_Transition_Frames : FFFF88F0 C |
 Parallax_Snap_Pending : FFFF88F1 C |
 Parallax_Prev_Sec_X : FFFF88F2 C |
 Parallax_Prev_Sec_Y : FFFF88F3 C |
 Parallax_Vscroll_Column_Buf : FFFF88F4 C |
 Parallax_Curve_Carry : FFFF8944 C |
 Parallax_Drift_Acc : FFFF8944 C |
 Parallax_Shadow_Bands : FFFF8948 C |
 Parallax_Shadow_Scroll_A : FFFF8A88 C |
 Parallax_Shadow_Scroll_B : FFFF8AA8 C |
 Parallax_State_End : FFFF8AC8 C |
 Raster_Program : FFFF8AC8 C |
 Raster_State : FFFF8AC8 C |
 Raster_Cursor : FFFF8ACC C |
 Raster_Pending : FFFF8AD0 C |
 Raster_Line : FFFF8AD4 C |
 Raster_Buf_A : FFFF8AD6 C |
 Raster_Buf_B : FFFF8B56 C |
 Raster_Active_Buf : FFFF8BD6 C |
 Raster_Dense_Lines : FFFF8BDA C |
 Raster_Dense_Cursor : FFFF8BDC C |
 Raster_Dense_Cmd : FFFF8BE0 C |
 Raster_Dense_Mode : FFFF8BE4 C |
 Raster_Ramp_Acc : FFFF8BE6 C |
 Raster_Ramp_Step : FFFF8BEA C |
 Effects_World_Y : FFFF8BEE C |
 Effects_Screen_L : FFFF8BF6 C |
 Effects_Offscreen_Entry : FFFF8BFE C |
 Raster_Patch_Tab : FFFF8C02 C |
 Pal_Base : FFFF8C06 C |
 Palette_State : FFFF8C06 C |
 Raster_State_End : FFFF8C06 C |
 Pal_Target : FFFF8C66 C |
 Pal_Variant_Stage : FFFF8CC6 C |
 Pal_Variant_Ptr : FFFF8DC6 C |
 Pal_Cycle_Script : FFFF8DCE C |
 Pal_Cycle_Timers : FFFF8DD2 C |
 Pal_Fade_Frames : FFFF8DD6 C |
 Pal_Op : FFFF8DD7 C |
 Pal_Op_Step : FFFF8DD8 C |
 Pal_Op_Timer : FFFF8DD9 C |
 Pal_Active : FFFF8DDA C |
 Pal_Base_Dirty : FFFF8DDB C |
 Pal_Compose_Lines : FFFF8DDC C |
 Pal_Fade_Request : FFFF8DDD C |
 BgAnim_LastStep : FFFF8DDE C |
 Palette_State_End : FFFF8DDE C |
 Static_Pal_Line0 : FFFF8DE6 C |
 Static_Pal_Line1 : FFFF8DF4 C |
 Static_Pal_Line2 : FFFF8E02 C |
 Static_Pal_Ship : FFFF8E10 C |
 Static_Pal_Line3 : FFFF8E1E C |
 Static_Sprite_DMA : FFFF8E2C C |
 Static_Hscroll_Line : FFFF8E3A C |
 DMA_Bytes_ThisFrame : FFFF8E48 C |
 DMA_Peak_Critical : FFFF8E4A C |
 DMA_Peak_Important : FFFF8E4C C |
 DMA_Peak_Deferrable : FFFF8E4E C |
 DMA_Overflow_Count : FFFF8E50 C |
 Dbg_DMA_Enq_Capped : FFFF8E52 C |
 Lag_Frame_Count : FFFF8E54 C |
 Prof_RunObjects : FFFF8E58 C |
 Prof_TouchResponse : FFFF8E5A C |
 Prof_RenderSprites : FFFF8E5C C |
 Prof_FrameTotal : FFFF8E5E C |
 Prof_Peak_RunObjects : FFFF8E60 C |
 Prof_Peak_Touch : FFFF8E62 C |
 Prof_Peak_Render : FFFF8E64 C |
 Prof_Peak_Frame : FFFF8E66 C |
 Prof_Dynamic_Used : FFFF8E68 C |
 Prof_Effect_Used : FFFF8E6A C |
 Debug_Scene_Freeze : FFFF8E6C C |
 Dbg_PageIn_Preempts : FFFF8E6E C |
 Dbg_PageIn_Flushes : FFFF8E70 C |
 Dbg_PageIn_Resumes : FFFF8E72 C |
 Dbg_PageCache_Demands : FFFF8E74 C |
 Dbg_PageCache_Prefetches : FFFF8E76 C |
 Dbg_PageIn_PfxSkips : FFFF8E78 C |
 Dbg_PageIn_Deferred : FFFF8E7A C |
 Dbg_Cam_Clamp_Frames : FFFF8E7C C |
 Dbg_PageIn_BaseCorrupt : FFFF8E7E C |
 Cache_Stall_Watchdog : FFFF8E80 C |
 Page_Audit_Ticks : FFFF8E82 C |
 Page_Audit_Scratch : FFFF8E84 C |
 Page_Audit_Snapshot : FFFF8EA2 C |
 Object_RAM : FFFF8ED6 C |
 Player_1 : FFFF8ED6 C |
 Player_2 : FFFF8F26 C |
 Dynamic_Slots : FFFF8F76 C |
 System_Slots : FFFF9BF6 C |
 Effect_Slots : FFFF9E76 C |
 Dynamic_Free_Stack : FFFFA376 C |
 Object_RAM_End : FFFFA376 C |
 Dynamic_Free_SP : FFFFA3C6 C |
 Effect_Free_Stack : FFFFA3C8 C |
 Effect_Free_SP : FFFFA3E8 C |
 Sprite_Bands : FFFFA3EA C |
 Sprite_Band_Counts : FFFFA5EA C |
 Sprites_Rendered : FFFFA5F2 C |
 Sprite_Cycle_Counter : FFFFA5F4 C |
 SpriteMask_Y : FFFFA5F6 C |
 SpriteMask_Height : FFFFA5F8 C |
 SpriteMask_After_Band : FFFFA5FA C |
 Scanline_Band_Sprites : FFFFA5FC C |
 Camera_X : FFFFA604 C |
 Camera_Y : FFFFA608 C |
 Camera_X_Biased : FFFFA60C C |
 Camera_Y_Biased : FFFFA60E C |
 Game_Paused : FFFFA610 C |
 Plane_Buffer : FFFFA612 C |
 Plane_Buffer_Ptr : FFFFAC12 C |
 Pos_table : FFFFAC14 C |
 H_scroll_frame_offset : FFFFAD14 C |
 Camera_Deadzone_Base : FFFFAD16 C |
 Camera_Lookahead : FFFFAD18 C |
 Camera_Pan_Offset : FFFFAD1A C |
 Camera_X_Max : FFFFAD1C C |
 Camera_Y_Max : FFFFAD1E C |
 Camera_Target : FFFFAD20 C |
 Camera_Curl_Offset : FFFFAD22 C |
 Camera_Hold_Frames : FFFFAD24 C |
 Camera_Art_Hold : FFFFAD25 C |
 Cache_Left_Col : FFFFAD26 C |
 Cache_Head_Col : FFFFAD28 C |
 Cache_Top_Row : FFFFAD2A C |
 Cache_Bottom_Row : FFFFAD2C C |
 Cache_Origin_Col : FFFFAD2E C |
 Cache_Origin_Row : FFFFAD30 C |
 Cache_Fill_Last_Frame : FFFFAD32 C |
 Cache_Fill_Resume_Col : FFFFAD34 C |
 Cache_Fill_Resume_Row : FFFFAD36 C |
 Cache_Art_Stall : FFFFAD38 C |
 Page_Free_Head : FFFFAD3A C |
 Cache_Fill_Budget : FFFFAD3C C |
 Cache_Fill_RowResume_Row : FFFFAD3E C |
 Cache_Fill_RowResume_Col : FFFFAD40 C |
 Cache_Fill_Rows_Left : FFFFAD42 C |
 Cache_Prev_Cam_Row : FFFFAD44 C |
 Cache_Prev_Cam_X : FFFFAD46 C |
 Cache_H_Pfx_Dir : FFFFAD48 C |
 Cache_H_Pfx_Accum : FFFFAD4A C |
 Cache_Pfx_Row_Target : FFFFAD4C C |
 Cache_Pfx_Col_Target : FFFFAD4E C |
 Cache_Pfx_Skip_Armed : FFFFAD50 C |
 Cache_Pfx_Lag_Flag : FFFFAD52 C |
 Block_Stage_Keys : FFFFAD54 C |
 Block_Stage_Next : FFFFAD94 C |
 Section_Top_Row_Written : FFFFAD96 C |
 Section_Bottom_Row_Written : FFFFAD98 C |
 Section_Plane_Dirty : FFFFAD9A C |
 Section_Right_Col_Written : FFFFAD9C C |
 Section_Left_Col_Written : FFFFAD9E C |
 Section_Fwd_Neighbor_Data : FFFFADA0 C |
 Section_Bwd_Neighbor_Data : FFFFADA4 C |
 Tile_Override_Table : FFFFADA8 C |
 Ring_Buffer : FFFFAE08 C |
 Ring_Count : FFFFAE68 C |
 Ring_HighWater : FFFFAE69 C |
 Ring_Add_Dropped : FFFFAE6A C |
 Entity_Scan_State : FFFFAE6C C |
 Ring_Counter : FFFFAED4 C |
 Ring_Anim_Frame : FFFFAED6 C |
 Ring_Anim_Timer : FFFFAED7 C |
 Entity_Window_Active : FFFFAED8 C |
 Entity_Window_Center_ID : FFFFAED9 C |
 Entity_Window_Anchor : FFFFAEDA C |
 Entity_Window_OriginX : FFFFAEDC C |
 Entity_Window_OriginY : FFFFAEDE C |
 Entity_Loaded_Masks : FFFFAEE0 C |
 Entity_Mask_Scratch : FFFFAF60 C |
 Camera_Y_Coarse_Prev : FFFFAFE4 C |
 Ring_Collected_Window : FFFFAFE6 C |
 Ring_Collected_Park : FFFFB070 C |
 Collected_Park_Next : FFFFB0F4 C |
 Current_Act_Ptr : FFFFB0F6 C |
 Ring_Sfx_Speaker : FFFFB0FA C |
 Sfx_Ring_Buf : FFFFB0FC C |
 Sfx_Ring_Wr : FFFFB104 C |
 Sfx_Ring_Rd : FFFFB105 C |
 Sound_Dbg_Mirror : FFFFB106 C |
 Dynamic_Live : FFFFB1B6 C |
 Dynamic_Live_Count : FFFFB206 C |
 Dynamic_Live_Dirty : FFFFB208 C |
 Dynamic_Live_Walking : FFFFB209 C |
 Dynamic_Live_Pending : FFFFB20A C |
 Dynamic_Live_Pending_Count : FFFFB21A C |
 Block_Stage_Gen : FFFFB21C C |
 Pfx_Memo_Row : FFFFB21E C |
 Pfx_Memo_L16 : FFFFB220 C |
 Pfx_Memo_H16 : FFFFB222 C |
 Pfx_Memo_Gen : FFFFB224 C |
 Cs_Memo_Col : FFFFB226 C |
 Cs_Memo_T16 : FFFFB228 C |
 Cs_Memo_B16 : FFFFB22A C |
 Cs_Memo_Gen : FFFFB22C C |
 HBlank_Vector_Slot : FFFFB22E C |
 Block_Stage_Ptrs : FFFFB234 C |
 Block_Stage_Maps : FFFFB274 C |
 Cache_Cur_LocalMap : FFFFB2B4 C |
 Block_Stage_ZeroPage : FFFFB2B8 C |
 PageIn_Saved_D0 : FFFFB5B8 C |
 PageIn_Saved_D1 : FFFFB5BC C |
 PageIn_Saved_D2 : FFFFB5C0 C |
 PageIn_Saved_A0 : FFFFB5C4 C |
 PageIn_Saved_A1 : FFFFB5C8 C |
 PageIn_Saved_A2 : FFFFB5CC C |
 PageIn_Saved_A3 : FFFFB5D0 C |
 PageIn_Saved_PC : FFFFB5D4 C |
 PageIn_Saved_SR : FFFFB5D8 C |
 PageIn_InFlight : FFFFB5DA C |
 PageIn_Suspended : FFFFB5DB C |
 PageIn_Staging_Busy : FFFFB5DC C |
 PageIn_Land_Pending : FFFFB5DD C |
 PageIn_Queue_Count : FFFFB5DE C |
 PageIn_Cur_Flags : FFFFB5DF C |
 PageIn_Queue : FFFFB5E0 C |
 PageIn_Cur_Dest : FFFFB600 C |
 PageIn_Cur_Bytes : FFFFB602 C |
 PageIn_Cur_Page : FFFFB604 C |
 PageIn_Cur_Frame : FFFFB606 C |
 PageIn_Bulk_Drain : FFFFB607 C |
 PageIn_Pool_Table : FFFFB608 C |
 PageIn_Pool_Pages : FFFFB60C C |
 PageIn_Fully_Resident : FFFFB60E C |
 PageCache_Direct_Map : FFFFB60F C |
 PageIn_Last_Frame : FFFFB610 C |
 PageIn_Prev_Lagged : FFFFB612 C |
 PageIn_Pfx_Skip_Armed : FFFFB614 C |
 Page_Pfx_Budget : FFFFB616 C |
 Act_Art_Budget : FFFFB618 C |
 Art_Budget_Remaining : FFFFB61A C |
 Ctrl_1_Held_Raw : FFFFB61C C |
 Ctrl_2_Held_Raw : FFFFB61D C |
 Ctrl_1_Ext_Held_Raw : FFFFB61E C |
 Ctrl_2_Ext_Held_Raw : FFFFB61F C |
 Palette_Ship_Snap : FFFFB620 C |
 Replay_Record_Idx : FFFFB6A0 C |
 Replay_Check_Idx : FFFFB6A2 C |
 Replay_Record_Buf : FFFFB6A4 C |
 Replay_Check_Log : FFFFD6A4 C |
 Sprite_Owner : FFFFDEA4 C |
 Engine_RAM_End : FFFFDF44 C |
 Game_RAM_End : FFFFDF44 C |

   1697 symbols
    0 unused symbols

  Equate Table (name = value; values, not addresses):
  ---------------------------------------------------

EQU AF_BACK = $000000FE
EQU AF_CALLBACK = $000000FA
EQU AF_CHANGE = $000000FD
EQU AF_COLLISION = $000000F8
EQU AF_DELETE = $000000FB
EQU AF_END = $000000FF
EQU AF_ROUTINE = $000000FC
EQU AF_SET_FIELD = $000000F7
EQU AF_SOUND = $000000F9
EQU ART_HDR_SIZE = $00000004
EQU ART_HDR_VERSION = $00000003
EQU ART_HOLD_X_BIT = $00000000
EQU ART_HOLD_Y_BIT = $00000001
EQU ART_PAGE_FLAG_PINNED = $00000001
EQU ART_PAGE_FLAG_PINNED_BIT = $00000000
EQU ART_PAGE_FORM_RAW = $00000001
EQU ART_PAGE_FORM_ZX0 = $00000000
EQU ART_POOL_PAGE_BYTES = $00000800
EQU ART_POOL_PAGE_BYTES_SHIFT = $0000000B
EQU ART_POOL_PAGE_TILES = $00000040
EQU ART_STAGING_BUFFER_SIZE = $00000800
EQU ART_VER_S4LZ = $00000001
EQU ART_VER_ZX0 = $00000002
EQU Act_act_art_budget = $00000026
EQU Act_act_art_pool_pages = $0000001E
EQU Act_act_art_pool_table = $0000001A
EQU Act_act_bg_layout = $0000000E
EQU Act_act_bg_tiles = $00000012
EQU Act_act_parallax_config = $00000016
EQU Act_act_sec_local_maps = $00000022
EQU Act_edge_mode = $00000020
EQU Act_grid_h = $00000006
EQU Act_grid_w = $00000004
EQU Act_len = $00000028
EQU Act_pad_21 = $00000021
EQU Act_sec_grid_ptr = $00000000
EQU Act_start_local_x = $00000008
EQU Act_start_local_y = $0000000A
EQU Act_start_sec_x = $0000000C
EQU Act_start_sec_y = $0000000D
EQU BALL_X_RADIUS = $00000007
EQU BALL_Y_RADIUS = $0000000E
EQU BGANIM_MAX_BANDS = $00000004
EQU BG_TILE_BASE_SLOT = $00000400
EQU BG_TILE_BASE_VRAM = $00008000
EQU BG_TILE_CAPACITY = $000001C0
EQU BLOCKS_PER_SECTION_AXIS = $00000010
EQU BLOCKS_PER_SECTION_SHIFT = $00000004
EQU BLOCK_COLL_COLS = $00000010
EQU BLOCK_COLL_PLANE_SIZE = $00000080
EQU BLOCK_COLL_ROWS = $00000008
EQU BLOCK_COLL_SIZE = $00000100
EQU BLOCK_DECOMP_BUDGET = $00000006
EQU BLOCK_INDEX_ENTRIES = $00000100
EQU BLOCK_INDEX_SIZE = $00000400
EQU BLOCK_NT_SIZE = $00000200
EQU BLOCK_RAW_SIZE = $00000300
EQU BLOCK_SPEC_LEAD_TICKS = $00000008
EQU BLOCK_SPEC_REARM = $00000008
EQU BLOCK_STAGE_BUCKETS = $00000100
EQU BLOCK_STAGE_SLOTS = $00000010
EQU BLOCK_TILE_SHIFT = $00000004
EQU BLOCK_TILE_SIZE = $00000010
EQU BUTTON_A = $00000040
EQU BUTTON_B = $00000010
EQU BUTTON_B_BIT = $00000004
EQU BUTTON_C = $00000020
EQU BUTTON_DOWN = $00000002
EQU BUTTON_DOWN_BIT = $00000001
EQU BUTTON_EXT_MODE = $00000008
EQU BUTTON_EXT_X = $00000004
EQU BUTTON_EXT_Y = $00000002
EQU BUTTON_EXT_Z = $00000001
EQU BUTTON_LEFT = $00000004
EQU BUTTON_LEFT_BIT = $00000002
EQU BUTTON_RIGHT = $00000008
EQU BUTTON_RIGHT_BIT = $00000003
EQU BUTTON_START = $00000080
EQU BUTTON_START_BIT = $00000007
EQU BUTTON_UP = $00000001
EQU BUTTON_UP_BIT = $00000000
EQU CAM_LOOKAHEAD_THRESHOLD = $00000600
EQU CAM_MAX_Y_STEP = $00000010
EQU CAM_PAN_LIMIT = $00000040
EQU CAM_PAN_SPEED = $00000002
EQU CAM_SCREEN_HALF_H = $00000070
EQU CAM_SCREEN_HALF_W = $000000A0
EQU CLAMP_MARGIN_TILES = $00000004
EQU COLLECTED_BITMASK_OFFSET = $00000002
EQU COLLECTED_EMPTY_TAG = $000000FF
EQU COLLECTED_MASK_BYTES = $00000010
EQU COLLECTED_PARK_ENTRY_SIZE = $00000021
EQU COLLECTED_PARK_SLOTS = $00000004
EQU COLLECTED_SLOT_SIZE = $00000022
EQU COLLISION_BOSS = $00000002
EQU COLLISION_BUBBLE = $00000006
EQU COLLISION_CELL_SHIFT = $00000004
EQU COLLISION_ENEMY = $00000001
EQU COLLISION_HURT = $00000003
EQU COLLISION_MONITOR = $00000004
EQU COLLISION_NONE = $00000000
EQU COLLISION_PROJECTILE = $00000007
EQU COLLISION_RING = $00000005
EQU COLLISION_SOLID = $00000008
EQU COLLISION_SOLID_BREAK = $00000009
EQU COLLISION_SOLID_HURT = $0000000B
EQU COLLISION_SPRING = $0000000A
EQU COLLISION_TOUCH = $0000000C
EQU CRAM = $0000002B
EQU CTYPE_AIR = $00000000
EQU CULL_DISTANCE_X = $00000300
EQU CULL_DISTANCE_Y = $00000200
EQU DEBUGGER__EXTENSIONS__BTN_A_DEBUGGER = $00011132
EQU DEBUGGER__EXTENSIONS__BTN_B_DEBUGGER = $0001117E
EQU DEBUGGER__EXTENSIONS__BTN_C_DEBUGGER = $00000000
EQU DEBUGGER__EXTENSIONS__ENABLE = $00000001
EQU DEBUGGER__SHOW_SR_USP = $00000000
EQU DEBUGGER__STR_OFFSET_SELECTOR = $000105D2
EQU DMA = $00000027
EQU DMAEntry_Command = $0000000A
EQU DMAEntry_Reg93 = $00000002
EQU DMAEntry_Reg94 = $00000000
EQU DMAEntry_Reg95 = $00000008
EQU DMAEntry_Reg96 = $00000006
EQU DMAEntry_Reg97 = $00000004
EQU DMAEntry_SizeH = $00000001
EQU DMAEntry_SizeL = $00000003
EQU DMAEntry_SrcH = $00000005
EQU DMAEntry_SrcL = $00000009
EQU DMAEntry_SrcM = $00000007
EQU DMAEntry_len = $0000000E
EQU DMA_BUDGET_BLANKED_INIT = $00002000
EQU DMA_BUDGET_NTSC = $00001800
EQU DMA_BUDGET_PAL = $00002D80
EQU DMA_CRITICAL_SLOTS = $00000008
EQU DMA_DEFERRABLE_SLOTS = $0000000C
EQU DMA_ENQ_BYTE_CAP = $00003000
EQU DMA_IMPORTANT_SLOTS = $0000000C
EQU DMA_TOTAL_SLOTS = $00000020
EQU DUR_DYNAMIC = $000000FF
EQU EDGE_CLAMP = $00000000
EQU EDGE_KILL = $00000002
EQU EDGE_WRAP_V = $00000001
EQU ENTITY_DESPAWN_BUFFER = $00000200
EQU ENTITY_DESPAWN_BUFFER_Y = $00000180
EQU ENTITY_LOADED_OBJ_OFFSET = $00000010
EQU ENTITY_LOADED_SLOT_SIZE = $00000020
EQU ENTITY_LOAD_BUFFER = $00000180
EQU ENTITY_LOAD_BUFFER_Y = $00000100
EQU ENTITY_RESCAN_COARSE_MASK = $0000FF80
EQU ENTITY_RESCAN_ROW_SIZE = $00000080
EQU EntityScanState_ess_entry_idx = $00000013
EQU EntityScanState_ess_obj_next_x = $00000018
EQU EntityScanState_ess_obj_right_idx = $00000002
EQU EntityScanState_ess_origin_x = $00000010
EQU EntityScanState_ess_origin_y = $00000014
EQU EntityScanState_ess_ring_next_x = $00000016
EQU EntityScanState_ess_ring_right_idx = $00000000
EQU EntityScanState_ess_rom_obj_ptr = $00000008
EQU EntityScanState_ess_rom_ring_ptr = $00000004
EQU EntityScanState_ess_rom_type_tbl_ptr = $0000000C
EQU EntityScanState_ess_section_id = $00000012
EQU EntityScanState_len = $0000001A
EQU FRAME_BBOX_X_MAX = $00000001
EQU FRAME_BBOX_X_MIN = $00000000
EQU FRAME_BBOX_Y_MAX = $00000003
EQU FRAME_BBOX_Y_MIN = $00000002
EQU FRAME_PIECES = $00000006
EQU FRAME_PIECE_COUNT = $00000004
EQU GS_BOOT = $00000000
EQU GS_DEMO = $00000002
EQU GS_IDLE = $00000001
EQU HASH_P1_ANIM = $FFFF8EF4
EQU HASH_P1_ANIMSUB = $FFFF8EEE
EQU HASH_P1_CUSTOM = $FFFF8F06
EQU HASH_P1_CUSTOM_TAIL = $FFFF8F22
EQU HASH_P1_DISPLAY = $FFFF8EEA
EQU HASH_P1_ENTITY = $FFFF8F00
EQU HASH_P1_INTERACT = $FFFF8F24
EQU HASH_P1_MOTION = $FFFF8ED8
EQU HASH_P1_RENDER = $FFFF8EE4
EQU HW_EXPANSION_CTRL = $00A1000D
EQU HW_EXPANSION_CTRL_FULL = $00A1000C
EQU HW_PORT_1_CTRL = $00A10009
EQU HW_PORT_1_DATA = $00A10003
EQU HW_PORT_2_CTRL = $00A1000B
EQU HW_PORT_2_DATA = $00A10005
EQU HW_PORT_A_CTRL_FULL = $00A10008
EQU HW_PORT_EXP_DATA = $00A10007
EQU HW_VERSION = $00A10001
EQU H_PFX_HYST = $00000010
EQU INPUT_LIVE = $00000000
EQU INPUT_PLAYBACK = $00000001
EQU INPUT_RECORD = $00000002
EQU KILLED_BITMASK_OFFSET = $00000012
EQU MAX_ACT_SECTIONS = $00000030
EQU MAX_LIST_ENTRIES = $00000080
EQU MAX_PARALLAX_BANDS = $00000010
EQU MAX_TRACKED_SECTIONS = $00000004
EQU MAX_VDP_SPRITES = $00000050
EQU MDDBG__Art1bpp_Font = $00010616
EQU MDDBG__Console_GetPosAsXY = $00010DC4
EQU MDDBG__Console_Init = $00010D00
EQU MDDBG__Console_InitShared = $00010D40
EQU MDDBG__Console_Reset = $00010D3E
EQU MDDBG__Console_SetBasePattern = $00010E18
EQU MDDBG__Console_SetPosAsXY = $00010D90
EQU MDDBG__Console_SetPosAsXY_Stack = $00010D8A
EQU MDDBG__Console_SetWidth = $00010E34
EQU MDDBG__Console_StartNewLine = $00010DEA
EQU MDDBG__Console_Write = $00010E58
EQU MDDBG__Console_WriteLine = $00010E54
EQU MDDBG__Console_WriteLine_Formatted = $00010F1E
EQU MDDBG__Console_WriteLine_WithPattern = $00010E52
EQU MDDBG__Console_Write_Formatted = $00010F22
EQU MDDBG__Debugger_AddressRegisters = $00011132
EQU MDDBG__Debugger_Backtrace = $0001117E
EQU MDDBG__Decomp1bpp = $00010F52
EQU MDDBG__ErrorHandler = $000102C6
EQU MDDBG__ErrorHandler_ClearConsole = $00011028
EQU MDDBG__ErrorHandler_ConsoleConfig_Initial = $0001059E
EQU MDDBG__ErrorHandler_ConsoleConfig_Shared = $000105A2
EQU MDDBG__ErrorHandler_ConsoleOnly = $00011002
EQU MDDBG__ErrorHandler_ExtraDebuggerList = $00011126
EQU MDDBG__ErrorHandler_PagesController = $0001108C
EQU MDDBG__ErrorHandler_PauseConsole = $00011052
EQU MDDBG__ErrorHandler_SetupVDP = $00010516
EQU MDDBG__ErrorHandler_VDPConfig = $0001054C
EQU MDDBG__ErrorHandler_VDPConfig_Nametables = $00010562
EQU MDDBG__Error_DrawOffsetLocation = $0001047E
EQU MDDBG__Error_DrawOffsetLocation2 = $00010482
EQU MDDBG__Error_DrawOffsetLocation__inj = $00010488
EQU MDDBG__Error_IdleLoop = $000103EE
EQU MDDBG__Error_InitConsole = $00010408
EQU MDDBG__Error_MaskStackBoundaries = $00010414
EQU MDDBG__FormatString = $00010C26
EQU MDDBG__GetSymbolByOffset = $00010910
EQU MDDBG__KDebug_FlushLine = $00010FC6
EQU MDDBG__KDebug_Write = $00010FD4
EQU MDDBG__KDebug_WriteLine = $00010FD0
EQU MDDBG__KDebug_WriteLine_Formatted = $00010F6E
EQU MDDBG__KDebug_Write_Formatted = $00010F72
EQU MDDBG__Str_OffsetLocation_24bit = $000105D2
EQU MDDBG__Str_OffsetLocation_32bit = $000105DB
EQU MDDBG__VSync = $000110EC
EQU NT_ATTR_MASK = $0000F800
EQU NT_TILE_MASK = $000007FF
EQU NUM_DYNAMIC = $00000028
EQU NUM_DYNAMIC_PENDING = $00000008
EQU NUM_EFFECTS = $00000010
EQU NUM_PLAYERS = $00000002
EQU NUM_SYSTEM = $00000008
EQU NUM_TOTAL_SLOTS = $00000042
EQU OBJ_CODE_BANK = $00000001
EQU OBJ_ENTRY_SIZE = $00000006
EQU OEF_ANY_Y = $0000000F
EQU OEF_SUBTYPE_MASK = $000000FF
EQU OEF_TYPE_MASK = $0000001F
EQU OEF_TYPE_SHIFT = $00000008
EQU OEF_XFLIP = $0000000D
EQU OEF_YFLIP = $0000000E
EQU PAD_3BTN = $00000000
EQU PAD_6BTN = $00000001
EQU PAGECACHE_AUDIT_INTERVAL = $00000080
EQU PAGEIN_QUEUE_SLOTS = $00000008
EQU PAGE_FRAMES = $0000000E
EQU PAGE_FRAMES_CLAMP = $0000000E
EQU PAGE_FRAMES_MAX = $0000000F
EQU PAGE_FRAME_TILE_MASK = $0000003F
EQU PAGE_FRAME_TILE_SHIFT = $00000006
EQU PAGE_NOT_RESIDENT = $000000FF
EQU PAGE_PREFETCH_MAX = $00000002
EQU PAGE_TABLE_MAX = $00000100
EQU PARALLAX_ANCHOR_NONE = $000000FF
EQU PARALLAX_LERP_SHIFT = $00000004
EQU PARALLAX_TRANS_DEFAULT = $00000010
EQU PF_EVICTABLE = $00000002
EQU PF_EVICTABLE_BIT = $00000001
EQU PF_PINNED = $00000001
EQU PF_PINNED_BIT = $00000000
EQU PGRQ_BULK = $00000002
EQU PGRQ_BULK_BIT = $00000001
EQU PGRQ_DEMAND = $00000001
EQU PGRQ_DEMAND_BIT = $00000000
EQU PGRQ_PREFETCH = $00000000
EQU PHYS_ACCEL = $0000000C
EQU PHYS_AIR_ACCEL = $00000018
EQU PHYS_DECEL = $00000080
EQU PHYS_FALL_ANGLE = $00000030
EQU PHYS_FALL_CAP = $00000F00
EQU PHYS_FRICTION = $0000000C
EQU PHYS_GRAVITY = $00000038
EQU PHYS_GSP_CAP = $00001000
EQU PHYS_JUMP_BUFFER = $00000002
EQU PHYS_JUMP_FORCE = $00000680
EQU PHYS_JUMP_HEADROOM = $00000006
EQU PHYS_JUMP_RELEASE_CAP = $FFFFFC00
EQU PHYS_JUMP_SKIP_CLEARANCE = $00000008
EQU PHYS_KEEP_ROLL_MIN = $00000400
EQU PHYS_MOVE_LOCK_TIME = $0000001E
EQU PHYS_ROLL_DECEL = $00000020
EQU PHYS_ROLL_FORCE_MIN = $00000200
EQU PHYS_ROLL_FRICTION = $00000006
EQU PHYS_ROLL_START_MIN = $00000100
EQU PHYS_SKID_MIN = $00000400
EQU PHYS_SLIP_ANGLE = $00000018
EQU PHYS_SLIP_NUDGE = $00000080
EQU PHYS_SLIP_SPEED = $00000280
EQU PHYS_SLOPE_ROLL_DOWN = $00000050
EQU PHYS_SLOPE_ROLL_UP = $00000014
EQU PHYS_SLOPE_STAND_MIN = $0000000D
EQU PHYS_SLOPE_WALK = $00000020
EQU PHYS_TOP_SPEED = $00000600
EQU PHYS_UNROLL_MAX = $00000080
EQU PLANE_BUFFER_SIZE = $00000600
EQU PLANE_H_CELLS = $00000040
EQU PLANE_V_CELLS = $00000040
EQU PLAYER_X_RADIUS = $00000009
EQU PLAYER_Y_RADIUS = $00000013
EQU POOL_TILE_CEILING = $00000380
EQU PRIORITY_BANDS = $00000008
EQU PSG_PORT = $00C00011
EQU PUSH_RADIUS = $0000000A
EQU READ = $0000000C
EQU REPLAY_CHECK_MASK = $0000003F
EQU REPLAY_ESCAPE = $000000FF
EQU REPLAY_HEADER_LEN = $00000014
EQU REPLAY_OP_CHECK = $00000001
EQU REPLAY_OP_END = $00000000
EQU REPLAY_RECORD_TICKS = $00002000
EQU RF_COORDMODE = $00000003
EQU RF_MULTISPRITE = $00000004
EQU RF_ONSCREEN = $00000000
EQU RF_PRIORITY_MASK = $000000E0
EQU RF_PRIORITY_SHIFT = $00000005
EQU RF_XFLIP = $00000001
EQU RF_YFLIP = $00000002
EQU RING_ANIM_FRAMES = $00000004
EQU RING_ANIM_SPEED = $00000008
EQU RING_BUFFER_ENTRY_SIZE = $00000006
EQU RING_HEIGHT = $00000010
EQU RING_WIDTH = $00000010
EQU SCANLINE_BANDS = $00000007
EQU SCANLINE_SPRITE_LIMIT = $00000018
EQU SCREEN_HEIGHT = $000000E0
EQU SCREEN_LAST_COL_MAX = $00000028
EQU SCREEN_LAST_ROW_MAX = $0000001C
EQU SCREEN_TILES_H = $0000001C
EQU SCREEN_TILES_W = $00000028
EQU SCREEN_WIDTH = $00000140
EQU SECTION_H_REACH_COLS_MAX = $00000029
EQU SECTION_H_REACH_PX = $00000147
EQU SECTION_SIZE = $00000800
EQU SECTION_SIZE_SHIFT = $0000000B
EQU SECTION_V_REACH_PX = $000000E7
EQU SECTION_V_REACH_ROWS_MAX = $0000001D
EQU SEC_VOID = $000000FF
EQU SLOT_TAG_LEFT = $00000000
EQU SLOT_TAG_LOWER_L = $00000002
EQU SLOT_TAG_LOWER_R = $00000003
EQU SLOT_TAG_RIGHT = $00000001
EQU SND_DMA_ACTIVE_SLOT = $00A01F04
EQU SOLID_ALL = $00000003
EQU SOLID_LRB = $00000002
EQU SOLID_NONE = $00000000
EQU SOLID_TOP = $00000001
EQU SPRITES_PER_BAND = $00000020
EQU SPRITE_CULL_MARGIN = $00000020
EQU SRC_HSCROLL = $007FC28D
EQU SRC_PAL_LINE0 = $007FC10B
EQU SRC_PAL_LINE1 = $007FC11B
EQU SRC_PAL_LINE2 = $007FC12B
EQU SRC_PAL_LINE3 = $007FC13B
EQU SRC_SPRITE_TABLE = $007FC14C
EQU SST_CUSTOM_SIZE = $00000022
EQU SST_TEMPLATE_SIZE = $00000018
EQU SST_TEMPLATE_START = $0000000A
EQU SST_angle = $0000001F
EQU SST_anim = $00000018
EQU SST_anim_frame = $00000021
EQU SST_anim_table = $0000001A
EQU SST_anim_timer = $00000022
EQU SST_art_tile = $00000014
EQU SST_code_addr = $00000000
EQU SST_collision_resp = $0000000F
EQU SST_entity_list_index = $0000002C
EQU SST_entity_section_id = $0000002B
EQU SST_frame_off = $0000002E
EQU SST_height_pixels = $00000017
EQU SST_interact = $0000004E
EQU SST_layer = $0000002D
EQU SST_len = $00000050
EQU SST_mapping_frame = $00000023
EQU SST_mappings = $00000010
EQU SST_parent_ptr = $00000026
EQU SST_prev_anim = $00000020
EQU SST_prev_frame = $00000024
EQU SST_render_flags = $0000000E
EQU SST_sibling_ptr = $00000028
EQU SST_slot_tag = $0000002A
EQU SST_sprite_piece_count = $00000025
EQU SST_sst_custom = $00000030
EQU SST_status = $0000001E
EQU SST_subtype = $00000019
EQU SST_width_pixels = $00000016
EQU SST_x_pos = $00000002
EQU SST_x_vel = $0000000A
EQU SST_y_pos = $00000006
EQU SST_y_vel = $0000000C
EQU STALL_WATCHDOG_FRAMES = $0000012C
EQU STRESS_EVICT_FRAMES = $00000009
EQU ST_IN_AIR = $00000003
EQU ST_ON_OBJECT = $00000005
EQU ST_PUSHING = $00000006
EQU ST_ROLLING = $00000004
EQU ST_UNDERWATER = $00000007
EQU ST_XFLIP = $00000001
EQU ST_YFLIP = $00000002
EQU SYSTEM_STACK = $FFFFFF00
EQU Sec_len = $00000042
EQU Sec_sec_anim_blocks = $00000030
EQU Sec_sec_bg_layout = $0000001C
EQU Sec_sec_block_dict = $0000002C
EQU Sec_sec_block_dict_len = $00000040
EQU Sec_sec_block_index = $00000000
EQU Sec_sec_camera_lookahead = $0000003D
EQU Sec_sec_effects = $00000034
EQU Sec_sec_flags = $00000038
EQU Sec_sec_music = $0000003A
EQU Sec_sec_objects = $00000004
EQU Sec_sec_pal = $00000010
EQU Sec_sec_pal_cycle = $00000024
EQU Sec_sec_parallax_config = $00000014
EQU Sec_sec_pcfg_pad_3C = $0000003C
EQU Sec_sec_pcfg_pad_3E = $0000003E
EQU Sec_sec_pcfg_pad_3F = $0000003F
EQU Sec_sec_plc = $0000000C
EQU Sec_sec_raster_table = $00000018
EQU Sec_sec_rings = $00000008
EQU Sec_sec_sound_bank = $00000028
EQU Sec_sec_type_table = $00000020
EQU TILE_CACHE_COLL_PLANES = $00000002
EQU TILE_CACHE_COLL_ROWS = $0000001E
EQU TILE_CACHE_COLL_SIZE = $00000960
EQU TILE_CACHE_COLS = $00000050
EQU TILE_CACHE_MARGIN_H = $00000014
EQU TILE_CACHE_MARGIN_V = $00000010
EQU TILE_CACHE_NT_SIZE = $00002580
EQU TILE_CACHE_ROWS = $0000003C
EQU TILE_CACHE_STRIDE = $00000050
EQU TILE_SIZE = $00000020
EQU TMSS_REGISTER = $00A14000
EQU VDP_CTRL = $00C00004
EQU VDP_DATA = $00C00000
EQU VDP_HV_COUNTER = $00C00008
EQU VDP_REG_0C_BOOT = $00000081
EQU VDP_SPRITE_X_OFFSET = $00000080
EQU VDP_SPRITE_Y_OFFSET = $00000080
EQU VDP_Shadow_len = $00000013
EQU VDP_Shadow_vdp_bgcolor = $00000007
EQU VDP_Shadow_vdp_hint_rate = $0000000A
EQU VDP_Shadow_vdp_hscroll = $0000000D
EQU VDP_Shadow_vdp_increment = $0000000F
EQU VDP_Shadow_vdp_mode1 = $00000000
EQU VDP_Shadow_vdp_mode2 = $00000001
EQU VDP_Shadow_vdp_mode3 = $0000000B
EQU VDP_Shadow_vdp_mode4 = $0000000C
EQU VDP_Shadow_vdp_nametable_gen = $0000000E
EQU VDP_Shadow_vdp_plane_a = $00000002
EQU VDP_Shadow_vdp_plane_b = $00000004
EQU VDP_Shadow_vdp_plane_size = $00000010
EQU VDP_Shadow_vdp_sprite = $00000005
EQU VDP_Shadow_vdp_sprite_gen = $00000006
EQU VDP_Shadow_vdp_unused08 = $00000008
EQU VDP_Shadow_vdp_unused09 = $00000009
EQU VDP_Shadow_vdp_window = $00000003
EQU VDP_Shadow_vdp_window_h = $00000011
EQU VDP_Shadow_vdp_window_v = $00000012
EQU VFILL_ROWS_PER_FRAME = $00000002
EQU VRAM = $00000021
EQU VRAM_DEMO_OBJ = $000003E0
EQU VRAM_HSCROLL_TABLE = $0000BC00
EQU VRAM_PLANE_A = $0000C000
EQU VRAM_PLANE_B = $0000E000
EQU VRAM_PLANE_B_BYTES = $0000E000
EQU VRAM_SPRITE_TABLE = $0000B800
EQU VRAM_WINDOW = $0000F000
EQU VSRAM = $00000025
EQU WRITE = $00000007
EQU YM2612_A0 = $00A04000
EQU YM2612_A1 = $00A04002
EQU YM2612_D0 = $00A04001
EQU YM2612_D1 = $00A04003
EQU Z80_BUS_REQUEST = $00A11100
EQU Z80_IDLE_SIZE = $00000028
EQU Z80_RAM = $00A00000
EQU Z80_RAM_END = $00A02000
EQU Z80_RESET = $00A11200
EQU Z80_SOUND_SIZE = $00000000
EQU __Aeon_AS_Carrier = $00000000
EQU _eh_address_error = $00000001
EQU _eh_align_offset = $00000080
EQU _eh_enter_console = $00000040
EQU _eh_hide_caller = $00000004
EQU _eh_return = $00000020
EQU _eh_show_sr_usp = $00000002
EQU band_entry_band_deform_shift_a = $00000007
EQU band_entry_band_deform_shift_b = $00000008
EQU band_entry_band_factor_a_s1 = $00000002
EQU band_entry_band_factor_a_s2 = $00000003
EQU band_entry_band_factor_b_s1 = $00000004
EQU band_entry_band_factor_b_s2 = $00000005
EQU band_entry_band_factor_ops = $00000006
EQU band_entry_band_phase_offset = $00000009
EQU band_entry_band_top_plane = $00000000
EQU band_entry_len = $0000000A
EQU bin = $000000A0
EQU byte = $00000000
EQU cr = $000000E6
EQU dec = $00000090
EQU endl = $000000E0
EQU forced = $00000004
EQU hex = $00000080
EQU long = $00000003
EQU pal0 = $000000E8
EQU pal1 = $000000EA
EQU pal2 = $000000EC
EQU pal3 = $000000EE
EQU parallax_config_len = $0000001E
EQU parallax_config_pcfg_anchor_ch = $0000000B
EQU parallax_config_pcfg_anchor_dsa = $0000001A
EQU parallax_config_pcfg_anchor_dsb = $0000001B
EQU parallax_config_pcfg_band_count = $00000000
EQU parallax_config_pcfg_deform_speed_bg = $0000000A
EQU parallax_config_pcfg_deform_speed_fg = $00000009
EQU parallax_config_pcfg_deform_table_bg = $00000010
EQU parallax_config_pcfg_deform_table_fg = $0000000C
EQU parallax_config_pcfg_layer_mask = $00000002
EQU parallax_config_pcfg_pad_29 = $0000001D
EQU parallax_config_pcfg_transition = $00000008
EQU parallax_config_pcfg_v_center_y = $00000004
EQU parallax_config_pcfg_v_deform_shift_bg = $00000019
EQU parallax_config_pcfg_v_deform_speed_bg = $00000018
EQU parallax_config_pcfg_v_deform_table_bg = $00000014
EQU parallax_config_pcfg_v_factor_bg = $00000001
EQU parallax_config_pcfg_v_factor_fg = $0000001C
EQU parallax_config_pcfg_v_offset = $00000006
EQU setoff = $000000F4
EQU setpat = $000000F8
EQU setw = $000000F0
EQU setx = $000000FA
EQU signed = $00000008
EQU split = $00000008
EQU str = $000000D0
EQU sym = $000000B0
EQU symdisp = $000000C0
EQU weak = $00000008
EQU word = $00000001

   558 equates
