(0) 1/0 :        Vectors:
(0) 2/100 :        GameHeader:
(0) 3/18E :        Checksum:
(0) 4/190 :        _header_tail:
(0) 5/200 :        EntryPoint:
(0) 6/214 :        $engine.boot$EntryPoint$wait_dma:
(0) 7/214 :        $engine.boot$EntryPoint$warm_boot:
(0) 8/220 :        $engine.boot$EntryPoint$cold_boot:
(0) 9/236 :        $engine.boot$EntryPoint$no_tmss:
(0) 10/24A :        $engine.boot$EntryPoint$vdp_loop:
(0) 11/264 :        $engine.boot$EntryPoint$wait_z80:
(0) 12/26C :        $engine.boot$EntryPoint$load_z80:
(0) 13/276 :        $engine.boot$EntryPoint$ym_delay:
(0) 14/282 :        $engine.boot$EntryPoint$clear_ram:
(0) 15/288 :        $engine.boot$EntryPoint$wait_fill:
(0) 16/296 :        $engine.boot$EntryPoint$silence_psg:
(0) 17/2A4 :        $engine.boot$EntryPoint$clear_cram:
(0) 18/2AE :        $engine.boot$EntryPoint$clear_vsram:
(0) 19/2BC :        $engine.boot$asm1$wait_z80:
(0) 20/2D2 :        $engine.boot$EntryPoint$keyoff_part1:
(0) 21/2DE :        $engine.boot$EntryPoint$keyoff_part2:
(0) 22/332 :        $engine.boot$EntryPoint$pal:
(0) 23/338 :        $engine.boot$EntryPoint$region_done:
(0) 24/3A0 :        BootData:
(0) 25/3BA :        BootData_VDPRegs:
(0) 26/3D6 :        Z80_Sound_Start:
(0) 27/1C6C :        Z80_Sound_End:
(0) 28/1C6C :        __align$engine.boot_data$0:
(0) 29/1C70 :        BootData_PostBlob:
(0) 30/1C7E :        BootData_End:
(0) 31/1C7E :        VDP_Shadow_Init:
(0) 32/1C88 :        $engine.vdp_init$VDP_Shadow_Init$copy:
(0) 33/1C90 :        Flush_VDP_Shadow:
(0) 34/1CA0 :        $engine.vdp_init$Flush_VDP_Shadow$loop:
(0) 35/1CAE :        Set_VDP_Reg:
(0) 36/1CB8 :        $diag3$engine.vdp_init$raise:
(0) 37/1D02 :        $diag3$engine.vdp_init$skip:
(0) 38/1D10 :        Init_DMA_Queue:
(0) 39/1E2E :        QueueDMA_Critical:
(0) 40/1E38 :        QueueDMA_Important:
(0) 41/1E42 :        QueueDMA_Deferrable:
(0) 42/1E4A :        QueueDMA_Deferrable.transfer:
(0) 43/1E80 :        $engine.dma_queue$QueueDMA_Deferrable$finish_entry:
(0) 44/1EA0 :        $engine.dma_queue$QueueDMA_Deferrable$full:
(0) 45/1EAC :        $engine.dma_queue$QueueDMA_Deferrable$byte_capped:
(0) 46/1EB8 :        $engine.dma_queue$QueueDMA_Deferrable$split:
(0) 47/1F02 :        $engine.dma_queue$QueueDMA_Deferrable$split_reject:
(0) 48/1F14 :        Process_DMA_Critical:
(0) 49/1F20 :        $engine.dma_queue$Process_DMA_Critical$jump_table:
(0) 50/1F20 :        $engine.dma_queue$Process_DMA_Critical$slot_0:
(0) 51/1F2E :        $engine.dma_queue$Process_DMA_Critical$slot_1:
(0) 52/1F3C :        $engine.dma_queue$Process_DMA_Critical$slot_2:
(0) 53/1F4A :        $engine.dma_queue$Process_DMA_Critical$slot_3:
(0) 54/1F58 :        $engine.dma_queue$Process_DMA_Critical$slot_4:
(0) 55/1F66 :        $engine.dma_queue$Process_DMA_Critical$slot_5:
(0) 56/1F74 :        $engine.dma_queue$Process_DMA_Critical$slot_6:
(0) 57/1F82 :        $engine.dma_queue$Process_DMA_Critical$slot_7:
(0) 58/1F90 :        $engine.dma_queue$Process_DMA_Critical$slot_8:
(0) 59/1F9A :        $engine.dma_queue$Process_DMA_Critical$drain_8:
(0) 60/1FA2 :        $engine.dma_queue$Process_DMA_Critical$drain_7:
(0) 61/1FAA :        $engine.dma_queue$Process_DMA_Critical$drain_6:
(0) 62/1FB2 :        $engine.dma_queue$Process_DMA_Critical$drain_5:
(0) 63/1FBA :        $engine.dma_queue$Process_DMA_Critical$drain_4:
(0) 64/1FC2 :        $engine.dma_queue$Process_DMA_Critical$drain_3:
(0) 65/1FCA :        $engine.dma_queue$Process_DMA_Critical$drain_2:
(0) 66/1FD2 :        $engine.dma_queue$Process_DMA_Critical$drain_1:
(0) 67/1FE0 :        $engine.dma_queue$Process_DMA_Critical$done:
(0) 68/1FE2 :        Process_DMA_Important:
(0) 69/1FF4 :        $engine.dma_queue$Process_DMA_Important$done:
(0) 70/1FF6 :        Process_DMA_Deferrable:
(0) 71/2008 :        $engine.dma_queue$Process_DMA_Deferrable$done:
(0) 72/200A :        Drain_Budgeted_Queue:
(0) 73/2012 :        $engine.dma_queue$Drain_Budgeted_Queue$loop:
(0) 74/2034 :        $engine.dma_queue$Drain_Budgeted_Queue$out_of_budget:
(0) 75/2038 :        $engine.dma_queue$Drain_Budgeted_Queue$compact:
(0) 76/2046 :        $engine.dma_queue$Drain_Budgeted_Queue$no_drain:
(0) 77/2048 :        Init_SpriteTable:
(0) 78/2052 :        $engine.buffers$Init_SpriteTable$loop:
(0) 79/206A :        BuildStaticDMA:
(0) 80/20F8 :        Build_DMA_Entry:
(0) 81/210C :        PlaneMapToVRAM:
(0) 82/211C :        $engine.buffers$PlaneMapToVRAM$row:
(0) 83/2120 :        $engine.buffers$PlaneMapToVRAM$cell:
(0) 84/212E :        Enqueue_Dirty_Buffers:
(0) 85/215C :        $engine.buffers$asm5$drop:
(0) 86/2160 :        $engine.buffers$asm5$done:
(0) 87/2180 :        $engine.buffers$Enqueue_Dirty_Buffers$skip_pal0:
(0) 88/21A6 :        $engine.buffers$asm6$drop:
(0) 89/21AA :        $engine.buffers$asm6$done:
(0) 90/21CA :        $engine.buffers$Enqueue_Dirty_Buffers$skip_pal1:
(0) 91/21F0 :        $engine.buffers$asm7$drop:
(0) 92/21F4 :        $engine.buffers$asm7$done:
(0) 93/2214 :        $engine.buffers$Enqueue_Dirty_Buffers$skip_pal2:
(0) 94/223A :        $engine.buffers$asm8$drop:
(0) 95/223E :        $engine.buffers$asm8$done:
(0) 96/225E :        $engine.buffers$Enqueue_Dirty_Buffers$no_pal:
(0) 97/225E :        $engine.buffers$Enqueue_Dirty_Buffers$skip_pal3:
(0) 98/2290 :        $engine.buffers$Enqueue_Dirty_Buffers$ship_reg:
(0) 99/229A :        $engine.buffers$Enqueue_Dirty_Buffers$ship_dma:
(0) 100/22BA :        $engine.buffers$asm9$drop:
(0) 101/22BE :        $engine.buffers$Enqueue_Dirty_Buffers$no_ship:
(0) 102/22BE :        $engine.buffers$asm9$done:
(0) 103/22EA :        $engine.buffers$asm10$drop:
(0) 104/22EE :        $engine.buffers$asm10$done:
(0) 105/22F4 :        $engine.buffers$Enqueue_Dirty_Buffers$no_spr:
(0) 106/231A :        $engine.buffers$asm11$drop:
(0) 107/231E :        $engine.buffers$Enqueue_Dirty_Buffers$hs_done:
(0) 108/231E :        $engine.buffers$asm11$done:
(0) 109/2320 :        VBlank_Handler:
(0) 110/234E :        $engine.vblank$VBlank_Handler$no_bookmark:
(0) 111/235C :        $engine.vblank$VBlank_Handler$lag:
(0) 112/2360 :        $engine.vblank$VBlank_Handler$done:
(0) 113/236C :        VInt_Level:
(0) 114/2374 :        $engine.vblank$asm2$wait_z80:
(0) 115/23BA :        $engine.vblank$VInt_Level$charge_critical:
(0) 116/23CC :        $engine.vblank$VInt_Level$charged_critical:
(0) 117/23DC :        $engine.vblank$VInt_Level$budget_floored:
(0) 118/23FC :        $engine.vblank$VInt_Level$staging_idle:
(0) 119/2408 :        $engine.vblank$asm4$wait_z80:
(0) 120/2472 :        VInt_Lag:
(0) 121/247A :        $engine.vblank$asm7$wait_z80:
(0) 122/24B0 :        $engine.vblank$asm9$wait_z80:
(0) 123/24DE :        VSync_Wait:
(0) 124/24F8 :        $engine.vblank$VSync_Wait$wait:
(0) 125/2510 :        HBlank_Install:
(0) 126/252C :        HBlank_Uninstall:
(0) 127/2540 :        Read_Controllers:
(0) 128/2548 :        $engine.controllers$asm1$wait_z80:
(0) 129/25B4 :        $engine.controllers$Read_Controllers$read_pad_6:
(0) 130/261C :        $engine.controllers$Read_Controllers$socd_lr_ok:
(0) 131/262C :        $engine.controllers$Read_Controllers$socd_ud_ok:
(0) 132/264A :        $engine.controllers$Read_Controllers$three_button:
(0) 133/2650 :        GameLoop:
(0) 134/266C :        GameState_Idle:
(0) 135/2674 :        Input_Tick:
(0) 136/2684 :        $engine.replay$Input_Tick$live:
(0) 137/2686 :        $engine.replay$Input_Tick$playback:
(0) 138/2692 :        $engine.replay$Input_Tick$no_exit:
(0) 139/2698 :        $engine.replay$Input_Tick$fetch:
(0) 140/269C :        $engine.replay$Input_Tick$fetch_a0:
(0) 141/26C2 :        $engine.replay$Input_Tick$pair:
(0) 142/26CC :        $engine.replay$Input_Tick$hold:
(0) 143/26D4 :        $engine.replay$Input_Tick$apply:
(0) 144/26EA :        $engine.replay$Input_Tick$end:
(0) 145/26F4 :        $engine.replay$Input_Tick$bad_stream:
(0) 146/2714 :        $engine.replay$Input_Tick$desync:
(0) 147/2734 :        $engine.replay$Input_Tick$record:
(0) 148/276C :        $engine.replay$Input_Tick$rec_store:
(0) 149/2788 :        $engine.replay$Input_Tick$rec_stop:
(0) 150/2790 :        $engine.replay$Input_Tick$rec_ret:
(0) 151/2792 :        Replay_Hash:
(0) 152/2798 :        $engine.replay$Replay_Hash$hash_next:
(0) 153/27A0 :        $engine.replay$Replay_Hash$hash_fold:
(0) 154/27AA :        $engine.replay$Replay_Hash$hash_wtail:
(0) 155/27D4 :        $engine.replay$Replay_Hash$int_fold:
(0) 156/280A :        $engine.replay$Replay_Hash$hash_table:
(0) 157/2870 :        S4LZ_DecompressDict:
(0) 158/287E :        $diag1$engine.s4lz$raise:
(0) 159/28C2 :        $diag1$engine.s4lz$skip:
(0) 160/28C8 :        S4LZ_Decompress:
(0) 161/28DA :        $diag3$engine.s4lz$raise:
(0) 162/2926 :        $diag3$engine.s4lz$skip:
(0) 163/292A :        $engine.s4lz$S4LZ_Decompress$token_loop:
(0) 164/2966 :        $engine.s4lz$S4LZ_Decompress$lit_end:
(0) 165/2966 :        $engine.s4lz$S4LZ_Decompress$no_literals:
(0) 166/2976 :        $engine.s4lz$S4LZ_Decompress$offmark_zero:
(0) 167/2980 :        $engine.s4lz$S4LZ_Decompress$have_offset:
(0) 168/2994 :        $diag4$engine.s4lz$raise:
(0) 169/29DC :        $diag4$engine.s4lz$skip:
(0) 170/29E0 :        $engine.s4lz$S4LZ_Decompress$src_in_dest:
(0) 171/2A0A :        $engine.s4lz$S4LZ_Decompress$match_end:
(0) 172/2A0E :        $engine.s4lz$S4LZ_Decompress$lit_extended:
(0) 173/2A12 :        $engine.s4lz$S4LZ_Decompress$lit_dbf_loop:
(0) 174/2A1C :        $engine.s4lz$S4LZ_Decompress$match_extended:
(0) 175/2A20 :        $engine.s4lz$S4LZ_Decompress$match_dbf_loop:
(0) 176/2A2A :        $engine.s4lz$S4LZ_Decompress$stream_done:
(0) 177/2A3A :        $engine.s4lz$S4LZ_Decompress$return:
(0) 178/2A3C :        TileDelta_Undo:
(0) 179/2A4A :        $engine.s4lz$TileDelta_Undo$tile_loop:
(0) 180/2A6E :        $engine.s4lz$TileDelta_Undo$done:
(0) 181/2A70 :        ZX0R_Decompress:
(0) 182/2A74 :        $engine.zx0_resume$ZX0R_Decompress$literals:
(0) 183/2A76 :        $engine.zx0_resume$ZX0R_Decompress$lit_elias:
(0) 184/2A7E :        $engine.zx0_resume$ZX0R_Decompress$lit_got:
(0) 185/2A86 :        $engine.zx0_resume$ZX0R_Decompress$lit_done:
(0) 186/2A88 :        $engine.zx0_resume$ZX0R_Decompress$copy_lits:
(0) 187/2A92 :        $engine.zx0_resume$ZX0R_Decompress$rep_match:
(0) 188/2A94 :        $engine.zx0_resume$ZX0R_Decompress$rep_elias:
(0) 189/2A9C :        $engine.zx0_resume$ZX0R_Decompress$rep_got:
(0) 190/2AA4 :        $engine.zx0_resume$ZX0R_Decompress$do_copy:
(0) 191/2AA6 :        $engine.zx0_resume$ZX0R_Decompress$do_copy_offs:
(0) 192/2AAA :        $engine.zx0_resume$ZX0R_Decompress$copy_match:
(0) 193/2AB4 :        $engine.zx0_resume$ZX0R_Decompress$get_offset:
(0) 194/2AB6 :        $engine.zx0_resume$ZX0R_Decompress$off_elias:
(0) 195/2ABE :        $engine.zx0_resume$ZX0R_Decompress$off_got:
(0) 196/2AC6 :        $engine.zx0_resume$ZX0R_Decompress$off_done:
(0) 197/2AD6 :        $engine.zx0_resume$ZX0R_Decompress$len_elias:
(0) 198/2ADA :        $engine.zx0_resume$ZX0R_Decompress$len_loop:
(0) 199/2AE2 :        $engine.zx0_resume$ZX0R_Decompress$len_got:
(0) 200/2AE6 :        $engine.zx0_resume$ZX0R_Decompress$done:
(0) 201/2AE8 :        ZX0R_Decompress.__end:
(0) 202/2AF0 :        GetSineCosine:
(0) 203/2B08 :        Sine_Table:
(0) 204/2D88 :        GetArcTan:
(0) 205/2DA0 :        $engine.math$GetArcTan$abs_x_ok:
(0) 206/2DA6 :        $engine.math$GetArcTan$abs_y_ok:
(0) 207/2DB6 :        $engine.math$GetArcTan$fold:
(0) 208/2DC0 :        $engine.math$GetArcTan$quadrant:
(0) 209/2DCA :        $engine.math$GetArcTan$x_pos:
(0) 210/2DD4 :        $engine.math$GetArcTan$y_pos:
(0) 211/2DDA :        $engine.math$GetArcTan$zero:
(0) 212/2DE4 :        ArcTan_Table:
(0) 213/2EE8 :        Perform_DPLC:
(0) 214/2F04 :        $engine.objects.dplc$asm1$entry_loop:
(0) 215/2F38 :        $engine.objects.dplc$asm1$done:
(0) 216/2F3A :        Perform_DPLC_Deferrable:
(0) 217/2F56 :        $engine.objects.dplc$asm3$entry_loop:
(0) 218/2F8A :        $engine.objects.dplc$asm3$done:
(0) 219/2F90 :        InitObjectRAM:
(0) 220/2F9A :        $engine.objects.core$InitObjectRAM$clear:
(0) 221/2FAC :        $engine.objects.core$InitObjectRAM$push_dyn:
(0) 222/2FC8 :        $engine.objects.core$InitObjectRAM$push_eff:
(0) 223/2FE2 :        AllocDynamic:
(0) 224/3024 :        $engine.objects.core$AllocDynamic$append:
(0) 225/303E :        $engine.objects.core$AllocDynamic$latch_full:
(0) 226/3042 :        $engine.objects.core$AllocDynamic$full:
(0) 227/3046 :        AllocEffect:
(0) 228/305C :        $engine.objects.core$AllocEffect$full:
(0) 229/3060 :        DeleteObject:
(0) 230/306C :        $diag4$engine.objects.core$raise:
(0) 231/30BC :        $diag4$engine.objects.core$skip:
(0) 232/30CA :        $diag5$engine.objects.core$raise:
(0) 233/311E :        $diag5$engine.objects.core$skip:
(0) 234/312C :        $diag6$engine.objects.core$raise:
(0) 235/3174 :        $diag6$engine.objects.core$skip:
(0) 236/318C :        $engine.objects.core$DeleteObject$no_cascade:
(0) 237/31A0 :        $engine.objects.core$DeleteObject$check_effect:
(0) 238/31A6 :        $engine.objects.core$DeleteObject$effect_pool:
(0) 239/31B2 :        $engine.objects.core$DeleteObject$dynamic_pool:
(0) 240/31D0 :        $engine.objects.core$DeleteObject$dyn_zero_scan:
(0) 241/31DA :        $engine.objects.core$DeleteObject$dyn_zero_hit:
(0) 242/31DC :        $engine.objects.core$DeleteObject$dyn_zero_pending:
(0) 243/31E8 :        $engine.objects.core$DeleteObject$dyn_pend_scan:
(0) 244/31F2 :        $engine.objects.core$DeleteObject$dyn_pend_hit:
(0) 245/31F4 :        $engine.objects.core$DeleteObject$dyn_zero_done:
(0) 246/31F6 :        $engine.objects.core$DeleteObject$clear_slot:
(0) 247/3224 :        CompactDynamicLive:
(0) 248/3232 :        $diag29$engine.objects.core$raise:
(0) 249/327E :        $diag29$engine.objects.core$skip:
(0) 250/3296 :        $diag30$engine.objects.core$raise:
(0) 251/32E8 :        $diag30$engine.objects.core$skip:
(0) 252/32EE :        $engine.objects.core$CompactDynamicLive$loop:
(0) 253/32FA :        $engine.objects.core$CompactDynamicLive$next:
(0) 254/32FE :        $engine.objects.core$CompactDynamicLive$recount:
(0) 255/3312 :        DrainDynamicPending:
(0) 256/3328 :        $engine.objects.core$DrainDynamicPending$loop:
(0) 257/3336 :        $engine.objects.core$DrainDynamicPending$next:
(0) 258/333A :        $engine.objects.core$DrainDynamicPending$clear:
(0) 259/334A :        $engine.objects.core$DrainDynamicPending$sweep_loop:
(0) 260/3350 :        $engine.objects.core$DrainDynamicPending$sweep_next:
(0) 261/3362 :        $diag32$engine.objects.core$raise:
(0) 262/33AA :        $diag32$engine.objects.core$skip:
(0) 263/33BA :        $engine.objects.core$DrainDynamicPending$entry_check:
(0) 264/33C8 :        $diag33$engine.objects.core$raise:
(0) 265/3418 :        $diag33$engine.objects.core$skip:
(0) 266/3426 :        $diag34$engine.objects.core$raise:
(0) 267/347A :        $diag34$engine.objects.core$skip:
(0) 268/3480 :        $engine.objects.core$DrainDynamicPending$dbg_done:
(0) 269/3482 :        RunObjects:
(0) 270/34B6 :        $engine.objects.core$RunObjects$reconcile:
(0) 271/34BE :        $engine.objects.core$RunObjects$no_reconcile:
(0) 272/34C0 :        $engine.objects.core$RunObjects$always_loop:
(0) 273/34C0 :        $engine.objects.core$RunObjects$run_always:
(0) 274/34CE :        $engine.objects.core$RunObjects$always_next:
(0) 275/34D8 :        $engine.objects.core$RunObjects$run_culled:
(0) 276/34E8 :        $engine.objects.core$RunObjects$culled_loop:
(0) 277/34FE :        $engine.objects.core$asm36$abs:
(0) 278/3510 :        $engine.objects.core$asm37$abs:
(0) 279/3526 :        $engine.objects.core$RunObjects$culled_next:
(0) 280/352A :        $engine.objects.core$RunObjects$culled_done:
(0) 281/3530 :        Debug_AssertObjLoop:
(0) 282/353C :        $diag39$engine.objects.core$raise:
(0) 283/358C :        $diag39$engine.objects.core$skip:
(0) 284/359A :        $diag40$engine.objects.core$raise:
(0) 285/35EE :        $diag40$engine.objects.core$skip:
(0) 286/35FA :        $diag41$engine.objects.core$raise:
(0) 287/364C :        $diag41$engine.objects.core$skip:
(0) 288/3650 :        RunObjects_Frozen:
(0) 289/366A :        $engine.objects.core$RunObjects_Frozen$frozen_dyn_loop:
(0) 290/3678 :        $engine.objects.core$RunObjects_Frozen$frozen_dyn_next:
(0) 291/367C :        $engine.objects.core$RunObjects_Frozen$frozen_dyn_done:
(0) 292/368C :        $engine.objects.core$RunObjects_Frozen$frozen_fixed:
(0) 293/368C :        $engine.objects.core$RunObjects_Frozen$frozen_fixed_loop:
(0) 294/3692 :        $engine.objects.core$RunObjects_Frozen$frozen_fixed_next:
(0) 295/369C :        ObjectMove:
(0) 296/36B6 :        ObjectMoveX:
(0) 297/36C4 :        ObjectMoveY:
(0) 298/36E0 :        InitSpriteSystem:
(0) 299/36F4 :        Draw_Sprite:
(0) 300/3706 :        $engine.objects.sprites$Draw_Sprite$no_parent:
(0) 301/3762 :        $engine.objects.sprites$Draw_Sprite$screen_coords:
(0) 302/3780 :        $engine.objects.sprites$Draw_Sprite$cascade:
(0) 303/378E :        $engine.objects.sprites$Draw_Sprite$band_has_room:
(0) 304/37A8 :        $engine.objects.sprites$Draw_Sprite$all_bands_full:
(0) 305/37AA :        $engine.objects.sprites$Draw_Sprite$offscreen:
(0) 306/37B2 :        Render_Sprites:
(0) 307/37C6 :        $engine.objects.sprites$Render_Sprites$owner_clear:
(0) 308/37EE :        $engine.objects.sprites$Render_Sprites$band_loop:
(0) 309/3818 :        $engine.objects.sprites$Render_Sprites$reverse_band:
(0) 310/3822 :        $engine.objects.sprites$Render_Sprites$object_loop:
(0) 311/3866 :        $diag3$engine.objects.sprites$raise:
(0) 312/38AE :        $diag3$engine.objects.sprites$skip:
(0) 313/38DA :        $engine.objects.sprites$Render_Sprites$screen_pos:
(0) 314/38EA :        $engine.objects.sprites$Render_Sprites$have_pos:
(0) 315/391A :        $engine.objects.sprites$Render_Sprites$budget_ok:
(0) 316/3934 :        $engine.objects.sprites$Render_Sprites$multi_sprite:
(0) 317/3942 :        $engine.objects.sprites$Render_Sprites$sibling_loop:
(0) 318/398E :        $engine.objects.sprites$Render_Sprites$child_screen_pos:
(0) 319/399E :        $engine.objects.sprites$Render_Sprites$child_have_pos:
(0) 320/39B4 :        $engine.objects.sprites$Render_Sprites$sibling_advance:
(0) 321/39BA :        $engine.objects.sprites$Render_Sprites$multi_done:
(0) 322/39BC :        $engine.objects.sprites$Render_Sprites$next_object:
(0) 323/39C2 :        $engine.objects.sprites$Render_Sprites$next_band:
(0) 324/39D4 :        $engine.objects.sprites$Render_Sprites$no_mask_insert:
(0) 325/39E0 :        $engine.objects.sprites$Render_Sprites$done:
(0) 326/39F8 :        $engine.objects.sprites$Render_Sprites$chain_walk:
(0) 327/3A10 :        $diag4$engine.objects.sprites$raise:
(0) 328/3A58 :        $diag4$engine.objects.sprites$skip:
(0) 329/3A76 :        $engine.objects.sprites$Render_Sprites$empty_table:
(0) 330/3A98 :        $engine.objects.sprites$Render_Sprites$still_empty:
(0) 331/3A9E :        $engine.objects.sprites$Render_Sprites$band_limit_pop:
(0) 332/3AA4 :        CellOffsets_XFlip:
(0) 333/3AB4 :        Emit_ObjectPieces:
(0) 334/3ACC :        $engine.objects.sprites$Emit_ObjectPieces$pieces_unflipped:
(0) 335/3ACE :        $engine.objects.sprites$asm6$piece_loop:
(0) 336/3AF2 :        $engine.objects.sprites$asm11$x_ok:
(0) 337/3AFE :        $engine.objects.sprites$Emit_ObjectPieces$pieces_xflip:
(0) 338/3B00 :        $engine.objects.sprites$asm12$piece_loop:
(0) 339/3B36 :        $engine.objects.sprites$asm17$x_ok:
(0) 340/3B42 :        $engine.objects.sprites$Emit_ObjectPieces$pieces_yflip:
(0) 341/3B44 :        $engine.objects.sprites$asm18$piece_loop:
(0) 342/3B7A :        $engine.objects.sprites$asm23$x_ok:
(0) 343/3B86 :        $engine.objects.sprites$Emit_ObjectPieces$pieces_xyflip:
(0) 344/3B88 :        $engine.objects.sprites$asm24$piece_loop:
(0) 345/3BCC :        $engine.objects.sprites$asm29$x_ok:
(0) 346/3BD8 :        InsertSpriteMasks:
(0) 347/3BE2 :        $engine.objects.sprites$InsertSpriteMasks$mask_loop:
(0) 348/3C12 :        $engine.objects.sprites$InsertSpriteMasks$masks_done:
(0) 349/3C14 :        AnimateSprite:
(0) 350/3C4C :        $engine.objects.animate$asm1$rt_static:
(0) 351/3C64 :        $engine.objects.animate$AnimateSprite$set_frame:
(0) 352/3C6C :        $engine.objects.animate$AnimateSprite$done:
(0) 353/3C6E :        $engine.objects.animate$AnimateSprite$anim_changed:
(0) 354/3C8A :        $engine.objects.animate$asm2$rt_static:
(0) 355/3C9C :        $engine.objects.animate$AnimateSprite$control_code:
(0) 356/3CB0 :        $engine.objects.animate$AnimateSprite$cc_table:
(0) 357/3CD4 :        $engine.objects.animate$AnimateSprite$cc_end:
(0) 358/3CE8 :        $engine.objects.animate$AnimateSprite$cc_back:
(0) 359/3CF8 :        $diag3$engine.objects.animate$raise:
(0) 360/3D44 :        $diag3$engine.objects.animate$skip:
(0) 361/3D60 :        $engine.objects.animate$AnimateSprite$cc_change:
(0) 362/3D6C :        $engine.objects.animate$AnimateSprite$cc_routine:
(0) 363/3D72 :        $engine.objects.animate$AnimateSprite$cc_delete:
(0) 364/3D76 :        $engine.objects.animate$AnimateSprite$evt_callback:
(0) 365/3D94 :        $engine.objects.animate$AnimateSprite$evt_cb_done:
(0) 366/3D9C :        $engine.objects.animate$AnimateSprite$evt_sound:
(0) 367/3DAC :        $engine.objects.animate$AnimateSprite$evt_collision:
(0) 368/3DBA :        $engine.objects.animate$AnimateSprite$evt_set_field:
(0) 369/3DCA :        $diag4$engine.objects.animate$raise:
(0) 370/3E1E :        $diag4$engine.objects.animate$skip:
(0) 371/3E2A :        $diag5$engine.objects.animate$raise:
(0) 372/3E82 :        $diag5$engine.objects.animate$skip:
(0) 373/3E8E :        $engine.objects.animate$AnimateSprite$after_event:
(0) 374/3EA4 :        RefreshSpritePieceCount:
(0) 375/3EC6 :        $engine.objects.animate$asm7$no_mappings:
(0) 376/3ECA :        $engine.objects.animate$asm7$rpc_done:
(0) 377/3ECC :        TouchResponse:
(0) 378/3ED6 :        $engine.objects.collision$TouchResponse$player_loop:
(0) 379/3F00 :        $engine.objects.collision$TouchResponse$dyn_loop:
(0) 380/3F2A :        $engine.objects.collision$asm2$aov:
(0) 381/3F4E :        $engine.objects.collision$asm4$aov:
(0) 382/3F78 :        $engine.objects.collision$asm1$overlap_done:
(0) 383/3F80 :        $engine.objects.collision$TouchResponse$dyn_next:
(0) 384/3F84 :        $engine.objects.collision$TouchResponse$dyn_done:
(0) 385/3F90 :        $engine.objects.collision$TouchResponse$fixed_loop:
(0) 386/3FB4 :        $engine.objects.collision$asm7$aov:
(0) 387/3FD8 :        $engine.objects.collision$asm9$aov:
(0) 388/4002 :        $engine.objects.collision$asm6$overlap_done:
(0) 389/400A :        $engine.objects.collision$TouchResponse$fixed_next:
(0) 390/4012 :        $engine.objects.collision$TouchResponse$next_player:
(0) 391/401E :        Touch_HandlerTable:
(0) 392/4052 :        Touch_Boss:
(0) 393/4052 :        Touch_Bubble:
(0) 394/4052 :        Touch_Enemy:
(0) 395/4052 :        Touch_Monitor:
(0) 396/4052 :        Touch_None:
(0) 397/4052 :        Touch_Projectile:
(0) 398/4052 :        Touch_Ring:
(0) 399/4052 :        Touch_SolidBreak:
(0) 400/4052 :        Touch_SolidHurt:
(0) 401/4052 :        Touch_Spring:
(0) 402/4052 :        Touch_Touch:
(0) 403/4054 :        Touch_Hurt:
(0) 404/4056 :        Touch_Solid:
(0) 405/4060 :        $engine.objects.collision$asm25$abs:
(0) 406/406A :        $engine.objects.collision$asm26$abs:
(0) 407/4090 :        $engine.objects.collision$Touch_Solid$solid_top:
(0) 408/40BA :        $engine.objects.collision$Touch_Solid$solid_side:
(0) 409/40CA :        $engine.objects.collision$Touch_Solid$solid_push_left:
(0) 410/40D2 :        $engine.objects.collision$Touch_Solid$solid_done:
(0) 411/40D4 :        RingBuffer_Add:
(0) 412/4108 :        $engine.objects.rings$RingBuffer_Add$not_record:
(0) 413/410E :        $engine.objects.rings$RingBuffer_Add$full:
(0) 414/4120 :        $diag1$engine.objects.rings$raise:
(0) 415/416C :        $diag1$engine.objects.rings$skip:
(0) 416/4174 :        RingBuffer_Remove:
(0) 417/41A6 :        $engine.objects.rings$RingBuffer_Remove$done:
(0) 418/41A8 :        RingBuffer_Clear:
(0) 419/41B6 :        DrawRings:
(0) 420/41D0 :        $engine.objects.rings$DrawRings$frame_ok:
(0) 421/41D4 :        $engine.objects.rings$DrawRings$no_anim_tick:
(0) 422/4202 :        $engine.objects.rings$DrawRings$ring_loop:
(0) 423/4246 :        $engine.objects.rings$DrawRings$x_ok:
(0) 424/4248 :        $engine.objects.rings$DrawRings$skip_ring:
(0) 425/424E :        $engine.objects.rings$DrawRings$done:
(0) 426/4250 :        RingCollision:
(0) 427/4258 :        $engine.objects.rings$RingCollision$player_loop:
(0) 428/427E :        $engine.objects.rings$RingCollision$ring_loop:
(0) 429/4292 :        $engine.objects.rings$asm6$aov:
(0) 430/42AE :        $engine.objects.rings$asm8$aov:
(0) 431/42D4 :        $engine.objects.rings$RingCollision$no_loaded_bit:
(0) 432/42E8 :        $engine.objects.rings$RingCollision$no_hit:
(0) 433/42EE :        $engine.objects.rings$RingCollision$next_player:
(0) 434/42F8 :        Collected_Init:
(0) 435/42FE :        $engine.objects.entity_window$Collected_Init$loop:
(0) 436/4334 :        $engine.objects.entity_window$Collected_Init$park_loop:
(0) 437/4346 :        Collected_FindSlot:
(0) 438/434C :        $engine.objects.entity_window$Collected_FindSlot$scan:
(0) 439/435C :        $engine.objects.entity_window$Collected_FindSlot$found:
(0) 440/4360 :        Collected_CheckRing:
(0) 441/4376 :        $diag4$engine.objects.entity_window$raise:
(0) 442/43CC :        $diag4$engine.objects.entity_window$skip:
(0) 443/43D8 :        $engine.objects.entity_window$Collected_CheckRing$uncollected:
(0) 444/43DC :        Collected_MarkRing:
(0) 445/43F2 :        $diag6$engine.objects.entity_window$raise:
(0) 446/4448 :        $diag6$engine.objects.entity_window$skip:
(0) 447/4452 :        $engine.objects.entity_window$Collected_MarkRing$done:
(0) 448/4454 :        Killed_CheckObject:
(0) 449/446C :        $diag8$engine.objects.entity_window$raise:
(0) 450/44C2 :        $diag8$engine.objects.entity_window$skip:
(0) 451/44CE :        $engine.objects.entity_window$Killed_CheckObject$alive:
(0) 452/44D2 :        Killed_MarkObject:
(0) 453/44EE :        $diag10$engine.objects.entity_window$raise:
(0) 454/4544 :        $diag10$engine.objects.entity_window$skip:
(0) 455/4560 :        $engine.objects.entity_window$Killed_MarkObject$markdone:
(0) 456/4562 :        Collected_ClaimSlot:
(0) 457/456E :        $engine.objects.entity_window$Collected_ClaimSlot$find:
(0) 458/4580 :        $engine.objects.entity_window$Collected_ClaimSlot$claim:
(0) 459/45AA :        $engine.objects.entity_window$Collected_ClaimSlot$already_owned:
(0) 460/45AE :        Collected_ParkSlot:
(0) 461/45D2 :        $engine.objects.entity_window$Collected_ParkSlot$park:
(0) 462/45DA :        $engine.objects.entity_window$Collected_ParkSlot$reuse_scan:
(0) 463/45F4 :        $engine.objects.entity_window$Collected_ParkSlot$index_step:
(0) 464/45FC :        $engine.objects.entity_window$Collected_ParkSlot$index_done:
(0) 465/460C :        $engine.objects.entity_window$Collected_ParkSlot$write:
(0) 466/4616 :        $engine.objects.entity_window$Collected_ParkSlot$copy_ring:
(0) 467/4624 :        $engine.objects.entity_window$Collected_ParkSlot$copy_killed:
(0) 468/4636 :        $engine.objects.entity_window$Collected_ParkSlot$dup_scan:
(0) 469/463C :        $engine.objects.entity_window$Collected_ParkSlot$dup_next:
(0) 470/4650 :        $diag14$engine.objects.entity_window$raise:
(0) 471/469C :        $diag14$engine.objects.entity_window$skip:
(0) 472/46A0 :        Collected_UnparkSlot:
(0) 473/46A6 :        $engine.objects.entity_window$Collected_UnparkSlot$scan:
(0) 474/46B4 :        $engine.objects.entity_window$Collected_UnparkSlot$hit:
(0) 475/46C0 :        $engine.objects.entity_window$Collected_UnparkSlot$copy_ring:
(0) 476/46CE :        $engine.objects.entity_window$Collected_UnparkSlot$copy_killed:
(0) 477/46D8 :        Collected_UpdateCenter:
(0) 478/46E6 :        $engine.objects.entity_window$Collected_UpdateCenter$div_center:
(0) 479/46F0 :        $engine.objects.entity_window$Collected_UpdateCenter$div_center_done:
(0) 480/46F6 :        $engine.objects.entity_window$Collected_UpdateCenter$slot_loop:
(0) 481/4704 :        $engine.objects.entity_window$Collected_UpdateCenter$div_slot:
(0) 482/470E :        $engine.objects.entity_window$Collected_UpdateCenter$div_slot_done:
(0) 483/4714 :        $engine.objects.entity_window$asm17$abs:
(0) 484/4720 :        $engine.objects.entity_window$asm18$abs:
(0) 485/4726 :        $engine.objects.entity_window$Collected_UpdateCenter$evict:
(0) 486/4752 :        $engine.objects.entity_window$Collected_UpdateCenter$slot_next:
(0) 487/475C :        EntityLoaded_Test:
(0) 488/4766 :        $diag21$engine.objects.entity_window$raise:
(0) 489/47BC :        $diag21$engine.objects.entity_window$skip:
(0) 490/47D2 :        EntityLoaded_Set:
(0) 491/47DC :        $diag23$engine.objects.entity_window$raise:
(0) 492/4832 :        $diag23$engine.objects.entity_window$skip:
(0) 493/4848 :        EntityLoaded_Clear:
(0) 494/4852 :        $diag25$engine.objects.entity_window$raise:
(0) 495/48A8 :        $diag25$engine.objects.entity_window$skip:
(0) 496/48BE :        EntityWindow_EntryForSection:
(0) 497/48C4 :        $engine.objects.entity_window$EntityWindow_EntryForSection$efs_loop:
(0) 498/48D8 :        $engine.objects.entity_window$EntityWindow_EntryForSection$efs_found:
(0) 499/48DC :        EntityWindow_InitSection:
(0) 500/48E8 :        $diag28$engine.objects.entity_window$raise:
(0) 501/4930 :        $diag28$engine.objects.entity_window$skip:
(0) 502/4946 :        $engine.objects.entity_window$EntityWindow_InitSection$clear_mask:
(0) 503/494C :        $engine.objects.entity_window$EntityWindow_InitSection$same_section:
(0) 504/497E :        EntityWindow_DeriveWindow:
(0) 505/498E :        $engine.objects.entity_window$EntityWindow_DeriveWindow$x0_ok:
(0) 506/499C :        $engine.objects.entity_window$EntityWindow_DeriveWindow$y0_ok:
(0) 507/49A2 :        EntityWindow_BuildEntries:
(0) 508/49C2 :        $engine.objects.entity_window$EntityWindow_BuildEntries$entry_loop:
(0) 509/49F6 :        $engine.objects.entity_window$EntityWindow_BuildEntries$x_done:
(0) 510/4A04 :        $engine.objects.entity_window$EntityWindow_BuildEntries$y_done:
(0) 511/4A18 :        $engine.objects.entity_window$EntityWindow_BuildEntries$void_entry:
(0) 512/4A22 :        $engine.objects.entity_window$EntityWindow_BuildEntries$next_entry:
(0) 513/4A34 :        EntityWindow_Init:
(0) 514/4A46 :        $engine.objects.entity_window$EntityWindow_Init$clear_loaded:
(0) 515/4A54 :        $engine.objects.entity_window$EntityWindow_Init$clear_scan:
(0) 516/4A9E :        EntityWindow_Scan:
(0) 517/4ACA :        $engine.objects.entity_window$EntityWindow_Scan$no_rescan:
(0) 518/4ADA :        $engine.objects.entity_window$EntityWindow_Scan$slide:
(0) 519/4AE2 :        $engine.objects.entity_window$EntityWindow_Scan$no_slide:
(0) 520/4AEC :        $engine.objects.entity_window$EntityWindow_Scan$section_loop:
(0) 521/4AFE :        $engine.objects.entity_window$EntityWindow_Scan$skip_rings:
(0) 522/4B0A :        $engine.objects.entity_window$EntityWindow_Scan$section_next:
(0) 523/4B0A :        $engine.objects.entity_window$EntityWindow_Scan$skip_objs:
(0) 524/4B16 :        $engine.objects.entity_window$EntityWindow_Scan$scan_done:
(0) 525/4B1E :        EntityWindow_TrySpawnRing:
(0) 526/4B96 :        $engine.objects.entity_window$EntityWindow_TrySpawnRing$nodup_scan:
(0) 527/4BA4 :        $engine.objects.entity_window$EntityWindow_TrySpawnRing$nodup_hit:
(0) 528/4BB0 :        $diag34$engine.objects.entity_window$raise:
(0) 529/4BF8 :        $diag34$engine.objects.entity_window$skip:
(0) 530/4BFA :        $engine.objects.entity_window$EntityWindow_TrySpawnRing$nodup_ok:
(0) 531/4C12 :        $engine.objects.entity_window$EntityWindow_TrySpawnRing$gated:
(0) 532/4C16 :        $engine.objects.entity_window$EntityWindow_TrySpawnRing$out_of_band:
(0) 533/4C18 :        EntityWindow_ScanRingsRight:
(0) 534/4C2C :        $engine.objects.entity_window$EntityWindow_ScanRingsRight$loop:
(0) 535/4C42 :        $engine.objects.entity_window$EntityWindow_ScanRingsRight$at_edge:
(0) 536/4C4A :        $engine.objects.entity_window$EntityWindow_ScanRingsRight$at_terminator:
(0) 537/4C54 :        EntityWindow_PopulateSectionRings:
(0) 538/4C6C :        $engine.objects.entity_window$EntityWindow_PopulateSectionRings$pfind:
(0) 539/4C7E :        $engine.objects.entity_window$EntityWindow_PopulateSectionRings$pfound:
(0) 540/4C84 :        $engine.objects.entity_window$EntityWindow_PopulateSectionRings$ploop:
(0) 541/4C92 :        $engine.objects.entity_window$EntityWindow_PopulateSectionRings$pdone:
(0) 542/4C94 :        EntityWindow_TrySpawnObject:
(0) 543/4CBA :        $engine.objects.entity_window$EntityWindow_TrySpawnObject$y_ok:
(0) 544/4D26 :        $engine.objects.entity_window$EntityWindow_TrySpawnObject$tag_plain:
(0) 545/4D42 :        $engine.objects.entity_window$EntityWindow_TrySpawnObject$gated:
(0) 546/4D46 :        $engine.objects.entity_window$EntityWindow_TrySpawnObject$out_of_band:
(0) 547/4D48 :        EntityWindow_ScanObjectsRight:
(0) 548/4D62 :        $engine.objects.entity_window$EntityWindow_ScanObjectsRight$obj_loop:
(0) 549/4D76 :        $engine.objects.entity_window$EntityWindow_ScanObjectsRight$obj_at_edge:
(0) 550/4D80 :        $engine.objects.entity_window$EntityWindow_ScanObjectsRight$obj_at_terminator:
(0) 551/4D8C :        EntityWindow_RescanY:
(0) 552/4D98 :        $engine.objects.entity_window$EntityWindow_RescanY$entry_loop:
(0) 553/4DA4 :        $engine.objects.entity_window$EntityWindow_RescanY$entry_next:
(0) 554/4DB0 :        $engine.objects.entity_window$EntityWindow_RescanY$done:
(0) 555/4DB2 :        EntityWindow_RescanRings:
(0) 556/4DC0 :        $engine.objects.entity_window$EntityWindow_RescanRings$loop:
(0) 557/4DD0 :        $engine.objects.entity_window$EntityWindow_RescanRings$done:
(0) 558/4DD2 :        EntityWindow_RescanObjects:
(0) 559/4DE2 :        $engine.objects.entity_window$EntityWindow_RescanObjects$loop:
(0) 560/4DF2 :        $engine.objects.entity_window$EntityWindow_RescanObjects$done:
(0) 561/4DF4 :        EntityWindow_DespawnRings:
(0) 562/4E0E :        $engine.objects.entity_window$EntityWindow_DespawnRings$loop:
(0) 563/4E26 :        $engine.objects.entity_window$EntityWindow_DespawnRings$check_active:
(0) 564/4E42 :        $engine.objects.entity_window$EntityWindow_DespawnRings$check_y:
(0) 565/4E5A :        $engine.objects.entity_window$EntityWindow_DespawnRings$remove:
(0) 566/4E74 :        $engine.objects.entity_window$EntityWindow_DespawnRings$clr_ring_skip:
(0) 567/4E7A :        $engine.objects.entity_window$EntityWindow_DespawnRings$next:
(0) 568/4E7E :        $engine.objects.entity_window$EntityWindow_DespawnRings$done:
(0) 569/4E80 :        EntityWindow_DespawnObjects:
(0) 570/4E88 :        $engine.objects.entity_window$EntityWindow_DespawnObjects$have_live:
(0) 571/4E92 :        $engine.objects.entity_window$EntityWindow_DespawnObjects$loop:
(0) 572/4EA4 :        $engine.objects.entity_window$EntityWindow_DespawnObjects$check_active:
(0) 573/4EC0 :        $engine.objects.entity_window$EntityWindow_DespawnObjects$check_y:
(0) 574/4EDE :        $engine.objects.entity_window$EntityWindow_DespawnObjects$despawn:
(0) 575/4EFC :        $engine.objects.entity_window$EntityWindow_DespawnObjects$clr_obj_skip:
(0) 576/4F08 :        $engine.objects.entity_window$EntityWindow_DespawnObjects$next:
(0) 577/4F12 :        EntityWindow_MigrateMasks:
(0) 578/4F14 :        $engine.objects.entity_window$EntityWindow_MigrateMasks$new_loop:
(0) 579/4F34 :        $engine.objects.entity_window$EntityWindow_MigrateMasks$old_loop:
(0) 580/4F42 :        $engine.objects.entity_window$EntityWindow_MigrateMasks$match:
(0) 581/4F56 :        $engine.objects.entity_window$EntityWindow_MigrateMasks$copy:
(0) 582/4F5C :        $engine.objects.entity_window$EntityWindow_MigrateMasks$new_next:
(0) 583/4F66 :        EntityWindow_Slide:
(0) 584/4F80 :        $engine.objects.entity_window$EntityWindow_Slide$snapshot:
(0) 585/4FD2 :        $diag46$engine.objects.entity_window$raise:
(0) 586/5016 :        $diag46$engine.objects.entity_window$skip:
(0) 587/5018 :        $engine.objects.entity_window$EntityWindow_Slide$axis_ok:
(0) 588/5026 :        $engine.objects.entity_window$EntityWindow_Slide$populate_loop:
(0) 589/5038 :        $engine.objects.entity_window$EntityWindow_Slide$old_id_scan:
(0) 590/5046 :        $engine.objects.entity_window$EntityWindow_Slide$populate_next:
(0) 591/5060 :        PopulateSpawnedPieceCount:
(0) 592/5084 :        $engine.objects.children$asm1$no_mappings:
(0) 593/5088 :        $engine.objects.children$asm1$rpc_done:
(0) 594/508C :        CreateChild_Normal:
(0) 595/509A :        $diag3$engine.objects.children$raise:
(0) 596/50E2 :        $diag3$engine.objects.children$skip:
(0) 597/50F0 :        $engine.objects.children$CreateChild_Normal$child_loop:
(0) 598/5142 :        $engine.objects.children$CreateChild_Normal$alloc_fail:
(0) 599/5144 :        $engine.objects.children$CreateChild_Normal$done:
(0) 600/514A :        CreateChild_Complex:
(0) 601/5156 :        $engine.objects.children$CreateChild_Complex$child_loop:
(0) 602/51C0 :        $engine.objects.children$CreateChild_Complex$alloc_fail:
(0) 603/51C2 :        $engine.objects.children$CreateChild_Complex$done:
(0) 604/51C8 :        CreateChild_FlipAware:
(0) 605/51D4 :        $engine.objects.children$CreateChild_FlipAware$no_flip:
(0) 606/51E0 :        $engine.objects.children$CreateChild_FlipAware$child_loop:
(0) 607/524E :        $engine.objects.children$CreateChild_FlipAware$rf_no_flip:
(0) 608/525E :        $engine.objects.children$CreateChild_FlipAware$alloc_fail:
(0) 609/5260 :        $engine.objects.children$CreateChild_FlipAware$done:
(0) 610/5266 :        CreateChild_Linked:
(0) 611/5274 :        $diag13$engine.objects.children$raise:
(0) 612/52BC :        $diag13$engine.objects.children$skip:
(0) 613/52D8 :        $engine.objects.children$CreateChild_Linked$spawn_loop:
(0) 614/532A :        $engine.objects.children$CreateChild_Linked$first_child:
(0) 615/532E :        $engine.objects.children$CreateChild_Linked$linked:
(0) 616/5338 :        $engine.objects.children$CreateChild_Linked$link_fail:
(0) 617/5346 :        $engine.objects.children$CreateChild_Linked$done:
(0) 618/5348 :        DeleteChildren:
(0) 619/5354 :        $engine.objects.children$DeleteChildren$walk_chain:
(0) 620/5364 :        $engine.objects.children$DeleteChildren$done:
(0) 621/5366 :        CreateEffect_Normal:
(0) 622/536E :        $engine.objects.children$CreateEffect_Normal$effect_loop:
(0) 623/53B6 :        $engine.objects.children$CreateEffect_Normal$alloc_fail:
(0) 624/53B8 :        $engine.objects.children$CreateEffect_Normal$done:
(0) 625/53BA :        CreateEffect_Simple:
(0) 626/53CA :        $engine.objects.children$CreateEffect_Simple$spawn_loop:
(0) 627/53F8 :        $engine.objects.children$CreateEffect_Simple$done:
(0) 628/53FA :        $engine.objects.children$CreateEffect_Simple$alloc_fail:
(0) 629/5400 :        Load_Object:
(0) 630/5468 :        $engine.objects.load_object$Load_Object$no_piece_count:
(0) 631/546C :        $engine.objects.load_object$Load_Object$alloc_fail:
(0) 632/5474 :        $engine.objects.load_object$Load_ObjectList$loop:
(0) 633/5474 :        Load_ObjectList:
(0) 634/5486 :        $engine.objects.load_object$Load_ObjectList$done:
(0) 635/5488 :        Plane_Buffer_Reset:
(0) 636/5490 :        Draw_TileColumn:
(0) 637/54C6 :        $engine.plane_buffer$Draw_TileColumn$col_nowrap:
(0) 638/5524 :        $engine.plane_buffer$Draw_TileColumn$pA_clamp:
(0) 639/5530 :        $engine.plane_buffer$Draw_TileColumn$pA_zero:
(0) 640/5536 :        $engine.plane_buffer$Draw_TileColumn$pA_zend:
(0) 641/555C :        $engine.plane_buffer$Draw_TileColumn$pB_dok:
(0) 642/5568 :        $engine.plane_buffer$Draw_TileColumn$pB_zfill:
(0) 643/5570 :        $engine.plane_buffer$Draw_TileColumn$pB_allz:
(0) 644/5574 :        $engine.plane_buffer$Draw_TileColumn$pB_az:
(0) 645/557A :        $engine.plane_buffer$Draw_TileColumn$no_pB:
(0) 646/557A :        $engine.plane_buffer$Draw_TileColumn$pB_zend:
(0) 647/5588 :        $engine.plane_buffer$Draw_TileColumn$sz_ok:
(0) 648/5590 :        $engine.plane_buffer$Draw_TileColumn$done:
(0) 649/5592 :        $engine.plane_buffer$Draw_TileColumn$copy_col_run:
(0) 650/55AC :        $engine.plane_buffer$Draw_TileColumn$ccr_drain:
(0) 651/55BA :        $engine.plane_buffer$Draw_TileColumn$ccr_quad:
(0) 652/55D0 :        $engine.plane_buffer$Draw_TileColumn$ccr_rem_entry:
(0) 653/55D6 :        $engine.plane_buffer$Draw_TileColumn$ccr_rem:
(0) 654/55E0 :        $engine.plane_buffer$Draw_TileColumn$ccr_drained:
(0) 655/55E2 :        $engine.plane_buffer$Draw_TileColumn$ccr_ret:
(0) 656/55E4 :        Draw_TileRow_FromCache:
(0) 657/562C :        $engine.plane_buffer$Draw_TileRow_FromCache$row_nowrap:
(0) 658/564C :        $engine.plane_buffer$Draw_TileRow_FromCache$r_clamp_ok:
(0) 659/5674 :        $engine.plane_buffer$Draw_TileRow_FromCache$row_emit_done:
(0) 660/5684 :        $engine.plane_buffer$Draw_TileRow_FromCache$done:
(0) 661/5686 :        $engine.plane_buffer$Draw_TileRow_FromCache$emit_row_run:
(0) 662/5690 :        $engine.plane_buffer$Draw_TileRow_FromCache$err_nonneg:
(0) 663/569A :        $engine.plane_buffer$Draw_TileRow_FromCache$err_norm:
(0) 664/56B4 :        $engine.plane_buffer$Draw_TileRow_FromCache$err_run1:
(0) 665/56BA :        $engine.plane_buffer$Draw_TileRow_FromCache$err_run1_tail:
(0) 666/56C2 :        $engine.plane_buffer$Draw_TileRow_FromCache$err_run1_done:
(0) 667/56C4 :        $engine.plane_buffer$Draw_TileRow_FromCache$err_single:
(0) 668/56CC :        $engine.plane_buffer$Draw_TileRow_FromCache$err_run2:
(0) 669/56D2 :        $engine.plane_buffer$Draw_TileRow_FromCache$err_run2_tail:
(0) 670/56DA :        $engine.plane_buffer$Draw_TileRow_FromCache$err_ret:
(0) 671/56DC :        Draw_BG_TileColumn:
(0) 672/5702 :        $engine.plane_buffer$Draw_BG_TileColumn$have_layout:
(0) 673/571E :        $engine.plane_buffer$Draw_BG_TileColumn$copy:
(0) 674/5734 :        $engine.plane_buffer$Draw_BG_TileColumn$done:
(0) 675/5736 :        VInt_DrawLevel:
(0) 676/5746 :        $diag5$engine.plane_buffer$raise:
(0) 677/5792 :        $diag5$engine.plane_buffer$skip:
(0) 678/57A8 :        $engine.plane_buffer$VInt_DrawLevel$next:
(0) 679/57C0 :        $engine.plane_buffer$VInt_DrawLevel$drain_row:
(0) 680/57C8 :        $engine.plane_buffer$VInt_DrawLevel$col_entry:
(0) 681/57E4 :        $engine.plane_buffer$VInt_DrawLevel$drain_col:
(0) 682/57EA :        $engine.plane_buffer$VInt_DrawLevel$dc_tail:
(0) 683/57F4 :        $engine.plane_buffer$VInt_DrawLevel$done:
(0) 684/5800 :        Tile_Cache_GetTile:
(0) 685/5812 :        $engine.tile_cache$Tile_Cache_GetTile$col_nowrap:
(0) 686/5824 :        $engine.tile_cache$Tile_Cache_GetTile$row_nowrap:
(0) 687/583C :        BlockStage_PtrTable:
(0) 688/587C :        TileCache_FindStagedBlock:
(0) 689/5894 :        $engine.tile_cache$TileCache_FindStagedBlock$chain:
(0) 690/58AA :        $engine.tile_cache$TileCache_FindStagedBlock$miss:
(0) 691/58AE :        $engine.tile_cache$TileCache_FindStagedBlock$hit:
(0) 692/58C4 :        TileCache_InvalidateStaging:
(0) 693/58CA :        $engine.tile_cache$TileCache_InvalidateStaging$inv:
(0) 694/58E4 :        $engine.tile_cache$TileCache_InvalidateStaging$inv_maps:
(0) 695/58F4 :        $engine.tile_cache$TileCache_InvalidateStaging$inv_bucket:
(0) 696/5906 :        $engine.tile_cache$TileCache_InvalidateStaging$inv_chain:
(0) 697/5930 :        $engine.tile_cache$TileCache_InvalidateStaging$inv_spec_ring:
(0) 698/5944 :        TileCache_DecompressBlock:
(0) 699/595E :        $engine.tile_cache$TileCache_DecompressBlock$rr_ok:
(0) 700/5984 :        $engine.tile_cache$TileCache_DecompressBlock$idx_dup_step:
(0) 701/598C :        $diag5$engine.tile_cache$raise:
(0) 702/5A16 :        $engine.tile_cache$TileCache_DecompressBlock$idx_dup_next:
(0) 703/5A1E :        $engine.tile_cache$TileCache_DecompressBlock$idx_dup_ok:
(0) 704/5A3A :        $engine.tile_cache$TileCache_DecompressBlock$idx_unlink_step:
(0) 705/5A56 :        $diag6$engine.tile_cache$raise:
(0) 706/5A56 :        $engine.tile_cache$TileCache_DecompressBlock$idx_unlink_lost:
(0) 707/5AC6 :        $engine.tile_cache$TileCache_DecompressBlock$idx_unlink_found:
(0) 708/5AD0 :        $engine.tile_cache$TileCache_DecompressBlock$idx_link:
(0) 709/5B74 :        $engine.tile_cache$TileCache_DecompressBlock$raw_direct:
(0) 710/5B84 :        $diag7$engine.tile_cache$raise:
(0) 711/5BDA :        $diag7$engine.tile_cache$skip:
(0) 712/5BEA :        $diag8$engine.tile_cache$raise:
(0) 713/5C2E :        $diag8$engine.tile_cache$skip:
(0) 714/5C40 :        $engine.tile_cache$TileCache_DecompressBlock$empty_block:
(0) 715/5C60 :        Blank_Local_Map:
(0) 716/5C60 :        __align$engine.tile_cache$0:
(0) 717/5C62 :        TileCache_CopyBlockColumn:
(0) 718/5C70 :        $engine.tile_cache$TileCache_CopyBlockColumn$col_nowrap:
(0) 719/5C7E :        $engine.tile_cache$TileCache_CopyBlockColumn$row_nowrap:
(0) 720/5CC0 :        $engine.tile_cache$TileCache_CopyBlockColumn$nt_one_run:
(0) 721/5CC2 :        $engine.tile_cache$TileCache_CopyBlockColumn$nt_run2:
(0) 722/5CF8 :        $engine.tile_cache$TileCache_CopyBlockColumn$coll_run1:
(0) 723/5D1A :        $engine.tile_cache$TileCache_CopyBlockColumn$coll_one_run:
(0) 724/5D1C :        $engine.tile_cache$TileCache_CopyBlockColumn$coll_run2:
(0) 725/5D1E :        $engine.tile_cache$TileCache_CopyBlockColumn$coll_run2_loop:
(0) 726/5D32 :        $engine.tile_cache$TileCache_CopyBlockColumn$done_coll:
(0) 727/5D36 :        Tile_Cache_Init:
(0) 728/5D46 :        $engine.tile_cache$Tile_Cache_Init$left_ok:
(0) 729/5DA6 :        $engine.tile_cache$Tile_Cache_Init$top_ok:
(0) 730/5DC6 :        TileCache_FillAll:
(0) 731/5DDC :        $engine.tile_cache$TileCache_FillAll$zero_nt:
(0) 732/5DEC :        $engine.tile_cache$TileCache_FillAll$zero_coll:
(0) 733/5E12 :        $engine.tile_cache$TileCache_FillAll$block_row_loop:
(0) 734/5E16 :        $engine.tile_cache$TileCache_FillAll$block_col_loop:
(0) 735/5E4C :        $engine.tile_cache$TileCache_FillAll$fill_copy_col:
(0) 736/5E68 :        $engine.tile_cache$TileCache_FillAll$fill_no_clip:
(0) 737/5E86 :        $engine.tile_cache$TileCache_FillAll$fill_rows_ok:
(0) 738/5E98 :        $engine.tile_cache$TileCache_FillAll$fill_skip_col:
(0) 739/5EC0 :        TileCache_WarmupBelowRow:
(0) 740/5EE6 :        $engine.tile_cache$TileCache_WarmupBelowRow$scan:
(0) 741/5F2A :        $engine.tile_cache$TileCache_WarmupBelowRow$next:
(0) 742/5F30 :        $engine.tile_cache$TileCache_WarmupBelowRow$done:
(0) 743/5F32 :        Tile_Cache_Fill:
(0) 744/5F50 :        $engine.tile_cache$Tile_Cache_Fill$fg_on_time:
(0) 745/5F54 :        $engine.tile_cache$Tile_Cache_Fill$fg_lag_done:
(0) 746/5F94 :        $engine.tile_cache$Tile_Cache_Fill$spec_rearm_test:
(0) 747/5F9A :        $engine.tile_cache$Tile_Cache_Fill$spec_down:
(0) 748/5FA2 :        $engine.tile_cache$Tile_Cache_Fill$spec_rearm:
(0) 749/5FA8 :        $engine.tile_cache$Tile_Cache_Fill$spec_gate_done:
(0) 750/5FB4 :        $engine.tile_cache$Tile_Cache_Fill$stall_wd_count:
(0) 751/5FC0 :        $diag16$engine.tile_cache$raise:
(0) 752/6024 :        $engine.tile_cache$Tile_Cache_Fill$stall_wd_done:
(0) 753/6076 :        $engine.tile_cache$Tile_Cache_Fill$row_pending_stale:
(0) 754/607C :        $engine.tile_cache$Tile_Cache_Fill$no_row_pending:
(0) 755/60A0 :        $engine.tile_cache$Tile_Cache_Fill$pending_row_ok:
(0) 756/60AC :        $engine.tile_cache$Tile_Cache_Fill$pending_stale:
(0) 757/60B2 :        $engine.tile_cache$Tile_Cache_Fill$no_pending:
(0) 758/60C4 :        $engine.tile_cache$Tile_Cache_Fill$h_left_pos:
(0) 759/60E6 :        $engine.tile_cache$Tile_Cache_Fill$h_clamp_ok:
(0) 760/60EA :        $engine.tile_cache$Tile_Cache_Fill$h_right_fill:
(0) 761/6102 :        $engine.tile_cache$Tile_Cache_Fill$h_no_evict:
(0) 762/611A :        $engine.tile_cache$Tile_Cache_Fill$h_right_done:
(0) 763/6120 :        $engine.tile_cache$Tile_Cache_Fill$h_left_fill:
(0) 764/6136 :        $engine.tile_cache$Tile_Cache_Fill$h_no_evict_left:
(0) 765/6146 :        $engine.tile_cache$Tile_Cache_Fill$h_origin_ok:
(0) 766/615A :        $engine.tile_cache$Tile_Cache_Fill$h_left_done:
(0) 767/615A :        $engine.tile_cache$Tile_Cache_Fill$v_section:
(0) 768/616C :        $engine.tile_cache$Tile_Cache_Fill$v_top_pos:
(0) 769/6192 :        $engine.tile_cache$Tile_Cache_Fill$v_clamp_ok:
(0) 770/619A :        $engine.tile_cache$Tile_Cache_Fill$v_bottom_fill:
(0) 771/61B8 :        $engine.tile_cache$Tile_Cache_Fill$v_no_evict:
(0) 772/61D2 :        $engine.tile_cache$Tile_Cache_Fill$v_bottom_done:
(0) 773/61D8 :        $engine.tile_cache$Tile_Cache_Fill$v_top_fill:
(0) 774/61FE :        $engine.tile_cache$Tile_Cache_Fill$v_no_evict_up:
(0) 775/6230 :        $engine.tile_cache$Tile_Cache_Fill$v_top_done:
(0) 776/6246 :        $engine.tile_cache$Tile_Cache_Fill$pfx_no_recent_lag:
(0) 777/624A :        $engine.tile_cache$Tile_Cache_Fill$pfx_gate_ok:
(0) 778/6298 :        $engine.tile_cache$Tile_Cache_Fill$pfx_up:
(0) 779/62AA :        $engine.tile_cache$Tile_Cache_Fill$pfx_go:
(0) 780/6310 :        $engine.tile_cache$Tile_Cache_Fill$pfx_scan_begin:
(0) 781/631A :        $engine.tile_cache$Tile_Cache_Fill$pfx_scan:
(0) 782/6358 :        $engine.tile_cache$Tile_Cache_Fill$pfx_next:
(0) 783/635E :        $engine.tile_cache$Tile_Cache_Fill$pfx_stage:
(0) 784/6368 :        $engine.tile_cache$Tile_Cache_Fill$pfx_record:
(0) 785/6390 :        $engine.tile_cache$Tile_Cache_Fill$row_done:
(0) 786/63B2 :        $engine.tile_cache$Tile_Cache_Fill$cs_first_left:
(0) 787/63B4 :        $engine.tile_cache$Tile_Cache_Fill$cs_first_set:
(0) 788/63BE :        $engine.tile_cache$Tile_Cache_Fill$cs_have_latch:
(0) 789/63C6 :        $engine.tile_cache$Tile_Cache_Fill$cs_opp_ready:
(0) 790/63D4 :        $engine.tile_cache$Tile_Cache_Fill$cs_accum_ok:
(0) 791/63E6 :        $engine.tile_cache$Tile_Cache_Fill$cs_latched:
(0) 792/6400 :        $engine.tile_cache$Tile_Cache_Fill$cs_left:
(0) 793/6410 :        $engine.tile_cache$Tile_Cache_Fill$cs_have_col:
(0) 794/648A :        $engine.tile_cache$Tile_Cache_Fill$cs_scan_begin:
(0) 795/6494 :        $engine.tile_cache$Tile_Cache_Fill$cs_scan:
(0) 796/64D2 :        $engine.tile_cache$Tile_Cache_Fill$cs_next:
(0) 797/64D8 :        $engine.tile_cache$Tile_Cache_Fill$cs_stage:
(0) 798/64E2 :        $engine.tile_cache$Tile_Cache_Fill$cs_record:
(0) 799/650A :        $engine.tile_cache$Tile_Cache_Fill$col_done:
(0) 800/6558 :        $engine.tile_cache$Tile_Cache_Fill$fill_return:
(0) 801/655A :        TileCache_FillColumn:
(0) 802/6574 :        $engine.tile_cache$TileCache_FillColumn$fc_block_loop:
(0) 803/6574 :        $engine.tile_cache$TileCache_FillColumn$fc_from_top:
(0) 804/65B6 :        $engine.tile_cache$TileCache_FillColumn$fc_have_block:
(0) 805/65E4 :        $engine.tile_cache$TileCache_FillColumn$fc_rows_ok:
(0) 806/6604 :        $engine.tile_cache$TileCache_FillColumn$fc_budget_out:
(0) 807/6630 :        $engine.tile_cache$TileCache_FillColumn$fc_no_xhold:
(0) 808/6630 :        $engine.tile_cache$asm22$no_hold:
(0) 809/6634 :        $engine.tile_cache$TileCache_FillColumn$fc_complete:
(0) 810/663E :        TileCache_FillRow:
(0) 811/6658 :        $engine.tile_cache$TileCache_FillRow$fr_row_nowrap:
(0) 812/666E :        $engine.tile_cache$TileCache_FillRow$fr_no_coll:
(0) 813/669E :        $engine.tile_cache$TileCache_FillRow$fr_block_loop:
(0) 814/669E :        $engine.tile_cache$TileCache_FillRow$fr_from_left:
(0) 815/66E2 :        $engine.tile_cache$TileCache_FillRow$fr_have_block:
(0) 816/671C :        $engine.tile_cache$TileCache_FillRow$fr_iclo_done:
(0) 817/672C :        $engine.tile_cache$TileCache_FillRow$fr_ichi_head:
(0) 818/673C :        $engine.tile_cache$TileCache_FillRow$fr_ichi_done:
(0) 819/6764 :        $engine.tile_cache$TileCache_FillRow$fr_nt_ncalc:
(0) 820/6770 :        $engine.tile_cache$TileCache_FillRow$fr_nt_emit:
(0) 821/6794 :        $engine.tile_cache$TileCache_FillRow$fr_nt_empty:
(0) 822/67B8 :        $engine.tile_cache$TileCache_FillRow$fr_ci_iclo:
(0) 823/67C8 :        $engine.tile_cache$TileCache_FillRow$fr_ci_head:
(0) 824/67D8 :        $engine.tile_cache$TileCache_FillRow$fr_ci_ichi:
(0) 825/67FE :        $engine.tile_cache$TileCache_FillRow$fr_ci_ncalc:
(0) 826/680A :        $engine.tile_cache$TileCache_FillRow$fr_ci_emit:
(0) 827/681E :        $engine.tile_cache$TileCache_FillRow$fr_ci_run1:
(0) 828/6838 :        $engine.tile_cache$TileCache_FillRow$fr_ci_run2:
(0) 829/6840 :        $engine.tile_cache$TileCache_FillRow$fr_next_block:
(0) 830/6856 :        $engine.tile_cache$TileCache_FillRow$fr_budget_out:
(0) 831/6884 :        $engine.tile_cache$TileCache_FillRow$fr_no_yhold:
(0) 832/6884 :        $engine.tile_cache$asm27$no_hold:
(0) 833/6888 :        $engine.tile_cache$TileCache_FillRow$fr_done:
(0) 834/6894 :        $engine.tile_cache$TileCache_FillRow$fr_early_out:
(0) 835/6898 :        TileCache_HSlide:
(0) 836/68B0 :        $engine.tile_cache$TileCache_HSlide$nowrap:
(0) 837/68B4 :        $engine.tile_cache$TileCache_HSlide$done:
(0) 838/68B6 :        TileCache_VSlide:
(0) 839/68CC :        $engine.tile_cache$TileCache_VSlide$vslide_nowrap:
(0) 840/68D0 :        $engine.tile_cache$TileCache_VSlide$vslide_done:
(0) 841/68D2 :        TileCache_VSlideUp:
(0) 842/68E6 :        $engine.tile_cache$TileCache_VSlideUp$vsu_nowrap:
(0) 843/68EA :        $engine.tile_cache$TileCache_VSlideUp$vsu_done:
(0) 844/6900 :        Collision_GetType:
(0) 845/6920 :        $engine.collision_lookup$Collision_GetType$col_nowrap:
(0) 846/6946 :        $engine.collision_lookup$Collision_GetType$row_nowrap:
(0) 847/6958 :        $engine.collision_lookup$Collision_GetType$plane_selected:
(0) 848/6964 :        $engine.collision_lookup$Collision_GetType$cgt_air:
(0) 849/6970 :        Collision_ProbeDown:
(0) 850/6990 :        $games.sonic4.player_sensors$asm1$done:
(0) 851/6996 :        $games.sonic4.player_sensors$asm1$empty_fwd:
(0) 852/69B0 :        $games.sonic4.player_sensors$asm1$nothing:
(0) 853/69B8 :        $games.sonic4.player_sensors$asm1$full_back:
(0) 854/69D0 :        $games.sonic4.player_sensors$asm1$back_supplied:
(0) 855/69DE :        $games.sonic4.player_sensors$asm1$cell:
(0) 856/6A22 :        $games.sonic4.player_sensors$asm1$cl_hanging:
(0) 857/6A30 :        $games.sonic4.player_sensors$asm1$cl_air:
(0) 858/6A38 :        Collision_ProbeUp:
(0) 859/6A5C :        $games.sonic4.player_sensors$asm12$done:
(0) 860/6A62 :        $games.sonic4.player_sensors$asm12$empty_fwd:
(0) 861/6A80 :        $games.sonic4.player_sensors$asm12$nothing:
(0) 862/6A88 :        $games.sonic4.player_sensors$asm12$full_back:
(0) 863/6AA0 :        $games.sonic4.player_sensors$asm12$back_supplied:
(0) 864/6AB2 :        $games.sonic4.player_sensors$asm12$cell:
(0) 865/6AF8 :        $games.sonic4.player_sensors$asm12$cl_hanging:
(0) 866/6B0A :        $games.sonic4.player_sensors$asm12$cl_air:
(0) 867/6B12 :        Collision_ProbeRight:
(0) 868/6B32 :        $games.sonic4.player_sensors$asm23$done:
(0) 869/6B38 :        $games.sonic4.player_sensors$asm23$empty_fwd:
(0) 870/6B52 :        $games.sonic4.player_sensors$asm23$nothing:
(0) 871/6B5A :        $games.sonic4.player_sensors$asm23$full_back:
(0) 872/6B72 :        $games.sonic4.player_sensors$asm23$back_supplied:
(0) 873/6B80 :        $games.sonic4.player_sensors$asm23$cell:
(0) 874/6BC6 :        $games.sonic4.player_sensors$asm23$cl_hanging:
(0) 875/6BD4 :        $games.sonic4.player_sensors$asm23$cl_air:
(0) 876/6BDC :        Collision_ProbeLeft:
(0) 877/6C00 :        $games.sonic4.player_sensors$asm34$done:
(0) 878/6C06 :        $games.sonic4.player_sensors$asm34$empty_fwd:
(0) 879/6C24 :        $games.sonic4.player_sensors$asm34$nothing:
(0) 880/6C2C :        $games.sonic4.player_sensors$asm34$full_back:
(0) 881/6C44 :        $games.sonic4.player_sensors$asm34$back_supplied:
(0) 882/6C56 :        $games.sonic4.player_sensors$asm34$cell:
(0) 883/6C9A :        $games.sonic4.player_sensors$asm34$cl_hanging:
(0) 884/6CAC :        $games.sonic4.player_sensors$asm34$cl_air:
(0) 885/6CB4 :        Player_SensorPair:
(0) 886/6CDA :        $games.sonic4.player_sensors$Player_SensorPair$b_wins:
(0) 887/6CDC :        Player_SensorFloor:
(0) 888/6CEC :        $games.sonic4.player_sensors$Player_SensorFloor$terrain:
(0) 889/6CF2 :        Player_SensorCeiling:
(0) 890/6CF6 :        Player_SensorSurface:
(0) 891/6D2A :        $games.sonic4.player_sensors$Player_SensorSurface$case_table:
(0) 892/6D32 :        $games.sonic4.player_sensors$Player_SensorSurface$probe_down:
(0) 893/6D44 :        $games.sonic4.player_sensors$Player_SensorSurface$probe_up:
(0) 894/6D56 :        $games.sonic4.player_sensors$Player_SensorSurface$probe_left:
(0) 895/6D66 :        $games.sonic4.player_sensors$Player_SensorSurface$probe_right:
(0) 896/6D74 :        $games.sonic4.player_sensors$Player_SensorSurface$pair:
(0) 897/6D9A :        $games.sonic4.player_sensors$Player_SensorSurface$diff_pos:
(0) 898/6DA0 :        $games.sonic4.player_sensors$Player_SensorSurface$substitute:
(0) 899/6DA2 :        $games.sonic4.player_sensors$Player_SensorSurface$keep:
(0) 900/6DA4 :        Player_SensorWallAt:
(0) 901/6DAC :        Player_SensorWallDir:
(0) 902/6DC2 :        $games.sonic4.player_sensors$Player_SensorWallDir$dir_table:
(0) 903/6DCA :        $games.sonic4.player_sensors$Player_SensorWallDir$down:
(0) 904/6DD2 :        $games.sonic4.player_sensors$Player_SensorWallDir$up:
(0) 905/6DDC :        $games.sonic4.player_sensors$Player_SensorWallDir$right:
(0) 906/6DE6 :        $games.sonic4.player_sensors$Player_SensorWallDir$left:
(0) 907/6DEC :        $games.sonic4.player_sensors$Player_SensorWallDir$resolve:
(0) 908/6DF4 :        $games.sonic4.player_sensors$Player_SensorWallDir$keep:
(0) 909/6DF6 :        Player_AtLedgeEdge:
(0) 910/6E08 :        $games.sonic4.player_sensors$Player_AtLedgeEdge$no_owner:
(0) 911/6E0C :        $games.sonic4.player_sensors$Player_AtLedgeEdge$found:
(0) 912/6E18 :        $games.sonic4.player_sensors$asm51$abs:
(0) 913/6E28 :        $games.sonic4.player_sensors$Player_AtLedgeEdge$terrain:
(0) 914/6E4E :        $games.sonic4.player_sensors$Player_AtLedgeEdge$face_left:
(0) 915/6E52 :        $games.sonic4.player_sensors$Player_AtLedgeEdge$single:
(0) 916/6E60 :        $games.sonic4.player_sensors$Player_AtLedgeEdge$at_edge:
(0) 917/6E64 :        Section_Init:
(0) 918/6E70 :        Section_FillInitial:
(0) 919/6E9A :        Section_FlatIDXY:
(0) 920/6EA4 :        $engine.section$Section_FlatIDXY$fxy_mul:
(0) 921/6EAC :        $engine.section$Section_FlatIDXY$fxy_add_x:
(0) 922/6EB4 :        Section_GetSecPtrXY:
(0) 923/6EE4 :        $engine.section$Section_GetSecPtrXY$out_of_range:
(0) 924/6EEA :        Section_RedrawPlanes:
(0) 925/6F04 :        $engine.section$asm5$wait_z80:
(0) 926/6F2E :        $diag7$engine.section$raise:
(0) 927/6F7A :        $diag7$engine.section$skip:
(0) 928/6F98 :        $engine.section$Section_RedrawPlanes$pla_fill:
(0) 929/6FCA :        $engine.section$Section_RedrawPlanes$col_nowrap:
(0) 930/7010 :        $engine.section$Section_RedrawPlanes$pA_clamp:
(0) 931/7016 :        $engine.section$Section_RedrawPlanes$pA_data:
(0) 932/7024 :        $engine.section$Section_RedrawPlanes$pa_nowrap:
(0) 933/7028 :        $engine.section$Section_RedrawPlanes$pA_dskip:
(0) 934/7032 :        $engine.section$Section_RedrawPlanes$pA_zero:
(0) 935/7038 :        $engine.section$Section_RedrawPlanes$pA_zskip:
(0) 936/7064 :        $engine.section$Section_RedrawPlanes$pB_dok:
(0) 937/7068 :        $engine.section$Section_RedrawPlanes$pB_data:
(0) 938/7076 :        $engine.section$Section_RedrawPlanes$pb_nowrap:
(0) 939/7084 :        $engine.section$Section_RedrawPlanes$pB_zfill:
(0) 940/708C :        $engine.section$Section_RedrawPlanes$pB_allz:
(0) 941/7092 :        $engine.section$Section_RedrawPlanes$pB_az:
(0) 942/7098 :        $engine.section$Section_RedrawPlanes$pB_skip:
(0) 943/709A :        $engine.section$Section_RedrawPlanes$pla_next:
(0) 944/70C6 :        $engine.section$Section_RedrawPlanes$plb_use_act_layout:
(0) 945/70D0 :        $engine.section$Section_RedrawPlanes$plb_have_layout:
(0) 946/70D6 :        $engine.section$Section_RedrawPlanes$plb_col:
(0) 947/70F2 :        $engine.section$Section_RedrawPlanes$plb_word:
(0) 948/7100 :        $engine.section$Section_RedrawPlanes$plb_done:
(0) 949/710C :        $engine.section$asm20$wait_z80:
(0) 950/7132 :        $engine.section$Section_RedrawPlanes$track_left_ok:
(0) 951/7138 :        Section_UpdateColumns:
(0) 952/715C :        $engine.section$Section_UpdateColumns$not_dirty:
(0) 953/7182 :        $engine.section$Section_UpdateColumns$right_clamp_ok:
(0) 954/718C :        $engine.section$Section_UpdateColumns$right_cache_ok:
(0) 955/719A :        $engine.section$Section_UpdateColumns$right_wrap_ok:
(0) 956/719E :        $engine.section$Section_UpdateColumns$right_loop:
(0) 957/71BE :        $engine.section$Section_UpdateColumns$right_done:
(0) 958/71D2 :        $engine.section$Section_UpdateColumns$right_done_cache_ok:
(0) 959/71DC :        $engine.section$Section_UpdateColumns$left_clamp_skip:
(0) 960/71EA :        $engine.section$Section_UpdateColumns$left_cache_ok:
(0) 961/71FC :        $engine.section$Section_UpdateColumns$left_wrap_ok:
(0) 962/7200 :        $engine.section$Section_UpdateColumns$left_loop:
(0) 963/7220 :        $engine.section$Section_UpdateColumns$left_done:
(0) 964/7234 :        $engine.section$Section_UpdateColumns$left_done_cache_ok:
(0) 965/723E :        $engine.section$Section_UpdateColumns$right_clamp_skip2:
(0) 966/7256 :        $engine.section$Section_UpdateColumns$bot_cache_ok:
(0) 967/725A :        $engine.section$Section_UpdateColumns$bot_loop:
(0) 968/727A :        $engine.section$Section_UpdateColumns$bot_done:
(0) 969/728E :        $engine.section$Section_UpdateColumns$bot_done_cache_ok:
(0) 970/7298 :        $engine.section$Section_UpdateColumns$top_row_clamp_skip:
(0) 971/72A6 :        $engine.section$Section_UpdateColumns$top_cache_ok:
(0) 972/72AA :        $engine.section$Section_UpdateColumns$top_loop:
(0) 973/72CA :        $engine.section$Section_UpdateColumns$top_done:
(0) 974/72DE :        $engine.section$Section_UpdateColumns$top_done_cache_ok:
(0) 975/72E8 :        $engine.section$Section_UpdateColumns$bot_row_clamp_skip:
(0) 976/72F0 :        Camera_Init:
(0) 977/7364 :        $engine.camera$asm2$min_ok:
(0) 978/736E :        $engine.camera$asm2$clamp:
(0) 979/7382 :        $engine.camera$asm4$min_ok:
(0) 980/738C :        $engine.camera$asm4$clamp:
(0) 981/7396 :        Camera_Update:
(0) 982/73A0 :        $engine.camera$Camera_Update$no_clamp_count:
(0) 983/73B0 :        $engine.camera$Camera_Update$no_freeze:
(0) 984/73EC :        $engine.camera$Camera_Update$x_scroll_right:
(0) 985/73F6 :        $engine.camera$Camera_Update$apply_x:
(0) 986/7402 :        $engine.camera$Camera_Update$x_done:
(0) 987/7406 :        $engine.camera$Camera_Update$x_clamp:
(0) 988/740E :        $engine.camera$asm7$min_ok:
(0) 989/7418 :        $engine.camera$asm7$clamp:
(0) 990/7420 :        $engine.camera$Camera_Update$y_track:
(0) 991/7442 :        $engine.camera$Camera_Update$no_curl_comp:
(0) 992/745C :        $engine.camera$Camera_Update$check_down:
(0) 993/746C :        $engine.camera$Camera_Update$jump_state:
(0) 994/7472 :        $engine.camera$Camera_Update$land_lock:
(0) 995/747A :        $engine.camera$Camera_Update$down_ok:
(0) 996/7482 :        $engine.camera$Camera_Update$apply_y:
(0) 997/748C :        $engine.camera$Camera_Update$y_step_hi_ok:
(0) 998/7496 :        $engine.camera$Camera_Update$y_step_lo_ok:
(0) 999/74A2 :        $engine.camera$Camera_Update$clamp_y:
(0) 1000/74A6 :        $engine.camera$Camera_Update$y_clamp:
(0) 1001/74AE :        $engine.camera$asm9$min_ok:
(0) 1002/74B8 :        $engine.camera$asm9$clamp:
(0) 1003/74D0 :        Parallax_Init:
(0) 1004/74DA :        $engine.parallax$Parallax_Init$zero:
(0) 1005/74FA :        Parallax_CheckBoundary:
(0) 1006/751E :        $engine.parallax$Parallax_CheckBoundary$crossed:
(0) 1007/753A :        $diag2$engine.parallax$raise:
(0) 1008/75C2 :        $engine.parallax$Parallax_CheckBoundary$have_preset:
(0) 1009/75C8 :        $engine.parallax$Parallax_CheckBoundary$no_crossing:
(0) 1010/75CA :        Parallax_StartTransition:
(0) 1011/75DC :        $engine.parallax$Parallax_StartTransition$cap_transitions_stage_begin:
(0) 1012/75EE :        $engine.parallax$Parallax_StartTransition$cap_transitions_stage_end:
(0) 1013/75EE :        $engine.parallax$Parallax_StartTransition$instant:
(0) 1014/7606 :        $engine.parallax$Parallax_StartTransition$update_mode:
(0) 1015/7608 :        $engine.parallax$Parallax_StartTransition$cap_per_col_vsram_mode_begin:
(0) 1016/7612 :        $engine.parallax$Parallax_StartTransition$cap_per_col_vsram_mode_end:
(0) 1017/7612 :        $engine.parallax$Parallax_StartTransition$v_done:
(0) 1018/7616 :        $engine.parallax$Parallax_StartTransition$no_change:
(0) 1019/7618 :        $engine.parallax$Parallax_StartTransition$recross_current:
(0) 1020/7634 :        $engine.parallax$Parallax_Active_Config$cap_transitions_select_begin:
(0) 1021/7634 :        Parallax_Active_Config:
(0) 1022/7640 :        $engine.parallax$Parallax_Active_Config$use_target:
(0) 1023/7646 :        $engine.parallax$Parallax_Active_Config$cap_transitions_select_end:
(0) 1024/7646 :        Vscroll_Write:
(0) 1025/7656 :        $engine.parallax$Vscroll_Write$cap_per_col_vsram_emit_begin:
(0) 1026/76B4 :        $engine.parallax$Vscroll_Write$cap_per_col_vsram_emit_end:
(0) 1027/76B4 :        $engine.parallax$Vscroll_Write$whole_plane:
(0) 1028/76BC :        Parallax_Update:
(0) 1029/76DA :        $engine.parallax$Parallax_Update$use_target:
(0) 1030/76E0 :        $engine.parallax$Parallax_Update$use_current:
(0) 1031/76E4 :        $engine.parallax$Parallax_Update$config_resolved:
(0) 1032/76F6 :        $engine.parallax$Parallax_Update$mode3_shadow:
(0) 1033/7718 :        $engine.parallax$asm8$wait_z80:
(0) 1034/7738 :        $engine.parallax$Parallax_Update$mode3_reg_live:
(0) 1035/775E :        $engine.parallax$Parallax_Update$band_loop:
(0) 1036/778C :        $engine.parallax$Parallax_Update$snap_b:
(0) 1037/778E :        $engine.parallax$Parallax_Update$write_b:
(0) 1038/7794 :        $engine.parallax$Parallax_Update$band_disabled:
(0) 1039/7798 :        $engine.parallax$Parallax_Update$band_done:
(0) 1040/77B0 :        $engine.parallax$Parallax_Update$no_config:
(0) 1041/77B2 :        Parallax_Step4_Fill:
(0) 1042/77C6 :        $engine.parallax$Parallax_Step4_Fill$find_k:
(0) 1043/77DA :        $engine.parallax$Parallax_Step4_Fill$found_k:
(0) 1044/77EE :        $engine.parallax$Parallax_Step4_Fill$copy_band:
(0) 1045/7818 :        $engine.parallax$Parallax_Step4_Fill$not_first:
(0) 1046/7820 :        $engine.parallax$Parallax_Step4_Fill$clamp_top:
(0) 1047/782A :        $engine.parallax$Parallax_Step4_Fill$write_top:
(0) 1048/784A :        $engine.parallax$Parallax_Step4_Fill$no_wrap:
(0) 1049/784E :        $engine.parallax$Parallax_Step4_Fill$cap_factor_curve_hoist_begin:
(0) 1050/7862 :        $engine.parallax$Parallax_Step4_Fill$curve_band:
(0) 1051/7876 :        $engine.parallax$Parallax_Step4_Fill$curve_have_end:
(0) 1052/78AA :        $engine.parallax$Parallax_Step4_Fill$curve_to_sub:
(0) 1053/78AC :        $engine.parallax$Parallax_Step4_Fill$curve_to_negate:
(0) 1054/78B0 :        $engine.parallax$Parallax_Step4_Fill$curve_to_zero:
(0) 1055/78B2 :        $engine.parallax$Parallax_Step4_Fill$curve_spread:
(0) 1056/78C4 :        $engine.parallax$Parallax_Step4_Fill$curve_rem_ok:
(0) 1057/78CC :        $engine.parallax$Parallax_Step4_Fill$curve_next:
(0) 1058/78D8 :        $engine.parallax$Parallax_Step4_Fill$cap_factor_curve_hoist_end:
(0) 1059/78E4 :        $engine.parallax$Parallax_Step4_Fill$cap_anchors_overlay_begin:
(0) 1060/7922 :        $engine.parallax$Parallax_Step4_Fill$anchor_hi_ok:
(0) 1061/7928 :        $engine.parallax$Parallax_Step4_Fill$anchor_unclamped:
(0) 1062/792E :        $engine.parallax$Parallax_Step4_Fill$anchor_top:
(0) 1063/7930 :        $engine.parallax$Parallax_Step4_Fill$anchor_nonneg:
(0) 1064/7948 :        $engine.parallax$Parallax_Step4_Fill$anchor_find_k:
(0) 1065/795A :        $engine.parallax$Parallax_Step4_Fill$anchor_have_k:
(0) 1066/7974 :        $engine.parallax$Parallax_Step4_Fill$anchor_shift_band:
(0) 1067/79A2 :        $engine.parallax$Parallax_Step4_Fill$anchor_shift_scroll:
(0) 1068/79AE :        $engine.parallax$Parallax_Step4_Fill$anchor_no_shift:
(0) 1069/7A06 :        $engine.parallax$Parallax_Step4_Fill$anchor_shift_write:
(0) 1070/7A2A :        $engine.parallax$Parallax_Step4_Fill$cap_factor_curve_split_begin:
(0) 1071/7A30 :        $engine.parallax$Parallax_Step4_Fill$bands_ready:
(0) 1072/7A30 :        $engine.parallax$Parallax_Step4_Fill$cap_anchors_overlay_end:
(0) 1073/7A30 :        $engine.parallax$Parallax_Step4_Fill$cap_factor_curve_split_end:
(0) 1074/7A48 :        Parallax_Step5_Vscroll:
(0) 1075/7A6C :        $engine.parallax$Parallax_Step5_Vscroll$cap_transitions_lerp_begin:
(0) 1076/7A7E :        $engine.parallax$Parallax_Step5_Vscroll$cap_transitions_lerp_end:
(0) 1077/7A7E :        $engine.parallax$Parallax_Step5_Vscroll$v_snap:
(0) 1078/7A82 :        $engine.parallax$Parallax_Step5_Vscroll$v_locked:
(0) 1079/7A86 :        $engine.parallax$Parallax_Step5_Vscroll$v_pack:
(0) 1080/7A92 :        $engine.parallax$Parallax_Step5_Vscroll$cap_per_col_vsram_fill_begin:
(0) 1081/7ABE :        $engine.parallax$Parallax_Step5_Vscroll$col:
(0) 1082/7AD8 :        $engine.parallax$Parallax_Step5_Vscroll$cap_per_col_vsram_fill_end:
(0) 1083/7AD8 :        $engine.parallax$Parallax_Step5_Vscroll$v_done:
(0) 1084/7ADC :        Decode_Factor_A:
(0) 1085/7B0A :        $engine.parallax$Decode_Factor_A$a_sub:
(0) 1086/7B0C :        $engine.parallax$Decode_Factor_A$a_pop_d3:
(0) 1087/7B0E :        $engine.parallax$Decode_Factor_A$negate:
(0) 1088/7B12 :        $engine.parallax$Decode_Factor_A$locked:
(0) 1089/7B16 :        Decode_Factor_B:
(0) 1090/7B44 :        $engine.parallax$Decode_Factor_B$b_sub:
(0) 1091/7B46 :        $engine.parallax$Decode_Factor_B$b_pop_d3:
(0) 1092/7B48 :        $engine.parallax$Decode_Factor_B$negate:
(0) 1093/7B4C :        $engine.parallax$Decode_Factor_B$locked:
(0) 1094/7B50 :        Parallax_Fill_PerLine:
(0) 1095/7B58 :        $engine.parallax$Parallax_Fill_PerLine$cap_deform_tables_begin:
(0) 1096/7B60 :        $engine.parallax$Parallax_Fill_PerLine$cap_deform_tables_end:
(0) 1097/7B62 :        $engine.parallax$Parallax_Fill_PerLine$next_band:
(0) 1098/7B6E :        $engine.parallax$Parallax_Fill_PerLine$have_end:
(0) 1099/7B74 :        $engine.parallax$Parallax_Fill_PerLine$cap_factor_curve_band_begin:
(0) 1100/7B8A :        $engine.parallax$Parallax_Fill_PerLine$curve_continue:
(0) 1101/7B92 :        $engine.parallax$Parallax_Fill_PerLine$curve_seeded:
(0) 1102/7BBA :        $engine.parallax$Parallax_Fill_PerLine$lp_curve:
(0) 1103/7BCA :        $engine.parallax$Parallax_Fill_PerLine$lc_next:
(0) 1104/7BDA :        $engine.parallax$Parallax_Fill_PerLine$cap_deform_sample_begin:
(0) 1105/7BDA :        $engine.parallax$Parallax_Fill_PerLine$cap_factor_curve_band_end:
(0) 1106/7BDA :        $engine.parallax$Parallax_Fill_PerLine$curve_band_done:
(0) 1107/7C2A :        $engine.parallax$Parallax_Fill_PerLine$fg_inactive:
(0) 1108/7C54 :        $engine.parallax$Parallax_Fill_PerLine$lp_both:
(0) 1109/7C5A :        $engine.parallax$Parallax_Fill_PerLine$lb_line:
(0) 1110/7C94 :        $engine.parallax$Parallax_Fill_PerLine$band_fg_only:
(0) 1111/7CC0 :        $engine.parallax$Parallax_Fill_PerLine$lf_run:
(0) 1112/7CCE :        $engine.parallax$Parallax_Fill_PerLine$lf_grp:
(0) 1113/7D32 :        $engine.parallax$Parallax_Fill_PerLine$lf_tail:
(0) 1114/7D38 :        $engine.parallax$Parallax_Fill_PerLine$lf_rem:
(0) 1115/7D48 :        $engine.parallax$Parallax_Fill_PerLine$lf_after:
(0) 1116/7D5A :        $engine.parallax$Parallax_Fill_PerLine$lp_bg:
(0) 1117/7D84 :        $engine.parallax$Parallax_Fill_PerLine$lg_run:
(0) 1118/7D92 :        $engine.parallax$Parallax_Fill_PerLine$lg_grp:
(0) 1119/7DF6 :        $engine.parallax$Parallax_Fill_PerLine$lg_tail:
(0) 1120/7DFC :        $engine.parallax$Parallax_Fill_PerLine$lg_rem:
(0) 1121/7E0C :        $engine.parallax$Parallax_Fill_PerLine$lg_after:
(0) 1122/7E1C :        $engine.parallax$Parallax_Fill_PerLine$cap_deform_sample_end:
(0) 1123/7E1C :        $engine.parallax$Parallax_Fill_PerLine$lp_flat:
(0) 1124/7E30 :        $engine.parallax$Parallax_Fill_PerLine$fl_line:
(0) 1125/7E44 :        $engine.parallax$Parallax_Fill_PerLine$fl_tail:
(0) 1126/7E4A :        $engine.parallax$Parallax_Fill_PerLine$fl_rem:
(0) 1127/7E50 :        $engine.parallax$Parallax_Fill_PerLine$band_done:
(0) 1128/7E68 :        Raster_Install:
(0) 1129/7E6E :        Raster_VBlank:
(0) 1130/7E92 :        $engine.effects.raster$Raster_VBlank$copy_program:
(0) 1131/7EAA :        $engine.effects.raster$Raster_VBlank$copy:
(0) 1132/7EB0 :        $engine.effects.raster$Raster_VBlank$no_install:
(0) 1133/7ED6 :        $engine.effects.raster$Raster_VBlank$done:
(0) 1134/7ED8 :        Raster_HInt:
(0) 1135/7F04 :        $engine.effects.raster$Raster_HInt$op_loop:
(0) 1136/7F28 :        $engine.effects.raster$Raster_HInt$op_reg:
(0) 1137/7F30 :        $engine.effects.raster$Raster_HInt$op_cram:
(0) 1138/7F34 :        $engine.effects.raster$Raster_HInt$cram_delay:
(0) 1139/7F3A :        $engine.effects.raster$Raster_HInt$cram_loop:
(0) 1140/7F48 :        $engine.effects.raster$Raster_HInt$op_region:
(0) 1141/7F4C :        $engine.effects.raster$Raster_HInt$region_delay:
(0) 1142/7F58 :        $engine.effects.raster$Raster_HInt$region_loop:
(0) 1143/7F6E :        $engine.effects.raster$Raster_HInt$op_run_gradient:
(0) 1144/7F82 :        $engine.effects.raster$Raster_HInt$op_run_ramp:
(0) 1145/7F98 :        $engine.effects.raster$Raster_HInt$advance:
(0) 1146/7FA0 :        $engine.effects.raster$Raster_HInt$priming:
(0) 1147/7FB0 :        $engine.effects.raster$Raster_HInt$op_pal_restore:
(0) 1148/7FB4 :        $engine.effects.raster$Raster_HInt$restore_delay:
(0) 1149/7FC0 :        $engine.effects.raster$Raster_HInt$restore_loop:
(0) 1150/7FD6 :        $engine.effects.raster$Raster_HInt$dense_body:
(0) 1151/7FFC :        $engine.effects.raster$Raster_HInt$ramp_body:
(0) 1152/8000 :        SoundTablesZ80_Head:
(0) 1153/801C :        $engine.effects.raster$Raster_HInt$dense_end:
(0) 1154/8020 :        $engine.effects.raster$Raster_HInt$park:
(0) 1155/8024 :        $engine.effects.raster$Raster_HInt$out:
(0) 1156/802A :        Raster_Program_None:
(0) 1157/8030 :        Raster_InstallPatched:
(0) 1158/8056 :        $engine.effects.raster$Raster_InstallPatched$no_ship:
(0) 1159/8058 :        $engine.effects.raster$Raster_InstallPatched$ship_done:
(0) 1160/8074 :        $engine.effects.raster$Raster_InstallPatched$no_build:
(0) 1161/807A :        Raster_BuildShipEntry:
(0) 1162/80B6 :        Raster_BuildSchedule:
(0) 1163/80D2 :        $engine.effects.raster$Raster_BuildSchedule$dst_ready:
(0) 1164/80EA :        $engine.effects.raster$Raster_BuildSchedule$entry:
(0) 1165/810A :        $engine.effects.raster$Raster_BuildSchedule$have_line:
(0) 1166/8134 :        $engine.effects.raster$Raster_BuildSchedule$copy:
(0) 1167/813A :        $engine.effects.raster$Raster_BuildSchedule$next:
(0) 1168/8166 :        $engine.effects.raster$Raster_BuildSchedule$swap:
(0) 1169/816A :        $engine.effects.raster$Raster_BuildSchedule$none:
(0) 1170/816C :        $engine.effects.raster$Raster_BuildSchedule$suppress:
(0) 1171/8170 :        $engine.effects.raster$Raster_GetChannelBand$cap_anchors_band_begin:
(0) 1172/8170 :        Raster_GetChannelBand:
(0) 1173/8186 :        $engine.effects.raster$Raster_GetChannelBand$entry:
(0) 1174/8192 :        $engine.effects.raster$Raster_GetChannelBand$none:
(0) 1175/819A :        $engine.effects.raster$Raster_GetChannelBand$found:
(0) 1176/81A2 :        $engine.effects.raster$Raster_GetChannelBand$cap_anchors_band_end:
(0) 1177/81A2 :        Effects_LatchWorldLines:
(0) 1178/81B0 :        $engine.effects.raster$Effects_LatchWorldLines$ch:
(0) 1179/81BC :        Effects_SetWorldY:
(0) 1180/81CC :        Palette_LoadPal:
(0) 1181/81D8 :        $engine.effects.palette$Palette_LoadPal$copy_base:
(0) 1182/81F2 :        $engine.effects.palette$Palette_LoadPal$load_target:
(0) 1183/81FC :        $engine.effects.palette$Palette_LoadPal$copy_target:
(0) 1184/8210 :        Palette_ArmFade:
(0) 1185/8218 :        Palette_SetOp:
(0) 1186/822E :        Palette_SetVariant:
(0) 1187/8254 :        $engine.effects.palette$Palette_SetVariant$none:
(0) 1188/8256 :        Palette_LoadCycle:
(0) 1189/8278 :        $engine.effects.palette$Palette_LoadCycle$zero:
(0) 1190/827E :        $engine.effects.palette$Palette_LoadCycle$done:
(0) 1191/8280 :        Palette_Compose:
(0) 1192/8288 :        $engine.effects.palette$Palette_Compose$work:
(0) 1193/82A8 :        $engine.effects.palette$Palette_Compose$base_copy:
(0) 1194/82B6 :        $engine.effects.palette$Palette_Compose$cycling:
(0) 1195/82C0 :        $engine.effects.palette$Palette_Compose$fade:
(0) 1196/82CA :        $engine.effects.palette$Palette_Compose$operators:
(0) 1197/82D4 :        $engine.effects.palette$Palette_Compose$variants:
(0) 1198/82EE :        $engine.effects.palette$Palette_Compose$done:
(0) 1199/82F0 :        Palette_DoCycle:
(0) 1200/8302 :        $engine.effects.palette$Palette_DoCycle$chan:
(0) 1201/831E :        $engine.effects.palette$Palette_DoCycle$wait:
(0) 1202/8322 :        $engine.effects.palette$Palette_DoCycle$next:
(0) 1203/8328 :        $engine.effects.palette$Palette_DoCycle$ret:
(0) 1204/8336 :        $engine.effects.palette$Palette_DoCycle$ret_quiet:
(0) 1205/8338 :        Palette_RotateSpan:
(0) 1206/8357 :        MovingTrucks_PitchTable:
(0) 1207/8357 :        SndDefaultPitchTable:
(0) 1208/8366 :        $engine.effects.palette$Palette_RotateSpan$fwd:
(0) 1209/8372 :        $engine.effects.palette$Palette_RotateSpan$rev:
(0) 1210/837A :        $engine.effects.palette$Palette_RotateSpan$rup:
(0) 1211/8384 :        $engine.effects.palette$Palette_RotateSpan$done:
(0) 1212/8386 :        Palette_DoFade:
(0) 1213/839A :        $engine.effects.palette$Palette_DoFade$snap:
(0) 1214/83BA :        $engine.effects.palette$Palette_DoFade$step_frame:
(0) 1215/83C4 :        $engine.effects.palette$Palette_DoFade$noskip:
(0) 1216/83D0 :        $engine.effects.palette$Palette_DoFade$word:
(0) 1217/83F0 :        $engine.effects.palette$asm10$st_up:
(0) 1218/83F2 :        $engine.effects.palette$asm10$st_end:
(0) 1219/8410 :        $engine.effects.palette$asm11$st_up:
(0) 1220/8412 :        $engine.effects.palette$asm11$st_end:
(0) 1221/8434 :        $engine.effects.palette$asm12$st_up:
(0) 1222/8436 :        $engine.effects.palette$asm12$st_end:
(0) 1223/8450 :        Palette_DoOperator:
(0) 1224/845F :        SfxBlobWinTab:
(0) 1225/8480 :        $engine.effects.palette$Palette_DoOperator$neg_xor:
(0) 1226/8494 :        $engine.effects.palette$Palette_DoOperator$neg_tick:
(0) 1227/84A0 :        $engine.effects.palette$Palette_DoOperator$fade_dir:
(0) 1228/84B8 :        $engine.effects.palette$Palette_DoOperator$have_tgt:
(0) 1229/84C0 :        $engine.effects.palette$Palette_DoOperator$fw_word:
(0) 1230/84D8 :        $engine.effects.palette$asm16$st_up:
(0) 1231/84DA :        $engine.effects.palette$asm16$st_end:
(0) 1232/84F2 :        $engine.effects.palette$asm17$st_up:
(0) 1233/84F4 :        $engine.effects.palette$asm17$st_end:
(0) 1234/850E :        $engine.effects.palette$asm18$st_up:
(0) 1235/8510 :        $engine.effects.palette$asm18$st_end:
(0) 1236/853A :        $engine.effects.palette$Palette_DoOperator$ret:
(0) 1237/853C :        $engine.effects.palette$Palette_DoOperator$white_flash:
(0) 1238/8544 :        $engine.effects.palette$Palette_DoOperator$wf_fill:
(0) 1239/855E :        $engine.effects.palette$Palette_DoOperator$op_done_restore:
(0) 1240/8571 :        SeqOpcodeTable:
(0) 1241/857E :        Palette_DoVariants:
(0) 1242/858C :        $engine.effects.palette$Palette_DoVariants$slot1:
(0) 1243/859A :        $engine.effects.palette$Palette_DoVariants$ret:
(0) 1244/859C :        Palette_DeriveVariant:
(0) 1245/85A2 :        $engine.effects.palette$Palette_DeriveVariant$line:
(0) 1246/85B1 :        DacSampleTable:
(0) 1247/85B8 :        $engine.effects.palette$Palette_DeriveVariant$entry:
(0) 1248/85D8 :        $engine.effects.palette$asm23$cl_pos:
(0) 1249/85E0 :        $engine.effects.palette$asm23$cl_end:
(0) 1250/8602 :        $engine.effects.palette$asm24$cl_pos:
(0) 1251/860A :        $engine.effects.palette$asm24$cl_end:
(0) 1252/862E :        $engine.effects.palette$asm25$cl_pos:
(0) 1253/8636 :        $engine.effects.palette$asm25$cl_end:
(0) 1254/8642 :        $engine.effects.palette$Palette_DeriveVariant$next_line:
(0) 1255/864E :        Pal_Cycle_None:
(0) 1256/8650 :        Effects_ResolveParallax:
(0) 1257/865C :        $engine.effects.preset$Effects_ResolveParallax$no_sec_binding:
(0) 1258/8670 :        $engine.effects.preset$Effects_ResolveParallax$act_default:
(0) 1259/8678 :        $engine.effects.preset$Effects_ResolveParallax$have_config:
(0) 1260/867A :        Effects_InstallPreset:
(0) 1261/8692 :        $engine.effects.preset$Effects_InstallPreset$seed_anchor:
(0) 1262/86A6 :        $engine.effects.preset$Effects_InstallPreset$no_fade_arm:
(0) 1263/86C6 :        $engine.effects.preset$Effects_InstallPreset$variant0_same:
(0) 1264/86D8 :        $engine.effects.preset$Effects_InstallPreset$variant1_same:
(0) 1265/86E8 :        $engine.effects.preset$Effects_InstallPreset$no_patch:
(0) 1266/86F8 :        $engine.effects.preset$Effects_InstallPreset$have_raster:
(0) 1267/86FC :        $engine.effects.preset$Effects_InstallPreset$raster_done:
(0) 1268/8720 :        Level_LoadArt:
(0) 1269/874C :        $engine.load_art$Level_LoadArt$streaming_pool:
(0) 1270/8766 :        $engine.load_art$Level_LoadArt$enq_loop:
(0) 1271/877A :        $engine.load_art$Level_LoadArt$enq_next:
(0) 1272/877E :        $engine.load_art$Level_LoadArt$drain_wait:
(0) 1273/87A8 :        $engine.load_art$Level_LoadArt$bg:
(0) 1274/87C2 :        $engine.load_art$Level_LoadArt$direct_scan:
(0) 1275/87CC :        $engine.load_art$Level_LoadArt$direct_ok:
(0) 1276/87D0 :        $engine.load_art$Level_LoadArt$no_direct:
(0) 1277/87D8 :        PageIn_Process:
(0) 1278/8804 :        $engine.page_in$PageIn_Process$lag_ontime:
(0) 1279/880C :        $engine.page_in$PageIn_Process$frame_ticked:
(0) 1280/8850 :        $engine.page_in$PageIn_Process$gate_reset:
(0) 1281/8854 :        $engine.page_in$PageIn_Process$start:
(0) 1282/8862 :        $diag1$engine.page_in$raise:
(0) 1283/88AE :        $engine.page_in$PageIn_Process$page_id_ok:
(0) 1284/88C4 :        $engine.page_in$PageIn_Process$no_base_check:
(0) 1285/8918 :        $diag2$engine.page_in$raise:
(0) 1286/896E :        $diag2$engine.page_in$skip:
(0) 1287/8988 :        $engine.page_in$PageIn_Process$raw:
(0) 1288/8990 :        $diag3$engine.page_in$raise:
(0) 1289/89E0 :        $engine.page_in$PageIn_Process$raw_src_even:
(0) 1290/89FE :        $engine.page_in$PageIn_Process$raw_published:
(0) 1291/8A0A :        $engine.page_in$PageIn_Process$alloc_fail:
(0) 1292/8A16 :        $engine.page_in$PageIn_Process$idle:
(0) 1293/8A18 :        $diag4$engine.page_in$raise:
(0) 1294/8A18 :        $engine.page_in$PageIn_Process$drop_degenerate:
(0) 1295/8A60 :        $engine.page_in$PageIn_Process$release_claim:
(0) 1296/8A78 :        $engine.page_in$PageIn_Process$claim_done:
(0) 1297/8A7A :        $engine.page_in$PageIn_Process$resume:
(0) 1298/8A7E :        $engine.page_in$PageIn_Process$after:
(0) 1299/8A82 :        $engine.page_in$PageIn_Process$land:
(0) 1300/8AA2 :        $engine.page_in$PageIn_Process$land_full:
(0) 1301/8AA8 :        $engine.page_in$PageIn_Process$queue_has_nonspec:
(0) 1302/8AB4 :        $engine.page_in$PageIn_Process$qn_scan:
(0) 1303/8AC8 :        $engine.page_in$PageIn_Process$qn_found:
(0) 1304/8ACC :        $engine.page_in$PageIn_Process$dequeue:
(0) 1305/8AD8 :        $engine.page_in$PageIn_Process$dq_scan:
(0) 1306/8AF2 :        $engine.page_in$PageIn_Process$dq_found:
(0) 1307/8B08 :        $engine.page_in$PageIn_Process$dq_shift:
(0) 1308/8B0E :        $engine.page_in$PageIn_Process$dq_done:
(0) 1309/8B14 :        PageIn_BankRegs:
(0) 1310/8B3A :        PageIn_Resume:
(0) 1311/8B68 :        PageIn_EnqueueLanding:
(0) 1312/8B96 :        $engine.page_in$PageIn_EnqueueLanding$art_deferred:
(0) 1313/8BA0 :        $engine.page_in$PageIn_EnqueueLanding$dropped:
(0) 1314/8BA6 :        PageIn_Enqueue:
(0) 1315/8BDE :        $engine.page_in$PageIn_Enqueue$full:
(0) 1316/8BE4 :        PageIn_Flush:
(0) 1317/8C34 :        PageCache_Init:
(0) 1318/8C4A :        $engine.page_cache$PageCache_Init$clr_table:
(0) 1319/8C5C :        $engine.page_cache$PageCache_Init$clr_queued:
(0) 1320/8C6E :        $engine.page_cache$PageCache_Init$init_frames:
(0) 1321/8C9E :        PageCache_Request:
(0) 1322/8CA4 :        $diag2$engine.page_cache$raise:
(0) 1323/8CFA :        $engine.page_cache$PageCache_Request$in_range:
(0) 1324/8D22 :        $engine.page_cache$PageCache_Request$not_inflight:
(0) 1325/8D42 :        $engine.page_cache$PageCache_Request$no_dbg:
(0) 1326/8D46 :        $engine.page_cache$PageCache_Request$done:
(0) 1327/8D48 :        PageCache_AllocFrame:
(0) 1328/8D68 :        $engine.page_cache$PageCache_AllocFrame$from_lru:
(0) 1329/8D78 :        $engine.page_cache$PageCache_AllocFrame$ev_scan:
(0) 1330/8D90 :        $engine.page_cache$PageCache_AllocFrame$ev_next:
(0) 1331/8DA8 :        $diag4$engine.page_cache$raise:
(0) 1332/8DFE :        $engine.page_cache$PageCache_AllocFrame$victim_ok:
(0) 1333/8E2A :        $engine.page_cache$PageCache_AllocFrame$detach:
(0) 1334/8E44 :        $diag5$engine.page_cache$raise:
(0) 1335/8E44 :        $engine.page_cache$PageCache_AllocFrame$thrash:
(0) 1336/8E98 :        PageCache_FreeFrame:
(0) 1337/8EAC :        $diag7$engine.page_cache$raise:
(0) 1338/8EFA :        $engine.page_cache$PageCache_FreeFrame$detached_ok:
(0) 1339/8F08 :        PageCache_Publish:
(0) 1340/8F2C :        $diag9$engine.page_cache$raise:
(0) 1341/8F8A :        $engine.page_cache$PageCache_Publish$pub_not_resident:
(0) 1342/8FC0 :        $engine.page_cache$PageCache_Publish$not_pinned:
(0) 1343/8FDA :        $engine.page_cache$PageCache_Publish$done:
(0) 1344/8FDC :        PageCache_PatchRun_Seq:
(0) 1345/8FFE :        $engine.page_cache$asm11$pw_new_blank:
(0) 1346/900E :        $engine.page_cache$asm11$pw_miss:
(0) 1347/902C :        $engine.page_cache$asm11$pw_word:
(0) 1348/9048 :        $diag12$engine.page_cache$raise:
(0) 1349/90A4 :        $engine.page_cache$asm11$pw_page_ok:
(0) 1350/90DC :        $engine.page_cache$asm11$pw_ref_done:
(0) 1351/90E4 :        $engine.page_cache$asm11$pw_unref_old:
(0) 1352/90EE :        $diag13$engine.page_cache$raise:
(0) 1353/9148 :        $engine.page_cache$asm11$pw_rc_ok:
(0) 1354/9164 :        $engine.page_cache$asm11$pw_next:
(0) 1355/9176 :        $engine.page_cache$PageCache_PatchRun_Seq$direct:
(0) 1356/9180 :        $engine.page_cache$asm15$pd_blank:
(0) 1357/9186 :        $engine.page_cache$asm15$pd_word:
(0) 1358/919C :        $diag16$engine.page_cache$raise:
(0) 1359/9202 :        $engine.page_cache$asm15$pd_bound_ok:
(0) 1360/920A :        $engine.page_cache$asm15$pd_next:
(0) 1361/921C :        PageCache_PatchRun_Col:
(0) 1362/923E :        $engine.page_cache$asm18$pw_new_blank:
(0) 1363/924E :        $engine.page_cache$asm18$pw_miss:
(0) 1364/926C :        $engine.page_cache$asm18$pw_word:
(0) 1365/9288 :        $diag19$engine.page_cache$raise:
(0) 1366/92E4 :        $engine.page_cache$asm18$pw_page_ok:
(0) 1367/931C :        $engine.page_cache$asm18$pw_ref_done:
(0) 1368/9324 :        $engine.page_cache$asm18$pw_unref_old:
(0) 1369/932E :        $diag20$engine.page_cache$raise:
(0) 1370/9388 :        $engine.page_cache$asm18$pw_rc_ok:
(0) 1371/93A4 :        $engine.page_cache$asm18$pw_next:
(0) 1372/93B6 :        $engine.page_cache$PageCache_PatchRun_Col$direct:
(0) 1373/93C0 :        $engine.page_cache$asm22$pd_blank:
(0) 1374/93C6 :        $engine.page_cache$asm22$pd_word:
(0) 1375/93DC :        $diag23$engine.page_cache$raise:
(0) 1376/9442 :        $engine.page_cache$asm22$pd_bound_ok:
(0) 1377/944A :        $engine.page_cache$asm22$pd_next:
(0) 1378/945C :        PageCache_Prefetch:
(0) 1379/949E :        $engine.page_cache$PageCache_Prefetch$row_scan:
(0) 1380/94C2 :        $engine.page_cache$PageCache_Prefetch$row_next:
(0) 1381/94C8 :        $engine.page_cache$PageCache_Prefetch$col_strip:
(0) 1382/94E4 :        $engine.page_cache$PageCache_Prefetch$col_scan:
(0) 1383/950A :        $engine.page_cache$PageCache_Prefetch$col_next:
(0) 1384/9510 :        $engine.page_cache$PageCache_Prefetch$strips_done:
(0) 1385/9514 :        $engine.page_cache$PageCache_Prefetch$ret:
(0) 1386/9516 :        $engine.page_cache$PageCache_Prefetch$scan_block:
(0) 1387/9520 :        $engine.page_cache$PageCache_Prefetch$sb_loop:
(0) 1388/955A :        $engine.page_cache$PageCache_Prefetch$sb_next:
(0) 1389/955E :        $engine.page_cache$PageCache_Prefetch$sb_done:
(0) 1390/9560 :        PageCache_ResetRefcounts:
(0) 1391/956E :        $engine.page_cache$PageCache_ResetRefcounts$frame:
(0) 1392/958E :        $engine.page_cache$PageCache_ResetRefcounts$store:
(0) 1393/959C :        PageCache_Audit:
(0) 1394/95B6 :        $engine.page_cache$PageCache_Audit$snap_tab:
(0) 1395/95C4 :        $engine.page_cache$PageCache_Audit$snap_frame:
(0) 1396/95DC :        $engine.page_cache$PageCache_Audit$zero:
(0) 1397/95F0 :        $engine.page_cache$PageCache_Audit$walk:
(0) 1398/9600 :        $engine.page_cache$PageCache_Audit$walk_next:
(0) 1399/9618 :        $engine.page_cache$PageCache_Audit$cmp:
(0) 1400/9620 :        $diag27$engine.page_cache$raise:
(0) 1401/966E :        $engine.page_cache$PageCache_Audit$cmp_next:
(0) 1402/967A :        $engine.page_cache$PageCache_Audit$dm_frame:
(0) 1403/9682 :        $diag28$engine.page_cache$raise:
(0) 1404/96F2 :        $engine.page_cache$PageCache_Audit$dm_rc_ok:
(0) 1405/96FC :        $diag29$engine.page_cache$raise:
(0) 1406/9764 :        $engine.page_cache$PageCache_Audit$dm_next:
(0) 1407/977C :        $engine.page_cache$PageCache_Audit$dm_ident:
(0) 1408/9780 :        $diag30$engine.page_cache$raise:
(0) 1409/97DE :        $engine.page_cache$PageCache_Audit$dm_ident_ok:
(0) 1410/97E4 :        $engine.page_cache$PageCache_Audit$cmp_done:
(0) 1411/97EE :        $engine.page_cache$PageCache_Audit$evf:
(0) 1412/9800 :        $diag31$engine.page_cache$raise:
(0) 1413/9846 :        $engine.page_cache$PageCache_Audit$evf_rc_ok:
(0) 1414/984C :        $diag32$engine.page_cache$raise:
(0) 1415/9892 :        $engine.page_cache$PageCache_Audit$evf_pin_ok:
(0) 1416/989A :        $diag33$engine.page_cache$raise:
(0) 1417/98E4 :        $engine.page_cache$PageCache_Audit$evf_next:
(0) 1418/98F8 :        $engine.page_cache$PageCache_Audit$bij_frame:
(0) 1419/9912 :        $diag34$engine.page_cache$raise:
(0) 1420/9978 :        $engine.page_cache$PageCache_Audit$bij_frame_next:
(0) 1421/9990 :        $engine.page_cache$PageCache_Audit$bij_page:
(0) 1422/99A8 :        $diag35$engine.page_cache$raise:
(0) 1423/9A12 :        $engine.page_cache$PageCache_Audit$bij_page_next:
(0) 1424/9A2A :        $engine.page_cache$PageCache_Audit$orphan:
(0) 1425/9A4C :        $diag36$engine.page_cache$raise:
(0) 1426/9AA2 :        $engine.page_cache$PageCache_Audit$orphan_next:
(0) 1427/9AB0 :        BG_Init:
(0) 1428/9AD4 :        $engine.bg$BG_Init$bg_len_ok:
(0) 1429/9AE2 :        $engine.bg$asm1$wait_z80:
(0) 1430/9B04 :        $engine.bg$BG_Init$tile_copy:
(0) 1431/9B12 :        $engine.bg$BG_Init$skip_tiles:
(0) 1432/9B2E :        $diag3$engine.bg$raise:
(0) 1433/9B7A :        $diag3$engine.bg$skip:
(0) 1434/9B84 :        $engine.bg$asm4$wait_z80:
(0) 1435/9B9E :        $engine.bg$BG_Init$nt_col:
(0) 1436/9BBE :        $engine.bg$BG_Init$nt_row:
(0) 1437/9BDC :        $engine.bg$BG_Init$skip_nt:
(0) 1438/9BF0 :        BgAnim_Init:
(0) 1439/9BFC :        BgAnim_Update:
(0) 1440/9C16 :        $diag2$engine.bg_anim$raise:
(0) 1441/9C6C :        $diag2$engine.bg_anim$skip:
(0) 1442/9C74 :        $engine.bg_anim$BgAnim_Update$band_loop:
(0) 1443/9C82 :        $engine.bg_anim$BgAnim_Update$cam_x:
(0) 1444/9C88 :        $engine.bg_anim$BgAnim_Update$cam_y:
(0) 1445/9C8C :        $engine.bg_anim$BgAnim_Update$have_value:
(0) 1446/9CC0 :        $diag3$engine.bg_anim$raise:
(0) 1447/9D08 :        $diag3$engine.bg_anim$skip:
(0) 1448/9D2E :        $engine.bg_anim$BgAnim_Update$commit:
(0) 1449/9D32 :        $engine.bg_anim$BgAnim_Update$queue_full:
(0) 1450/9D36 :        $engine.bg_anim$BgAnim_Update$skip_band:
(0) 1451/9D38 :        $engine.bg_anim$BgAnim_Update$next_band:
(0) 1452/9D42 :        $engine.bg_anim$BgAnim_Update$exit:
(0) 1453/9D48 :        CompressionSelfTest:
(0) 1454/9D6A :        $diag1$engine.compression_selftest$raise:
(0) 1455/9DC2 :        $diag1$engine.compression_selftest$skip:
(0) 1456/9DF4 :        $diag2$engine.compression_selftest$raise:
(0) 1457/9E4C :        $diag2$engine.compression_selftest$skip:
(0) 1458/9E74 :        $diag3$engine.compression_selftest$raise:
(0) 1459/9ECC :        $diag3$engine.compression_selftest$skip:
(0) 1460/9EE6 :        $engine.compression_selftest$CompressionSelfTest$eq_page:
(0) 1461/9F26 :        $engine.compression_selftest$CompressionSelfTest$eq_resume:
(0) 1462/9F44 :        $engine.compression_selftest$CompressionSelfTest$eq_cmp:
(0) 1463/9F4C :        $engine.compression_selftest$CompressionSelfTest$eq_next:
(0) 1464/9F56 :        $diag4$engine.compression_selftest$raise:
(0) 1465/9F56 :        $engine.compression_selftest$CompressionSelfTest$eq_bad:
(0) 1466/9FB0 :        $engine.compression_selftest$CompressionSelfTest$eq_done:
(0) 1467/9FB2 :        $engine.compression_selftest$CompressionSelfTest$poison:
(0) 1468/9FC0 :        $engine.compression_selftest$CompressionSelfTest$poison_loop:
(0) 1469/9FC8 :        $engine.compression_selftest$CompressionSelfTest$checksum:
(0) 1470/9FD4 :        $engine.compression_selftest$CompressionSelfTest$sum_loop:
(0) 1471/9FDC :        $engine.compression_selftest$CompressionSelfTest$byte_compare:
(0) 1472/9FEE :        $engine.compression_selftest$CompressionSelfTest$cmp_loop:
(0) 1473/9FF4 :        $engine.compression_selftest$CompressionSelfTest$cmp_match:
(0) 1474/A002 :        $diag5$engine.compression_selftest$raise:
(0) 1475/A04A :        $diag5$engine.compression_selftest$skip:
(0) 1476/A04E :        Art_Decompress:
(0) 1477/A05A :        $engine.compression_selftest$Art_Decompress$s4lz:
(0) 1478/A05E :        ZX0_Decompress:
(0) 1479/A066 :        $engine.compression_selftest$ZX0_Decompress$literals:
(0) 1480/A06A :        $engine.compression_selftest$ZX0_Decompress$copy_lits:
(0) 1481/A074 :        $engine.compression_selftest$ZX0_Decompress$rep_match:
(0) 1482/A076 :        $engine.compression_selftest$ZX0_Decompress$do_copy:
(0) 1483/A078 :        $engine.compression_selftest$ZX0_Decompress$do_copy_offs:
(0) 1484/A07C :        $engine.compression_selftest$ZX0_Decompress$copy_match:
(0) 1485/A086 :        $engine.compression_selftest$ZX0_Decompress$get_offset:
(0) 1486/A09E :        $engine.compression_selftest$ZX0_Decompress$get_elias:
(0) 1487/A0A0 :        $engine.compression_selftest$ZX0_Decompress$elias_loop:
(0) 1488/A0A8 :        $engine.compression_selftest$ZX0_Decompress$got_bit:
(0) 1489/A0AA :        $engine.compression_selftest$ZX0_Decompress$elias_bt:
(0) 1490/A0B0 :        $engine.compression_selftest$ZX0_Decompress$done:
(0) 1491/A0B4 :        $engine.compression_selftest$ZX0_Decompress$got_elias:
(0) 1492/A0B6 :        CSelf_S4LZ_Plain:
(0) 1493/A0B6 :        __align$engine.compression_selftest$0:
(0) 1494/A338 :        CSelf_S4LZ_Dict:
(0) 1495/A338 :        __align$engine.compression_selftest$1:
(0) 1496/A51E :        CSelf_Dict_Blob:
(0) 1497/A51E :        __align$engine.compression_selftest$2:
(0) 1498/A61E :        CSelf_ZX0:
(0) 1499/A61E :        __align$engine.compression_selftest$3:
(0) 1500/A840 :        CSelf_Expected:
(0) 1501/A840 :        __align$engine.compression_selftest$4:
(0) 1502/AB30 :        Sound_PostByte:
(0) 1503/AB3E :        $engine.sound_api$asm2$wait_z80:
(0) 1504/AB56 :        Sound_Init:
(0) 1505/AB5E :        $engine.sound_api$Sound_Init$wait_alive:
(0) 1506/AB6A :        $engine.sound_api$asm6$wait_z80:
(0) 1507/AB8C :        $diag8$engine.sound_api$raise:
(0) 1508/ABD8 :        $engine.sound_api$Sound_Init$alive_go:
(0) 1509/ABDE :        Sound_Ping:
(0) 1510/ABE8 :        Sound_PlaySample:
(0) 1511/ABF2 :        Sound_PlayMusic:
(0) 1512/ABF8 :        $engine.sound_api$Sound_PlayMusic$await_slot:
(0) 1513/AC00 :        $engine.sound_api$asm12$wait_z80:
(0) 1514/AC20 :        $diag14$engine.sound_api$raise:
(0) 1515/AC6C :        $engine.sound_api$Sound_PlayMusic$await_go:
(0) 1516/AC7E :        $diag15$engine.sound_api$raise:
(0) 1517/ACC6 :        $diag15$engine.sound_api$skip:
(0) 1518/ACD2 :        $diag16$engine.sound_api$raise:
(0) 1519/AD22 :        $diag16$engine.sound_api$skip:
(0) 1520/AD76 :        $engine.sound_api$asm21$wait_z80:
(0) 1521/ADBA :        Sound_PlaySFX:
(0) 1522/ADE6 :        $engine.sound_api$Sound_PlaySFX$ps_checkfull:
(0) 1523/ADF6 :        $diag25$engine.sound_api$raise:
(0) 1524/AE38 :        $engine.sound_api$Sound_PlaySFX$ps_full_ok:
(0) 1525/AE40 :        $engine.sound_api$Sound_PlaySFX$ps_drop:
(0) 1526/AE44 :        $engine.sound_api$Sound_PlaySFX$ps_ret:
(0) 1527/AE46 :        Sound_DrainSfxRing:
(0) 1528/AE60 :        $engine.sound_api$asm27$wait_z80:
(0) 1529/AE8A :        $engine.sound_api$Sound_DrainSfxRing$dr_done:
(0) 1530/AE94 :        $engine.sound_api$Sound_DrainSfxRing$dr_ret:
(0) 1531/AE96 :        Sound_PlayRing:
(0) 1532/AEAA :        $engine.sound_api$Sound_PlayRing$left:
(0) 1533/AEB0 :        Sound_StopMusic:
(0) 1534/AEBE :        Sound_SetTempo:
(0) 1535/AEC8 :        Sound_FadeOut:
(0) 1536/AED6 :        Sound_FadeIn:
(0) 1537/AEE4 :        Sound_FadeCmd:
(0) 1538/AEEE :        Sound_Pause:
(0) 1539/AEFA :        Sound_Unpause:
(0) 1540/AF06 :        Sound_PauseAll:
(0) 1541/AF12 :        Sound_UnpauseAll:
(0) 1542/AF1E :        Sound_PlayJingle:
(0) 1543/AF28 :        Sound_FadeOutStop:
(0) 1544/AF36 :        Sound_FadeOutPause:
(0) 1545/AF44 :        Sound_ReadStat:
(0) 1546/AF52 :        $engine.sound_api$asm44$wait_z80:
(0) 1547/AF6A :        Sound_IsMusicPlaying:
(0) 1548/AF72 :        Sound_IsFading:
(0) 1549/AF7A :        Sound_GetComm:
(0) 1550/10000 :        ObjCodeBase:
(0) 1551/10002 :        Player_Init:
(0) 1552/10012 :        $diag1$games.sonic4.player_common$raise:
(0) 1553/10064 :        $diag1$games.sonic4.player_common$skip:
(0) 1554/100EC :        $games.sonic4.player_common$asm4$blk_resolved:
(0) 1555/100FE :        Player_RefreshPhysics:
(0) 1556/1012E :        $games.sonic4.player_common$Player_RefreshPhysics$pal_copy:
(0) 1557/1013A :        $games.sonic4.player_common$Player_RefreshPhysics$no_pal:
(0) 1558/1013C :        Player_Main:
(0) 1559/1015A :        $games.sonic4.player_common$Player_Main$toggle_exit:
(0) 1560/1015E :        $games.sonic4.player_common$Player_Main$no_toggle:
(0) 1561/10174 :        $games.sonic4.player_common$asm9$blk_resolved:
(0) 1562/1019A :        $games.sonic4.player_common$Player_Main$latch:
(0) 1563/101A2 :        $games.sonic4.player_common$Player_Main$no_latch:
(0) 1564/101AC :        $games.sonic4.player_common$Player_Main$buffer_done:
(0) 1565/101C2 :        $diag10$games.sonic4.player_common$raise:
(0) 1566/1021A :        $diag10$games.sonic4.player_common$skip:
(0) 1567/10260 :        $games.sonic4.player_common$Player_Main$rings_done:
(0) 1568/10260 :        Player_Display:
(0) 1569/10272 :        Player_ApplyTilt:
(0) 1570/10288 :        $games.sonic4.player_common$Player_ApplyTilt$biased:
(0) 1571/10294 :        $games.sonic4.player_common$Player_ApplyTilt$faced:
(0) 1572/1029C :        $games.sonic4.player_common$Player_ApplyTilt$flip_ready:
(0) 1573/102D2 :        $games.sonic4.player_common$Player_ApplyTilt$run_stride:
(0) 1574/102D4 :        $games.sonic4.player_common$Player_ApplyTilt$banked:
(0) 1575/102DE :        $games.sonic4.player_common$Player_ApplyTilt$done:
(0) 1576/102E0 :        Glide_Pose_Table8:
(0) 1577/102E8 :        Player_Animate:
(0) 1578/102F0 :        $games.sonic4.player_common$asm14$abs:
(0) 1579/102FA :        $games.sonic4.player_common$Player_Animate$hold_ok:
(0) 1580/10314 :        $games.sonic4.player_common$Player_Animate$not_spindash:
(0) 1581/10328 :        $games.sonic4.player_common$Player_Animate$fly_tired:
(0) 1582/10330 :        $games.sonic4.player_common$Player_Animate$not_fly:
(0) 1583/10360 :        $games.sonic4.player_common$Player_Animate$glide_face_set:
(0) 1584/1036A :        $games.sonic4.player_common$Player_Animate$not_glide:
(0) 1585/10378 :        $games.sonic4.player_common$Player_Animate$not_glidefall:
(0) 1586/10386 :        $games.sonic4.player_common$Player_Animate$not_slide:
(0) 1587/10394 :        $games.sonic4.player_common$Player_Animate$not_climb:
(0) 1588/103A2 :        $games.sonic4.player_common$Player_Animate$not_ledge:
(0) 1589/103B2 :        $games.sonic4.player_common$asm15$abs:
(0) 1590/103BC :        $games.sonic4.player_common$Player_Animate$roll_hold_ok:
(0) 1591/103C6 :        $games.sonic4.player_common$Player_Animate$uncurled:
(0) 1592/103E6 :        $games.sonic4.player_common$Player_Animate$skid_left:
(0) 1593/103EC :        $games.sonic4.player_common$Player_Animate$skid_opposing:
(0) 1594/103FA :        $games.sonic4.player_common$asm16$abs:
(0) 1595/10408 :        $games.sonic4.player_common$Player_Animate$skid_show:
(0) 1596/10414 :        $games.sonic4.player_common$Player_Animate$not_skid:
(0) 1597/10414 :        $games.sonic4.player_common$Player_Animate$skid_drop:
(0) 1598/10424 :        $games.sonic4.player_common$Player_Animate$not_push:
(0) 1599/1043C :        $games.sonic4.player_common$Player_Animate$rest_input:
(0) 1600/1044C :        $games.sonic4.player_common$Player_Animate$not_duck:
(0) 1601/1045C :        $games.sonic4.player_common$Player_Animate$not_lookup:
(0) 1602/1046A :        $games.sonic4.player_common$Player_Animate$idle:
(0) 1603/10472 :        $games.sonic4.player_common$Player_Animate$walk_or_run:
(0) 1604/1047A :        $games.sonic4.player_common$asm17$abs:
(0) 1605/10488 :        $games.sonic4.player_common$Player_Animate$walk:
(0) 1606/10490 :        Player_States:
(0) 1607/104AA :        Player_SetState:
(0) 1608/104CC :        PState_EnterHooks:
(0) 1609/104E6 :        PState_ExitHooks:
(0) 1610/10500 :        PHook_Null:
(0) 1611/10502 :        PHook_GroundEnter:
(0) 1612/10516 :        PHook_AirEnter:
(0) 1613/10520 :        PHook_AirBallEnter:
(0) 1614/1052C :        PHook_RollEnter:
(0) 1615/1053C :        PHook_GlideEnter:
(0) 1616/10546 :        PHook_SlideEnter:
(0) 1617/10550 :        PHook_ClimbEnter:
(0) 1618/1055A :        PHook_SpindashEnter:
(0) 1619/1057C :        PHook_SpindashExit:
(0) 1620/10582 :        PHook_EnsureStanding:
(0) 1621/105AC :        $games.sonic4.player_common$PHook_EnsureStanding$keep:
(0) 1622/105AE :        PHook_EnsureAbility:
(0) 1623/105C8 :        $games.sonic4.player_common$PHook_EnsureAbility$keep:
(0) 1624/105CA :        PHook_EnsureBall:
(0) 1625/105F6 :        $games.sonic4.player_common$PHook_EnsureBall$keep:
(0) 1626/105F8 :        Player_SnapToSurface:
(0) 1627/1060E :        $games.sonic4.player_common$Player_SnapToSurface$down:
(0) 1628/10614 :        $games.sonic4.player_common$Player_SnapToSurface$left:
(0) 1629/1061A :        $games.sonic4.player_common$Player_SnapToSurface$up:
(0) 1630/10620 :        Player_BoundsInit:
(0) 1631/10646 :        Player_LevelBound:
(0) 1632/10660 :        $diag39$games.sonic4.player_common$raise:
(0) 1633/106A8 :        $diag39$games.sonic4.player_common$skip:
(0) 1634/106AE :        $games.sonic4.player_common$Player_LevelBound$clamp_x:
(0) 1635/106BE :        $games.sonic4.player_common$Player_LevelBound$x_done:
(0) 1636/106E4 :        $games.sonic4.player_common$Player_LevelBound$edge_clamp:
(0) 1637/106F0 :        $games.sonic4.player_common$Player_LevelBound$y_ok:
(0) 1638/106F2 :        $games.sonic4.player_common$Player_LevelBound$edge_wrap:
(0) 1639/106F4 :        $games.sonic4.player_common$Player_LevelBound$edge_kill:
(0) 1640/106FA :        Player_DebugEnter:
(0) 1641/1072E :        Player_DebugExit:
(0) 1642/10766 :        Player_DebugMove:
(0) 1643/10778 :        $games.sonic4.player_common$Player_DebugMove$check_right:
(0) 1644/10782 :        $games.sonic4.player_common$Player_DebugMove$check_up:
(0) 1645/1078C :        $games.sonic4.player_common$Player_DebugMove$check_down:
(0) 1646/10796 :        $games.sonic4.player_common$Player_DebugMove$draw:
(0) 1647/107A0 :        PState_Ground:
(0) 1648/107B6 :        $games.sonic4.player_ground$asm1$abs:
(0) 1649/107D2 :        $games.sonic4.player_ground$PState_Ground$no_spindash:
(0) 1650/107E4 :        $games.sonic4.player_ground$PState_Ground$no_jump:
(0) 1651/10806 :        $games.sonic4.player_ground$asm2$abs:
(0) 1652/1080E :        $games.sonic4.player_ground$PState_Ground$slope_factor:
(0) 1653/10814 :        $games.sonic4.player_ground$PState_Ground$no_slope:
(0) 1654/10830 :        $games.sonic4.player_ground$asm3$abs:
(0) 1655/10842 :        Ground_PostMove:
(0) 1656/1085C :        $games.sonic4.player_ground$Ground_PostMove$lock_done:
(0) 1657/1085E :        $games.sonic4.player_ground$Ground_PostMove$terrain:
(0) 1658/10872 :        $games.sonic4.player_ground$Ground_PostMove$axis_sel:
(0) 1659/10876 :        $games.sonic4.player_ground$asm5$abs:
(0) 1660/10882 :        $games.sonic4.player_ground$Ground_PostMove$window_ok:
(0) 1661/10894 :        $games.sonic4.player_ground$Ground_PostMove$snap:
(0) 1662/1089C :        $games.sonic4.player_ground$Ground_PostMove$no_snap:
(0) 1663/1089C :        Player_SlopeRepel:
(0) 1664/108AA :        $games.sonic4.player_ground$Player_SlopeRepel$lock_idle:
(0) 1665/108C6 :        $games.sonic4.player_ground$asm7$abs:
(0) 1666/108D8 :        $games.sonic4.player_ground$Player_SlopeRepel$nudge:
(0) 1667/108F2 :        $games.sonic4.player_ground$Player_SlopeRepel$done:
(0) 1668/108F4 :        Ground_DetachState:
(0) 1669/10900 :        $games.sonic4.player_ground$Ground_DetachState$set:
(0) 1670/10904 :        PState_Roll:
(0) 1671/10916 :        $games.sonic4.player_ground$PState_Roll$no_jump:
(0) 1672/10940 :        $games.sonic4.player_ground$PState_Roll$gsp_neg:
(0) 1673/10944 :        $games.sonic4.player_ground$PState_Roll$uphill:
(0) 1674/10946 :        $games.sonic4.player_ground$PState_Roll$slope_apply:
(0) 1675/1094A :        $games.sonic4.player_ground$PState_Roll$no_slope:
(0) 1676/10964 :        $games.sonic4.player_ground$asm10$lr_masked:
(0) 1677/1097E :        $games.sonic4.player_ground$PState_Roll$brake_left:
(0) 1678/10988 :        $games.sonic4.player_ground$PState_Roll$moving_left:
(0) 1679/1099C :        $games.sonic4.player_ground$PState_Roll$brake_right:
(0) 1680/109A6 :        $games.sonic4.player_ground$PState_Roll$friction:
(0) 1681/109BA :        $games.sonic4.player_ground$PState_Roll$fric_neg:
(0) 1682/109C0 :        $games.sonic4.player_ground$PState_Roll$unroll_check:
(0) 1683/109CA :        $games.sonic4.player_ground$asm11$abs:
(0) 1684/109F2 :        $games.sonic4.player_ground$PState_Roll$keep_rolling:
(0) 1685/109FE :        $games.sonic4.player_ground$PState_Roll$shared_move:
(0) 1686/10A06 :        Ground_Move:
(0) 1687/10A20 :        $games.sonic4.player_ground$asm14$lr_masked:
(0) 1688/10A2C :        $games.sonic4.player_ground$Ground_Move$friction:
(0) 1689/10A3E :        $games.sonic4.player_ground$Ground_Move$friction_neg:
(0) 1690/10A46 :        $games.sonic4.player_ground$Ground_Move$move_left:
(0) 1691/10A54 :        $games.sonic4.player_ground$Ground_Move$accel_left:
(0) 1692/10A6E :        $games.sonic4.player_ground$Ground_Move$move_right:
(0) 1693/10A7E :        $games.sonic4.player_ground$Ground_Move$accel_right:
(0) 1694/10A94 :        Ground_Move_Cap:
(0) 1695/10A9E :        $games.sonic4.player_ground$Ground_Move_Cap$cap_pos_ok:
(0) 1696/10AA8 :        $games.sonic4.player_ground$Ground_Move_Cap$cap_neg_ok:
(0) 1697/10ABE :        $games.sonic4.player_ground$Ground_Move_Cap$project_slope:
(0) 1698/10ADA :        $games.sonic4.player_ground$Ground_Move_Cap$wall_probe:
(0) 1699/10AF2 :        $games.sonic4.player_ground$Ground_Move_Cap$gate_ok:
(0) 1700/10AFE :        $games.sonic4.player_ground$Ground_Move_Cap$dir_fwd:
(0) 1701/10B38 :        $games.sonic4.player_ground$Ground_Move_Cap$not_rolling:
(0) 1702/10B40 :        $games.sonic4.player_ground$Ground_Move_Cap$probe_y_set:
(0) 1703/10B4E :        $games.sonic4.player_ground$Ground_Move_Cap$off_right:
(0) 1704/10B54 :        $games.sonic4.player_ground$Ground_Move_Cap$off_vert:
(0) 1705/10B5E :        $games.sonic4.player_ground$Ground_Move_Cap$off_up:
(0) 1706/10B62 :        $games.sonic4.player_ground$Ground_Move_Cap$probe_go:
(0) 1707/10B6C :        $games.sonic4.player_ground$Ground_Move_Cap$clear_push:
(0) 1708/10B74 :        $games.sonic4.player_ground$Ground_Move_Cap$wall_hit:
(0) 1709/10B84 :        $games.sonic4.player_ground$Ground_Move_Cap$cancel_right:
(0) 1710/10B8A :        $games.sonic4.player_ground$Ground_Move_Cap$cancel_vert:
(0) 1711/10B94 :        $games.sonic4.player_ground$Ground_Move_Cap$cancel_up:
(0) 1712/10B98 :        $games.sonic4.player_ground$Ground_Move_Cap$gsp_kill:
(0) 1713/10BAE :        $games.sonic4.player_ground$Ground_Move_Cap$hit_back:
(0) 1714/10BB6 :        $games.sonic4.player_ground$Ground_Move_Cap$set_push:
(0) 1715/10BBE :        $games.sonic4.player_ground$Ground_Move_Cap$dir_table:
(0) 1716/10BC6 :        Player_Jump:
(0) 1717/10BD6 :        $games.sonic4.player_ground$Player_Jump$no_carry:
(0) 1718/10C04 :        $games.sonic4.player_ground$Player_Jump$flat:
(0) 1719/10C08 :        $games.sonic4.player_ground$Player_Jump$launched:
(0) 1720/10C1E :        $games.sonic4.player_ground$Player_Jump$from_stand:
(0) 1721/10C30 :        PState_Air:
(0) 1722/10C30 :        PState_AirBall:
(0) 1723/10C34 :        PState_RollJump:
(0) 1724/10C38 :        PState_Jump:
(0) 1725/10C3A :        PState_AirShared:
(0) 1726/10C46 :        $games.sonic4.player_air$PState_AirShared$not_on_obj:
(0) 1727/10C6E :        $games.sonic4.player_air$PState_AirShared$cut_arc:
(0) 1728/10C74 :        $games.sonic4.player_air$PState_AirShared$no_cap:
(0) 1729/10C8C :        $games.sonic4.player_air$PState_AirShared$press_ok:
(0) 1730/10C96 :        $games.sonic4.player_air$PState_AirShared$no_ability:
(0) 1731/10CA0 :        $games.sonic4.player_air$PState_AirShared$input_locked:
(0) 1732/10CBA :        $games.sonic4.player_air$PState_AirShared$fall_capped:
(0) 1733/10CC2 :        Air_Collide:
(0) 1734/10CCE :        $games.sonic4.player_air$Air_Collide$angle_pos:
(0) 1735/10CD0 :        $games.sonic4.player_air$Air_Collide$angle_set:
(0) 1736/10CD4 :        $games.sonic4.player_air$Air_Collide$angle_done:
(0) 1737/10CE2 :        $games.sonic4.player_air$asm6$abs:
(0) 1738/10CEC :        $games.sonic4.player_air$asm7$abs:
(0) 1739/10D06 :        $games.sonic4.player_air$Air_Collide$right_no_wall:
(0) 1740/10D0E :        $games.sonic4.player_air$Air_Collide$mostly_left:
(0) 1741/10D20 :        $games.sonic4.player_air$Air_Collide$left_no_wall:
(0) 1742/10D28 :        $games.sonic4.player_air$Air_Collide$vertical:
(0) 1743/10D3C :        $games.sonic4.player_air$Air_Collide$mostly_up:
(0) 1744/10D74 :        $games.sonic4.player_air$Air_Collide$up_done:
(0) 1745/10D76 :        $games.sonic4.player_air$Air_Collide$reattach:
(0) 1746/10D8A :        Air_LandOnObject:
(0) 1747/10DA6 :        Air_XInput:
(0) 1748/10DB6 :        $games.sonic4.player_air$asm11$lr_masked:
(0) 1749/10DE0 :        $games.sonic4.player_air$Air_XInput$air_left:
(0) 1750/10DFA :        $games.sonic4.player_air$Air_XInput$air_store:
(0) 1751/10DFE :        $games.sonic4.player_air$Air_XInput$done:
(0) 1752/10E00 :        Air_XDrag:
(0) 1753/10E1C :        $games.sonic4.player_air$Air_XDrag$done:
(0) 1754/10E1E :        Air_FloorLandBanded:
(0) 1755/10E5C :        $games.sonic4.player_air$Air_FloorLandBanded$mid:
(0) 1756/10E64 :        $games.sonic4.player_air$Air_FloorLandBanded$steep:
(0) 1757/10E76 :        $games.sonic4.player_air$Air_FloorLandBanded$steep_capped:
(0) 1758/10E78 :        $games.sonic4.player_air$Air_FloorLandBanded$grounded:
(0) 1759/10E7E :        $games.sonic4.player_air$Air_FloorLandBanded$no_land:
(0) 1760/10E80 :        Air_FloorLandFlat:
(0) 1761/10EA0 :        $games.sonic4.player_air$Air_FloorLandFlat$no_land:
(0) 1762/10EA2 :        Air_TouchFloor:
(0) 1763/10EB2 :        Air_GspFromYvel:
(0) 1764/10EBC :        $games.sonic4.player_air$Air_GspFromYvel$store:
(0) 1765/10EC2 :        Air_LandState:
(0) 1766/10EDA :        $games.sonic4.player_air$asm18$abs:
(0) 1767/10EE4 :        $games.sonic4.player_air$Air_LandState$check_headroom:
(0) 1768/10F02 :        $games.sonic4.player_air$Air_LandState$stand:
(0) 1769/10F06 :        $games.sonic4.player_air$Air_LandState$stay_rolling:
(0) 1770/10F0A :        Air_WallProbeRight:
(0) 1771/10F30 :        $games.sonic4.player_air$Air_WallProbeRight$no_hit:
(0) 1772/10F34 :        Air_WallProbeLeft:
(0) 1773/10F5A :        $games.sonic4.player_air$Air_WallProbeLeft$no_hit:
(0) 1774/10F5E :        Air_CeilingBump:
(0) 1775/10F78 :        $games.sonic4.player_air$Air_CeilingBump$clear:
(0) 1776/10F80 :        PState_Spindash:
(0) 1777/10F98 :        $games.sonic4.player_spindash$PState_Spindash$rev:
(0) 1778/10FBE :        $games.sonic4.player_spindash$PState_Spindash$floor:
(0) 1779/10FD6 :        $games.sonic4.player_spindash$PState_Spindash$pinned:
(0) 1780/10FD8 :        $games.sonic4.player_spindash$PState_Spindash$floor_gone:
(0) 1781/10FDE :        $games.sonic4.player_spindash$PState_Spindash$release:
(0) 1782/10FF4 :        $games.sonic4.player_spindash$PState_Spindash$launch:
(0) 1783/1101C :        PState_Fly:
(0) 1784/11028 :        $games.sonic4.player_fly$PState_Fly$not_on_obj:
(0) 1785/11056 :        $games.sonic4.player_fly$PState_Fly$flap_end:
(0) 1786/1105E :        $games.sonic4.player_fly$PState_Fly$coast:
(0) 1787/11076 :        $games.sonic4.player_fly$PState_Fly$flap_ok:
(0) 1788/1108C :        $games.sonic4.player_fly$PState_Fly$no_flap:
(0) 1789/1109E :        $games.sonic4.player_fly$PState_Fly$coast_store:
(0) 1790/110A2 :        $games.sonic4.player_fly$PState_Fly$vert_done:
(0) 1791/110BA :        $games.sonic4.player_fly$PState_Fly$top_ok:
(0) 1792/110E8 :        $games.sonic4.player_fly$PState_Fly$done:
(0) 1793/110EA :        Fly_TickFuel:
(0) 1794/110FC :        $games.sonic4.player_fly$Fly_TickFuel$done:
(0) 1795/110FE :        Ability_TailsFlight:
(0) 1796/1111A :        $games.sonic4.player_fly$Ability_TailsFlight$rising_too_fast:
(0) 1797/1111C :        Fly_TickSfx:
(0) 1798/1113E :        $games.sonic4.player_fly$Fly_TickSfx$play:
(0) 1799/11142 :        $games.sonic4.player_fly$Fly_TickSfx$done:
(0) 1800/11150 :        PState_Glide:
(0) 1801/11186 :        $games.sonic4.player_glide$PState_Glide$continue:
(0) 1802/11188 :        $games.sonic4.player_glide$PState_Glide$release:
(0) 1803/11196 :        $games.sonic4.player_glide$PState_Glide$hit_wall:
(0) 1804/1119A :        $games.sonic4.player_glide$PState_Glide$on_object:
(0) 1805/1119E :        $games.sonic4.player_glide$PState_Glide$hit_floor:
(0) 1806/111B4 :        $games.sonic4.player_glide$PState_Glide$face_set:
(0) 1807/111D2 :        $games.sonic4.player_glide$PState_Glide$flat_slide:
(0) 1808/111D8 :        Glide_Move:
(0) 1809/111E6 :        $games.sonic4.player_glide$Glide_Move$medium:
(0) 1810/111F8 :        $games.sonic4.player_glide$Glide_Move$apply:
(0) 1811/11224 :        $games.sonic4.player_glide$Glide_Move$falling_slow:
(0) 1812/11228 :        $games.sonic4.player_glide$Glide_Move$chute_done:
(0) 1813/1123C :        $games.sonic4.player_glide$Glide_Move$done:
(0) 1814/1123E :        Glide_Turn:
(0) 1815/11258 :        $games.sonic4.player_glide$Glide_Turn$add_l:
(0) 1816/1125C :        $games.sonic4.player_glide$Glide_Turn$not_left:
(0) 1817/1126A :        $games.sonic4.player_glide$Glide_Turn$add_r:
(0) 1818/1126E :        $games.sonic4.player_glide$Glide_Turn$not_right:
(0) 1819/11278 :        $games.sonic4.player_glide$Glide_Turn$store:
(0) 1820/1127E :        Glide_Collide:
(0) 1821/1128E :        $games.sonic4.player_glide$Glide_Collide$no_wall_l:
(0) 1822/1129C :        $games.sonic4.player_glide$Glide_Collide$no_wall_r:
(0) 1823/112CC :        $games.sonic4.player_glide$Glide_Collide$angle_usable:
(0) 1824/112DE :        $games.sonic4.player_glide$Glide_Collide$airborne:
(0) 1825/112E4 :        $games.sonic4.player_glide$Glide_Collide$done:
(0) 1826/112E8 :        PState_GlideFall:
(0) 1827/1130A :        $games.sonic4.player_glide$PState_GlideFall$grav_ok:
(0) 1828/11318 :        $games.sonic4.player_glide$PState_GlideFall$dead_stop:
(0) 1829/11332 :        $games.sonic4.player_glide$PState_GlideFall$airborne:
(0) 1830/11334 :        PState_Slide:
(0) 1831/11354 :        $games.sonic4.player_glide$PState_Slide$held:
(0) 1832/11364 :        $games.sonic4.player_glide$PState_Slide$going_right:
(0) 1833/1136C :        $games.sonic4.player_glide$PState_Slide$terrain:
(0) 1834/1136E :        $games.sonic4.player_glide$PState_Slide$get_up:
(0) 1835/11386 :        Slide_Terrain:
(0) 1836/113B8 :        $games.sonic4.player_glide$Slide_Terrain$no_sfx:
(0) 1837/113BA :        $games.sonic4.player_glide$Slide_Terrain$ledge_drop:
(0) 1838/113C0 :        Ability_KnuxGlide:
(0) 1839/113DC :        $games.sonic4.player_glide$Ability_KnuxGlide$store_face:
(0) 1840/113FA :        $games.sonic4.player_glide$Ability_KnuxGlide$yvel_ok:
(0) 1841/11404 :        $games.sonic4.player_glide$Ability_KnuxGlide$rising_too_fast:
(0) 1842/11426 :        Climb_WallDist:
(0) 1843/1143C :        $games.sonic4.player_climb$Climb_WallDist$facing_left:
(0) 1844/11446 :        Climb_Animate:
(0) 1845/1146C :        $games.sonic4.player_climb$Climb_Animate$no_wrap_lo:
(0) 1846/11476 :        $games.sonic4.player_climb$Climb_Animate$no_wrap_hi:
(0) 1847/1147E :        $games.sonic4.player_climb$Climb_Animate$done:
(0) 1848/11480 :        PState_Climb:
(0) 1849/114EA :        $games.sonic4.player_climb$PState_Climb$move_up:
(0) 1850/114F2 :        $games.sonic4.player_climb$PState_Climb$not_up:
(0) 1851/11538 :        $games.sonic4.player_climb$PState_Climb$dip:
(0) 1852/1153A :        $games.sonic4.player_climb$PState_Climb$finish:
(0) 1853/11566 :        $games.sonic4.player_climb$PState_Climb$animate:
(0) 1854/11582 :        $games.sonic4.player_climb$PState_Climb$no_jump:
(0) 1855/11584 :        Climb_JumpOff:
(0) 1856/115A4 :        $games.sonic4.player_climb$Climb_JumpOff$was_left:
(0) 1857/115AA :        $games.sonic4.player_climb$Climb_JumpOff$go:
(0) 1858/115B0 :        Climb_ReachFloor:
(0) 1859/115CA :        Climb_ToLedge:
(0) 1860/115D6 :        Climb_LetGo:
(0) 1861/115E6 :        Climb_DoClamberStep:
(0) 1862/11604 :        $games.sonic4.player_climb$Climb_DoClamberStep$dx_ok:
(0) 1863/1161C :        Climb_ClamberFrames:
(0) 1864/1162C :        PState_Ledge:
(0) 1865/1163E :        $games.sonic4.player_climb$PState_Ledge$step:
(0) 1866/11660 :        $games.sonic4.player_climb$PState_Ledge$stand:
(0) 1867/11674 :        $games.sonic4.player_climb$PState_Ledge$hold:
(0) 1868/11676 :        Knuckles_Gliding_WallCatch:
(0) 1869/11688 :        $games.sonic4.player_climb$Knuckles_Gliding_WallCatch$left_wall:
(0) 1870/1168E :        $games.sonic4.player_climb$Knuckles_Gliding_WallCatch$pair:
(0) 1871/116BE :        $games.sonic4.player_climb$Knuckles_Gliding_WallCatch$fb_left:
(0) 1872/116C2 :        $games.sonic4.player_climb$Knuckles_Gliding_WallCatch$fb_probe:
(0) 1873/116E6 :        $games.sonic4.player_climb$Knuckles_Gliding_WallCatch$fall:
(0) 1874/116EC :        Climb_Catch:
(0) 1875/1172C :        Ability_InstaShield:
(0) 1876/1173C :        $games.sonic4.player_instashield$Ability_InstaShield$from_jump:
(0) 1877/1174E :        $games.sonic4.player_instashield$Ability_InstaShield$not_rolljump:
(0) 1878/11768 :        $games.sonic4.player_instashield$Ability_InstaShield$done:
(0) 1879/1176A :        InstaShield_Spawn:
(0) 1880/117AC :        $games.sonic4.player_instashield$InstaShield_Spawn$done:
(0) 1881/117AE :        InstaShield_Main:
(0) 1882/117D2 :        $games.sonic4.player_instashield$InstaShield_Main$no_flip:
(0) 1883/117E8 :        $games.sonic4.player_instashield$InstaShield_Main$not_over:
(0) 1884/11804 :        Ani_InstaShield:
(0) 1885/11806 :        __offsets$games.sonic4.player_instashield$Ani_InstaShield$Attack:
(0) 1886/11816 :        Map_InstaShield:
(0) 1887/11816 :        __align$games.sonic4.player_instashield$0:
(0) 1888/118DE :        DPLC_InstaShield:
(0) 1889/118DE :        __align$games.sonic4.player_instashield$1:
(0) 1890/118FC :        Art_InstaShield:
(0) 1891/118FC :        __align$games.sonic4.player_instashield$2:
(0) 1892/11F80 :        CharDef_Sonic:
(0) 1893/11FA6 :        PhysTable_Sonic:
(0) 1894/11FC0 :        CharDef_Tails:
(0) 1895/11FE6 :        PhysTable_Tails:
(0) 1896/11FF6 :        CharDef_Knuckles:
(0) 1897/1201C :        PhysTable_Knuckles:
(0) 1898/12030 :        CharacterDefs:
(0) 1899/1203C :        Player_InitAssets:
(0) 1900/12054 :        Player_LoadArt:
(0) 1901/1206E :        Player_Ability:
(0) 1902/1208E :        $diag3$games.sonic4.characters$raise:
(0) 1903/120D6 :        $diag3$games.sonic4.characters$skip:
(0) 1904/120DE :        Ability_None:
(0) 1905/120E0 :        TailsAppendage_Refresh:
(0) 1906/120F4 :        $games.sonic4.tails_appendage$TailsAppendage_Refresh$not_tails:
(0) 1907/120FE :        $games.sonic4.tails_appendage$TailsAppendage_Refresh$done:
(0) 1908/12100 :        TailsAppendage_Spawn:
(0) 1909/1210E :        $diag2$games.sonic4.tails_appendage$raise:
(0) 1910/12156 :        $diag2$games.sonic4.tails_appendage$skip:
(0) 1911/12198 :        $games.sonic4.tails_appendage$TailsAppendage_Spawn$done:
(0) 1912/1219A :        TailsAppendage_Main:
(0) 1913/121CE :        $games.sonic4.tails_appendage$TailsAppendage_Main$hold_ok:
(0) 1914/121FA :        $games.sonic4.tails_appendage$TailsAppendage_Main$bank_facing_left:
(0) 1915/121FE :        $games.sonic4.tails_appendage$TailsAppendage_Main$bank_bias:
(0) 1916/12206 :        $games.sonic4.tails_appendage$TailsAppendage_Main$bank_flip_ready:
(0) 1917/1223A :        $games.sonic4.tails_appendage$TailsAppendage_Main$no_bank:
(0) 1918/12252 :        $games.sonic4.tails_appendage$TailsAppendage_Main$hidden:
(0) 1919/12254 :        DustPuff_Spawn:
(0) 1920/12290 :        $games.sonic4.dust_puff$DustPuff_Spawn$done:
(0) 1921/12292 :        DustPuff_Main:
(0) 1922/1229A :        Dust_Tick:
(0) 1923/122C4 :        $games.sonic4.dust_spindash$Dust_Tick$slide:
(0) 1924/122DA :        $games.sonic4.dust_spindash$Dust_Tick$spawn:
(0) 1925/122EC :        $games.sonic4.dust_spindash$Dust_Tick$disarm:
(0) 1926/122F0 :        $games.sonic4.dust_spindash$Dust_Tick$done:
(0) 1927/122F2 :        DustSpindash_Spawn:
(0) 1928/12334 :        $games.sonic4.dust_spindash$DustSpindash_Spawn$done:
(0) 1929/12336 :        DustSpindash_Main:
(0) 1930/12346 :        $games.sonic4.dust_spindash$DustSpindash_Main$live:
(0) 1931/12380 :        $games.sonic4.dust_spindash$DustSpindash_Main$no_flip:
(0) 1932/1239E :        RingSparkle_Spawn:
(0) 1933/123E8 :        $games.sonic4.ring_sparkle$RingSparkle_Spawn$done:
(0) 1934/123EA :        RingSparkle_Main:
(0) 1935/123F2 :        Map_RingSparkle:
(0) 1936/123FA :        __offsets$games.sonic4.ring_sparkle$Map_RingSparkle$F0:
(0) 1937/12408 :        __offsets$games.sonic4.ring_sparkle$Map_RingSparkle$F1:
(0) 1938/12416 :        __offsets$games.sonic4.ring_sparkle$Map_RingSparkle$F2:
(0) 1939/12424 :        __offsets$games.sonic4.ring_sparkle$Map_RingSparkle$F3:
(0) 1940/12432 :        Ani_RingSparkle:
(0) 1941/12434 :        __offsets$games.sonic4.ring_sparkle$Ani_RingSparkle$Sparkle:
(0) 1942/1243A :        Art_RingSparkle:
(0) 1943/1243A :        __align$games.sonic4.ring_sparkle$0:
(0) 1944/124C0 :        TestStatic_Main:
(0) 1945/124D0 :        TestAnimated:
(0) 1946/12518 :        TestAnimated_Main:
(0) 1947/12530 :        TestPlayer:
(0) 1948/1258E :        TestPlayer_Main:
(0) 1949/125D2 :        $games.sonic4.test_player$TestPlayer_Main$exit_debug:
(0) 1950/12604 :        $games.sonic4.test_player$TestPlayer_Main$no_toggle:
(0) 1951/1263E :        $games.sonic4.test_player$TestPlayer_Main$no_jump_start:
(0) 1952/1265A :        $games.sonic4.test_player$TestPlayer_Main$have_phys:
(0) 1953/1266C :        $games.sonic4.test_player$TestPlayer_Main$accel_left:
(0) 1954/12678 :        $games.sonic4.test_player$TestPlayer_Main$set_flip_left:
(0) 1955/12680 :        $games.sonic4.test_player$TestPlayer_Main$check_right:
(0) 1956/12692 :        $games.sonic4.test_player$TestPlayer_Main$accel_right:
(0) 1957/1269E :        $games.sonic4.test_player$TestPlayer_Main$set_flip_right:
(0) 1958/126A6 :        $games.sonic4.test_player$TestPlayer_Main$no_input:
(0) 1959/126B4 :        $games.sonic4.test_player$TestPlayer_Main$friction_neg:
(0) 1960/126BA :        $games.sonic4.test_player$TestPlayer_Main$clamp_vel:
(0) 1961/126DC :        $games.sonic4.test_player$TestPlayer_Main$skip_var_jump:
(0) 1962/126F6 :        $games.sonic4.test_player$TestPlayer_Main$set_yvel:
(0) 1963/126FA :        $games.sonic4.test_player$TestPlayer_Main$skip_gravity:
(0) 1964/1270C :        $games.sonic4.test_player$TestPlayer_Main$do_floor:
(0) 1965/1271A :        $games.sonic4.test_player$asm3$blk_resolved:
(0) 1966/12746 :        $games.sonic4.test_player$TestPlayer_Main$no_floor:
(0) 1967/1274C :        $games.sonic4.test_player$TestPlayer_Main$floor_done:
(0) 1968/12762 :        $games.sonic4.test_player$TestPlayer_Main$anim_air:
(0) 1969/1276A :        $games.sonic4.test_player$TestPlayer_Main$anim_idle:
(0) 1970/12770 :        $games.sonic4.test_player$TestPlayer_Main$do_anim:
(0) 1971/12788 :        TestPlayer_Debug:
(0) 1972/12796 :        $games.sonic4.test_player$TestPlayer_Debug$dbg_speed_ok:
(0) 1973/127A2 :        $games.sonic4.test_player$TestPlayer_Debug$dbg_check_right:
(0) 1974/127AC :        $games.sonic4.test_player$TestPlayer_Debug$dbg_check_up:
(0) 1975/127B6 :        $games.sonic4.test_player$TestPlayer_Debug$dbg_check_down:
(0) 1976/127C0 :        $games.sonic4.test_player$TestPlayer_Debug$dbg_draw:
(0) 1977/127C4 :        TestEnemy_Init:
(0) 1978/127D2 :        TestEnemy_Main:
(0) 1979/127F8 :        $games.sonic4.test_enemy$TestEnemy_Main$was_right:
(0) 1980/12804 :        $games.sonic4.test_enemy$TestEnemy_Main$steps_ok:
(0) 1981/1280C :        TestSolid_Init:
(0) 1982/1281A :        TestSolid_Main:
(0) 1983/12820 :        TestParticle:
(0) 1984/12866 :        TestParticle_Main:
(0) 1985/12878 :        TestEmitter:
(0) 1986/128B8 :        TestEmitter_Main:
(0) 1987/128CC :        $games.sonic4.test_emitter$TestEmitter_Main$draw:
(0) 1988/128D0 :        emitter_particle_desc:
(0) 1989/128D4 :        emitter_particle_term:
(0) 1990/128D6 :        TestChildPart:
(0) 1991/12916 :        $games.sonic4.test_parent$TestChildPart$set_left:
(0) 1992/1291A :        $games.sonic4.test_parent$TestChildPart$save_angle:
(0) 1993/1292C :        TestChildPart_Main:
(0) 1994/1295C :        $games.sonic4.test_parent$TestChildPart_Main$orphan_delete:
(0) 1995/12960 :        TestParent:
(0) 1996/129B6 :        child_desc:
(0) 1997/129C2 :        child_desc_term:
(0) 1998/129C4 :        TestParent_Main:
(0) 1999/129CE :        $games.sonic4.test_parent$TestParent_Main$move:
(0) 2000/129EE :        $games.sonic4.test_parent$TestParent_Main$moving_left:
(0) 2001/12A08 :        $games.sonic4.test_parent$TestParent_Main$draw:
(0) 2002/12A10 :        TestStressEmitter:
(0) 2003/12A50 :        TestStressEmitter_Main:
(0) 2004/12A64 :        $games.sonic4.test_stress_emitter$TestStressEmitter_Main$draw:
(0) 2005/12A68 :        stress_particle_desc:
(0) 2006/12A6C :        stress_particle_term:
(0) 2007/12A70 :        TestChurnObj:
(0) 2008/12AC0 :        TestChurnObj_Main:
(0) 2009/12AE0 :        $games.sonic4.test_churn$TestChurnObj_Main$no_replace:
(0) 2010/12AE8 :        $games.sonic4.test_churn$TestChurnObj_Main$draw:
(0) 2011/12AEC :        ObjDef_PathSwap:
(0) 2012/12B06 :        PathSwap_Init:
(0) 2013/12B0E :        $diag1$games.sonic4.path_swap$raise:
(0) 2014/12B6C :        $games.sonic4.path_swap$PathSwap_Init$prio_unused:
(0) 2015/12B78 :        $games.sonic4.path_swap$PathSwap_Init$have_hh:
(0) 2016/12B94 :        PathSwap_Main:
(0) 2017/12BB8 :        $games.sonic4.path_swap$PathSwap_Main$y_abs:
(0) 2018/12BD0 :        $games.sonic4.path_swap$PathSwap_Main$sense:
(0) 2019/12BDE :        $games.sonic4.path_swap$PathSwap_Main$write:
(0) 2020/12BE2 :        $games.sonic4.path_swap$PathSwap_Main$done:
(0) 2021/12BE8 :        DeformTable_Zero:
(0) 2022/12CE8 :        ParallaxConfig_OJZ_Default:
(0) 2023/12D56 :        ParallaxConfig_OJZ_Underwater:
(0) 2024/12DC4 :        DeformTable_OJZ_Calm:
(0) 2025/12EC4 :        ParallaxConfig_OJZ_Windy:
(0) 2026/12EF6 :        DeformTable_Shimmer:
(0) 2027/12FF6 :        ParallaxConfig_Shimmer_Slow:
(0) 2028/13028 :        ParallaxConfig_Shimmer:
(0) 2029/1305A :        ParallaxConfig_Shimmer_Fast:
(0) 2030/1308C :        DeformTable_Haze:
(0) 2031/1318C :        ParallaxConfig_Haze_Slow:
(0) 2032/1320E :        ParallaxConfig_Haze:
(0) 2033/13290 :        ParallaxConfig_Haze_Fast:
(0) 2034/13312 :        ParallaxConfig_Haze_Uniform:
(0) 2035/13394 :        DeformTable_Rocking:
(0) 2036/13494 :        ParallaxConfig_Rocking_Slow:
(0) 2037/134C6 :        ParallaxConfig_Rocking:
(0) 2038/134F8 :        ParallaxConfig_Rocking_Fast:
(0) 2039/1352A :        DeformTable_Perspective:
(0) 2040/1362A :        ParallaxConfig_Perspective_Subtle:
(0) 2041/136AC :        ParallaxConfig_Perspective:
(0) 2042/1372E :        ParallaxConfig_Perspective_Dramatic:
(0) 2043/137B0 :        ParallaxConfig_WindyHaze:
(0) 2044/13832 :        ParallaxConfig_SkyHaze:
(0) 2045/13878 :        ParallaxConfig_OJZ_Caves:
(0) 2046/138FA :        ParallaxConfig_OJZ_LockedClouds:
(0) 2047/1397C :        EditorSceneBinding_OJZ_Act1_Sec0:
(0) 2048/139FE :        EditorSceneBinding_OJZ_Act1_Sec4:
(0) 2049/13A80 :        EditorRaster_OJZ_Act1_authored_probe:
(0) 2050/13ACE :        OJZ_TestRaster:
(0) 2051/13AF0 :        OJZ_BandDemo:
(0) 2052/13B5E :        OJZ_TestPal:
(0) 2053/13BBE :        OJZ_ShimmerCycle:
(0) 2054/13BC6 :        OJZ_WaterRaster:
(0) 2055/13BE8 :        OJZ_GradientStream:
(0) 2056/13E28 :        OJZ_TestGradient:
(0) 2057/13E46 :        OJZ_TestVsram:
(0) 2058/13E64 :        OJZ_TestRamp:
(0) 2059/13E86 :        Variant_Water_Deep:
(0) 2060/13E8E :        Variant_Water_Murky:
(0) 2061/13E96 :        Variant_Poison:
(0) 2062/13E9E :        Variant_CaveDark:
(0) 2063/13EA6 :        Variant_Dusk:
(0) 2064/13EAE :        OJZ_DepthVSplit:
(0) 2065/13EDC :        OJZ_Preset_Sec0:
(0) 2066/13F02 :        OJZ_Preset_Sec1:
(0) 2067/13F28 :        OJZ_Preset_Sec2:
(0) 2068/13F4E :        OJZ_Preset_Sec3:
(0) 2069/13F74 :        OJZ_Preset_Plain:
(0) 2070/13F9A :        OJZ_Preset_Depth:
(0) 2071/13FC0 :        OJZ_TwoChannel:
(0) 2072/14070 :        ObjDef_Static:
(0) 2073/1408A :        ObjDef_Solid:
(0) 2074/140B0 :        OJZ_Sec0_TypeTable:
(0) 2075/140B6 :        OJZ_Sec0_Objects:
(0) 2076/140BE :        OJZ_Sec0_Rings:
(0) 2077/140DE :        OJZ_Sec1_TypeTable:
(0) 2078/140E8 :        OJZ_Sec1_Objects:
(0) 2079/140FC :        OJZ_Sec1_Rings:
(0) 2080/14124 :        OJZ_Sec2_TypeTable:
(0) 2081/1412E :        OJZ_Sec2_Objects:
(0) 2082/1413C :        OJZ_Sec2_Rings:
(0) 2083/14170 :        OJZ_Sec3_TypeTable:
(0) 2084/14172 :        OJZ_Sec3_Objects:
(0) 2085/14174 :        OJZ_Sec3_Rings:
(0) 2086/14178 :        OJZ_Sec4_TypeTable:
(0) 2087/1417A :        OJZ_Sec4_Objects:
(0) 2088/1417C :        OJZ_Sec4_Rings:
(0) 2089/141B0 :        OJZ_Sec5_TypeTable:
(0) 2090/141B2 :        OJZ_Sec5_Objects:
(0) 2091/141B4 :        OJZ_Sec5_Rings:
(0) 2092/141D8 :        OJZ_Sec6_TypeTable:
(0) 2093/141DA :        OJZ_Sec6_Objects:
(0) 2094/141DC :        OJZ_Sec6_Rings:
(0) 2095/141E0 :        OJZ_Sec7_TypeTable:
(0) 2096/141E2 :        OJZ_Sec7_Objects:
(0) 2097/141E4 :        OJZ_Sec7_Rings:
(0) 2098/14208 :        OJZ_Sec8_TypeTable:
(0) 2099/1420A :        OJZ_Sec8_Objects:
(0) 2100/1420C :        OJZ_Sec8_Rings:
(0) 2101/14220 :        OJZ_Act_Pool_Page0:
(0) 2102/146BE :        OJZ_Act_Pool_Page1:
(0) 2103/14B9C :        OJZ_Act_Pool_Page2:
(0) 2104/150A2 :        OJZ_Act_Pool_Page3:
(0) 2105/155DA :        OJZ_Act_Pool_Page4:
(0) 2106/15A50 :        OJZ_Act_Pool_Page5:
(0) 2107/15E7E :        OJZ_Act_Pool_Page6:
(0) 2108/1633C :        OJZ_Act_Pool_Page7:
(0) 2109/16878 :        OJZ_Act_Pool_Page8:
(0) 2110/16E32 :        OJZ_Act_Pool_Page9:
(0) 2111/170DC :        OJZ_Act_Pool_PageTable:
(0) 2112/17130 :        OJZ_Act1_Descriptor:
(0) 2113/17158 :        OJZ_Act1_Sections:
(0) 2114/173B0 :        OJZ_Sec0_Blocks:
(0) 2115/19520 :        OJZ_Sec1_Blocks:
(0) 2116/1A89C :        OJZ_Sec2_Blocks:
(0) 2117/1C034 :        OJZ_Sec3_Blocks:
(0) 2118/1D180 :        OJZ_Sec5_Blocks:
(0) 2119/1DFA6 :        OJZ_Sec6_Blocks:
(0) 2120/1FBA6 :        OJZ_Sec7_Blocks:
(0) 2121/20E1A :        OJZ_Sec8_Blocks:
(0) 2122/229BC :        OJZ_Sec0_LocalMap:
(0) 2123/22DBA :        OJZ_Sec1_LocalMap:
(0) 2124/22EE8 :        OJZ_Sec2_LocalMap:
(0) 2125/22FB2 :        OJZ_Sec3_LocalMap:
(0) 2126/230EE :        OJZ_Sec4_LocalMap:
(0) 2127/231B8 :        OJZ_Sec5_LocalMap:
(0) 2128/23294 :        OJZ_Sec6_LocalMap:
(0) 2129/233DC :        OJZ_Sec7_LocalMap:
(0) 2130/2353E :        OJZ_Sec8_LocalMap:
(0) 2131/2365C :        OJZ_Sec_LocalMaps:
(0) 2132/23680 :        OJZ_Palette:
(0) 2133/236E0 :        BGND_Palette:
(0) 2134/23700 :        OJZ_Act1_BG_Layout:
(0) 2135/25700 :        OJZ_Act1_BG_Tiles:
(0) 2136/27F10 :        BgAnim_Table:
(0) 2137/27F12 :        _BgAnim_Band0_hdr:
(0) 2138/27F1E :        _BgAnim_Band0_banks:
(0) 2139/27F3E :        BgAnim_Banks:
(0) 2140/29F3E :        Map_TestObj:
(0) 2141/29F44 :        __offsets$games.sonic4.test_mappings$Map_TestObj$F0:
(0) 2142/29F52 :        __offsets$games.sonic4.test_mappings$Map_TestObj$F1:
(0) 2143/29F60 :        __offsets$games.sonic4.test_mappings$Map_TestObj$F2:
(0) 2144/29F6E :        Map_DustSpindash:
(0) 2145/29FDE :        Map_DustPuff:
(0) 2146/2A01E :        DPLC_Dust:
(0) 2147/2A048 :        Art_Dust:
(0) 2148/2AB48 :        Ani_Sonic:
(0) 2149/2AB78 :        __offsets$games.sonic4.sonic_anims$Ani_Sonic$Walk:
(0) 2150/2AB82 :        __offsets$games.sonic4.sonic_anims$Ani_Sonic$Run:
(0) 2151/2AB88 :        __offsets$games.sonic4.sonic_anims$Ani_Sonic$Roll:
(0) 2152/2AB92 :        __offsets$games.sonic4.sonic_anims$Ani_Sonic$Spindash:
(0) 2153/2AB9E :        __offsets$games.sonic4.sonic_anims$Ani_Sonic$Push:
(0) 2154/2ABA4 :        __offsets$games.sonic4.sonic_anims$Ani_Sonic$Wait:
(0) 2155/2ABB7 :        __offsets$games.sonic4.sonic_anims$Ani_Sonic$Balance:
(0) 2156/2ABBC :        __offsets$games.sonic4.sonic_anims$Ani_Sonic$LookUp:
(0) 2157/2ABC1 :        __offsets$games.sonic4.sonic_anims$Ani_Sonic$Duck:
(0) 2158/2ABC6 :        __offsets$games.sonic4.sonic_anims$Ani_Sonic$Skid:
(0) 2159/2ABCD :        __offsets$games.sonic4.sonic_anims$Ani_Sonic$GetUp:
(0) 2160/2ABD0 :        __offsets$games.sonic4.sonic_anims$Ani_Sonic$Fly:
(0) 2161/2ABDA :        __offsets$games.sonic4.sonic_anims$Ani_Sonic$FlyTired:
(0) 2162/2ABE4 :        __offsets$games.sonic4.sonic_anims$Ani_Sonic$Glide0:
(0) 2163/2ABEE :        __offsets$games.sonic4.sonic_anims$Ani_Sonic$Glide1:
(0) 2164/2ABF8 :        __offsets$games.sonic4.sonic_anims$Ani_Sonic$Glide2:
(0) 2165/2AC02 :        __offsets$games.sonic4.sonic_anims$Ani_Sonic$Glide3:
(0) 2166/2AC0C :        __offsets$games.sonic4.sonic_anims$Ani_Sonic$Glide4:
(0) 2167/2AC16 :        __offsets$games.sonic4.sonic_anims$Ani_Sonic$GlideFall:
(0) 2168/2AC20 :        __offsets$games.sonic4.sonic_anims$Ani_Sonic$Slide:
(0) 2169/2AC2A :        __offsets$games.sonic4.sonic_anims$Ani_Sonic$SlideGetUp:
(0) 2170/2AC34 :        __offsets$games.sonic4.sonic_anims$Ani_Sonic$GlideLand:
(0) 2171/2AC3E :        __offsets$games.sonic4.sonic_anims$Ani_Sonic$Climb:
(0) 2172/2AC48 :        __offsets$games.sonic4.sonic_anims$Ani_Sonic$Ledge:
(0) 2173/2AC52 :        __align$games.sonic4.sonic_anims$0:
(0) 2174/2AC60 :        Ani_Tails:
(0) 2175/2AC90 :        __offsets$games.sonic4.tails_anims$Ani_Tails$Walk:
(0) 2176/2AC9A :        __offsets$games.sonic4.tails_anims$Ani_Tails$Run:
(0) 2177/2ACA0 :        __offsets$games.sonic4.tails_anims$Ani_Tails$Roll:
(0) 2178/2ACA5 :        __offsets$games.sonic4.tails_anims$Ani_Tails$Spindash:
(0) 2179/2ACAA :        __offsets$games.sonic4.tails_anims$Ani_Tails$Push:
(0) 2180/2ACB0 :        __offsets$games.sonic4.tails_anims$Ani_Tails$Wait:
(0) 2181/2ACEE :        __offsets$games.sonic4.tails_anims$Ani_Tails$Balance:
(0) 2182/2AD06 :        __offsets$games.sonic4.tails_anims$Ani_Tails$LookUp:
(0) 2183/2AD09 :        __offsets$games.sonic4.tails_anims$Ani_Tails$Duck:
(0) 2184/2AD0C :        __offsets$games.sonic4.tails_anims$Ani_Tails$Skid:
(0) 2185/2AD11 :        __offsets$games.sonic4.tails_anims$Ani_Tails$GetUp:
(0) 2186/2AD14 :        __offsets$games.sonic4.tails_anims$Ani_Tails$Fly:
(0) 2187/2AD17 :        __offsets$games.sonic4.tails_anims$Ani_Tails$FlyTired:
(0) 2188/2AD1B :        __offsets$games.sonic4.tails_anims$Ani_Tails$Glide0:
(0) 2189/2AD25 :        __offsets$games.sonic4.tails_anims$Ani_Tails$Glide1:
(0) 2190/2AD2F :        __offsets$games.sonic4.tails_anims$Ani_Tails$Glide2:
(0) 2191/2AD39 :        __offsets$games.sonic4.tails_anims$Ani_Tails$Glide3:
(0) 2192/2AD43 :        __offsets$games.sonic4.tails_anims$Ani_Tails$Glide4:
(0) 2193/2AD4D :        __offsets$games.sonic4.tails_anims$Ani_Tails$GlideFall:
(0) 2194/2AD57 :        __offsets$games.sonic4.tails_anims$Ani_Tails$Slide:
(0) 2195/2AD61 :        __offsets$games.sonic4.tails_anims$Ani_Tails$SlideGetUp:
(0) 2196/2AD6B :        __offsets$games.sonic4.tails_anims$Ani_Tails$GlideLand:
(0) 2197/2AD75 :        __offsets$games.sonic4.tails_anims$Ani_Tails$Climb:
(0) 2198/2AD7F :        __offsets$games.sonic4.tails_anims$Ani_Tails$Ledge:
(0) 2199/2AD8A :        Ani_TailsAppendage:
(0) 2200/2AD8A :        __align$games.sonic4.tails_anims$0:
(0) 2201/2ADBA :        __offsets$games.sonic4.tails_anims$Ani_TailsAppendage$Walk:
(0) 2202/2ADBD :        __offsets$games.sonic4.tails_anims$Ani_TailsAppendage$Run:
(0) 2203/2ADC0 :        __offsets$games.sonic4.tails_anims$Ani_TailsAppendage$Roll:
(0) 2204/2ADC6 :        __offsets$games.sonic4.tails_anims$Ani_TailsAppendage$Spindash:
(0) 2205/2ADCC :        __offsets$games.sonic4.tails_anims$Ani_TailsAppendage$Push:
(0) 2206/2ADD2 :        __offsets$games.sonic4.tails_anims$Ani_TailsAppendage$Wait:
(0) 2207/2ADD9 :        __offsets$games.sonic4.tails_anims$Ani_TailsAppendage$Balance:
(0) 2208/2ADDC :        __offsets$games.sonic4.tails_anims$Ani_TailsAppendage$LookUp:
(0) 2209/2ADE3 :        __offsets$games.sonic4.tails_anims$Ani_TailsAppendage$Duck:
(0) 2210/2ADEA :        __offsets$games.sonic4.tails_anims$Ani_TailsAppendage$Skid:
(0) 2211/2ADF0 :        __offsets$games.sonic4.tails_anims$Ani_TailsAppendage$GetUp:
(0) 2212/2ADF3 :        __offsets$games.sonic4.tails_anims$Ani_TailsAppendage$Fly:
(0) 2213/2ADF7 :        __offsets$games.sonic4.tails_anims$Ani_TailsAppendage$FlyTired:
(0) 2214/2ADFB :        __offsets$games.sonic4.tails_anims$Ani_TailsAppendage$Glide0:
(0) 2215/2ADFE :        __offsets$games.sonic4.tails_anims$Ani_TailsAppendage$Glide1:
(0) 2216/2AE01 :        __offsets$games.sonic4.tails_anims$Ani_TailsAppendage$Glide2:
(0) 2217/2AE04 :        __offsets$games.sonic4.tails_anims$Ani_TailsAppendage$Glide3:
(0) 2218/2AE07 :        __offsets$games.sonic4.tails_anims$Ani_TailsAppendage$Glide4:
(0) 2219/2AE0A :        __offsets$games.sonic4.tails_anims$Ani_TailsAppendage$GlideFall:
(0) 2220/2AE0D :        __offsets$games.sonic4.tails_anims$Ani_TailsAppendage$Slide:
(0) 2221/2AE10 :        __offsets$games.sonic4.tails_anims$Ani_TailsAppendage$SlideGetUp:
(0) 2222/2AE13 :        __offsets$games.sonic4.tails_anims$Ani_TailsAppendage$GlideLand:
(0) 2223/2AE16 :        __offsets$games.sonic4.tails_anims$Ani_TailsAppendage$Climb:
(0) 2224/2AE19 :        __offsets$games.sonic4.tails_anims$Ani_TailsAppendage$Ledge:
(0) 2225/2AE1C :        Ani_Knuckles:
(0) 2226/2AE1C :        __align$games.sonic4.tails_anims$1:
(0) 2227/2AE4C :        __offsets$games.sonic4.knuckles_anims$Ani_Knuckles$Walk:
(0) 2228/2AE56 :        __offsets$games.sonic4.knuckles_anims$Ani_Knuckles$Run:
(0) 2229/2AE5C :        __offsets$games.sonic4.knuckles_anims$Ani_Knuckles$Roll:
(0) 2230/2AE66 :        __offsets$games.sonic4.knuckles_anims$Ani_Knuckles$Spindash:
(0) 2231/2AE72 :        __offsets$games.sonic4.knuckles_anims$Ani_Knuckles$Push:
(0) 2232/2AE78 :        __offsets$games.sonic4.knuckles_anims$Ani_Knuckles$Wait:
(0) 2233/2AF10 :        __offsets$games.sonic4.knuckles_anims$Ani_Knuckles$Balance:
(0) 2234/2AF3A :        __offsets$games.sonic4.knuckles_anims$Ani_Knuckles$LookUp:
(0) 2235/2AF3F :        __offsets$games.sonic4.knuckles_anims$Ani_Knuckles$Duck:
(0) 2236/2AF44 :        __offsets$games.sonic4.knuckles_anims$Ani_Knuckles$Skid:
(0) 2237/2AF4B :        __offsets$games.sonic4.knuckles_anims$Ani_Knuckles$GetUp:
(0) 2238/2AF4E :        __offsets$games.sonic4.knuckles_anims$Ani_Knuckles$Fly:
(0) 2239/2AF58 :        __offsets$games.sonic4.knuckles_anims$Ani_Knuckles$FlyTired:
(0) 2240/2AF62 :        __offsets$games.sonic4.knuckles_anims$Ani_Knuckles$Glide0:
(0) 2241/2AF65 :        __offsets$games.sonic4.knuckles_anims$Ani_Knuckles$Glide1:
(0) 2242/2AF68 :        __offsets$games.sonic4.knuckles_anims$Ani_Knuckles$Glide2:
(0) 2243/2AF6B :        __offsets$games.sonic4.knuckles_anims$Ani_Knuckles$Glide3:
(0) 2244/2AF6E :        __offsets$games.sonic4.knuckles_anims$Ani_Knuckles$Glide4:
(0) 2245/2AF71 :        __offsets$games.sonic4.knuckles_anims$Ani_Knuckles$GlideFall:
(0) 2246/2AF76 :        __offsets$games.sonic4.knuckles_anims$Ani_Knuckles$Slide:
(0) 2247/2AF79 :        __offsets$games.sonic4.knuckles_anims$Ani_Knuckles$SlideGetUp:
(0) 2248/2AF7D :        __offsets$games.sonic4.knuckles_anims$Ani_Knuckles$GlideLand:
(0) 2249/2AF81 :        __offsets$games.sonic4.knuckles_anims$Ani_Knuckles$Climb:
(0) 2250/2AF84 :        __offsets$games.sonic4.knuckles_anims$Ani_Knuckles$Ledge:
(0) 2251/2AF88 :        Ani_Particle:
(0) 2252/2AF88 :        __align$games.sonic4.knuckles_anims$0:
(0) 2253/2AF8A :        __offsets$games.sonic4.particle_anims$Ani_Particle$Flash:
(0) 2254/2AF90 :        Ani_DustSpindash:
(0) 2255/2AF90 :        __align$games.sonic4.particle_anims$0:
(0) 2256/2AF92 :        __offsets$games.sonic4.dust_anims$Ani_DustSpindash$Charge:
(0) 2257/2AF9C :        Ani_DustPuff:
(0) 2258/2AF9C :        __align$games.sonic4.dust_anims$0:
(0) 2259/2AF9E :        __offsets$games.sonic4.dust_anims$Ani_DustPuff$Puff:
(0) 2260/2AFA4 :        __align$games.sonic4.dust_anims$1:
(0) 2261/2AFB0 :        Map_Tails:
(0) 2262/2CBA0 :        DPLC_Tails:
(0) 2263/2D21A :        Art_Tails:
(0) 2264/4987A :        Map_TailsAppendage:
(0) 2265/49B42 :        DPLC_TailsAppendage:
(0) 2266/49C4E :        Art_TailsAppendage:
(0) 2267/4BF0E :        Map_Knuckles:
(0) 2268/4DCB6 :        DPLC_Knuckles:
(0) 2269/4E616 :        Art_Knuckles:
(0) 2270/6E596 :        Pal_SonicTails:
(0) 2271/6E5B6 :        Pal_Knuckles:
(0) 2272/6E5E0 :        HeightMaps:
(0) 2273/6F5E0 :        HeightMapsRot:
(0) 2274/705E0 :        AngleTable:
(0) 2275/706E0 :        SolidityTable:
(0) 2276/707E0 :        Map_Sonic:
(0) 2277/72460 :        DPLC_Sonic:
(0) 2278/72DA0 :        Art_Sonic:
(0) 2279/90000 :        Dac_Temp_Blip:
(0) 2280/98000 :        Dac_Kick:
(0) 2281/98000 :        Dac_SharedBank_Start:
(0) 2282/98000 :        __align$games.sonic4.dac_banks$0:
(0) 2283/A0630 :        Song_MovingTrucks:
(0) 2284/A5550 :        SongTable:
(0) 2285/A555C :        SongPatchTable:
(0) 2286/A5570 :        Sfx_33:
(0) 2287/A5E60 :        GameState_ObjectTest_Init:
(0) 2288/A5E6A :        $games.sonic4.object_test_state$GameState_ObjectTest_Init$copy_pal:
(0) 2289/A5ECA :        $games.sonic4.object_test_state$GameState_ObjectTest_Init$spawn_emitters:
(0) 2290/A5EEC :        $games.sonic4.object_test_state$GameState_ObjectTest_Init$emitters_done:
(0) 2291/A5EFC :        EmitterPositions:
(0) 2292/A5F1C :        GameState_ObjectTest:
(0) 2293/A5F4A :        $games.sonic4.object_test_state$GameState_ObjectTest$no_peak_run:
(0) 2294/A5F6E :        $games.sonic4.object_test_state$GameState_ObjectTest$no_peak_touch:
(0) 2295/A5F92 :        $games.sonic4.object_test_state$GameState_ObjectTest$no_peak_render:
(0) 2296/A5FAC :        $games.sonic4.object_test_state$GameState_ObjectTest$no_peak_frame:
(0) 2297/A5FCA :        GameState_ObjectTestChurn_Init:
(0) 2298/A5FD4 :        $games.sonic4.object_test_state$GameState_ObjectTestChurn_Init$copy_pal:
(0) 2299/A6032 :        $games.sonic4.object_test_state$GameState_ObjectTestChurn_Init$spawn_churn:
(0) 2300/A606C :        $games.sonic4.object_test_state$GameState_ObjectTestChurn_Init$churn_done:
(0) 2301/A607C :        GameState_ObjectTestChurn:
(0) 2302/A6092 :        TestObjectList:
(0) 2303/A618C :        TestObjectList_Term:
(0) 2304/A6190 :        TestPalette:
(0) 2305/A61B0 :        ObjDef_Enemy:
(0) 2306/A61CA :        ObjDef_Parent:
(0) 2307/A61E4 :        GameState_OJZScroll_Init:
(0) 2308/A61FC :        $games.sonic4.ojz_scroll_test$GameState_OJZScroll_Init$copy_bgnd:
(0) 2309/A620E :        $games.sonic4.ojz_scroll_test$GameState_OJZScroll_Init$copy_ojz:
(0) 2310/A62BE :        $games.sonic4.ojz_scroll_test$asm3$cap_x_lo:
(0) 2311/A62C8 :        $games.sonic4.ojz_scroll_test$asm3$cap_x_hi:
(0) 2312/A62D6 :        $games.sonic4.ojz_scroll_test$asm3$cap_y_lo:
(0) 2313/A62E0 :        $games.sonic4.ojz_scroll_test$asm3$cap_y_hi:
(0) 2314/A6304 :        $games.sonic4.ojz_scroll_test$asm6$ccam_x_lo:
(0) 2315/A630E :        $games.sonic4.ojz_scroll_test$asm6$ccam_x_hi:
(0) 2316/A6322 :        $games.sonic4.ojz_scroll_test$asm6$ccam_y_lo:
(0) 2317/A632C :        $games.sonic4.ojz_scroll_test$asm6$ccam_y_hi:
(0) 2318/A6334 :        $games.sonic4.ojz_scroll_test$GameState_OJZScroll_Init$no_boot_override:
(0) 2319/A6342 :        $games.sonic4.ojz_scroll_test$asm10$wait_z80:
(0) 2320/A635C :        $games.sonic4.ojz_scroll_test$GameState_OJZScroll_Init$copy_marker:
(0) 2321/A63B6 :        $games.sonic4.ojz_scroll_test$GameState_OJZScroll_Init$init_bootat_no_parallax:
(0) 2322/A63C4 :        $games.sonic4.ojz_scroll_test$GameState_OJZScroll_Init$init_use_act_config:
(0) 2323/A63CC :        $games.sonic4.ojz_scroll_test$GameState_OJZScroll_Init$init_have_config:
(0) 2324/A63F6 :        GameState_OJZScroll_Update:
(0) 2325/A6418 :        $games.sonic4.ojz_scroll_test$GameState_OJZScroll_Update$skip_camera_update:
(0) 2326/A6438 :        $games.sonic4.ojz_scroll_test$GameState_OJZScroll_Update$no_page_audit:
(0) 2327/A6442 :        $games.sonic4.ojz_scroll_test$GameState_OJZScroll_Update$skip_entity_scan:
(0) 2328/A6458 :        $games.sonic4.ojz_scroll_test$GameState_OJZScroll_Update$skip_rings:
(0) 2329/A649A :        $games.sonic4.ojz_scroll_test$GameState_OJZScroll_Update$anchor_not_up:
(0) 2330/A64A2 :        $games.sonic4.ojz_scroll_test$GameState_OJZScroll_Update$anchor_not_down:
(0) 2331/A64CA :        $games.sonic4.ojz_scroll_test$GameState_OJZScroll_Update$anchor_lo_ok:
(0) 2332/A64CE :        $games.sonic4.ojz_scroll_test$GameState_OJZScroll_Update$anchor_pop_unclamped:
(0) 2333/A64D0 :        $games.sonic4.ojz_scroll_test$GameState_OJZScroll_Update$anchor_do_set:
(0) 2334/A64D8 :        $games.sonic4.ojz_scroll_test$GameState_OJZScroll_Update$no_anchor_nudge:
(0) 2335/A64E2 :        $games.sonic4.ojz_scroll_test$GameState_OJZScroll_Update$marker_id_ok:
(0) 2336/A6502 :        Debug_CharacterHotkey:
(0) 2337/A653C :        $games.sonic4.ojz_scroll_test$Debug_CharacterHotkey$no_wrap:
(0) 2338/A6546 :        $diag15$games.sonic4.ojz_scroll_test$raise:
(0) 2339/A6598 :        $diag15$games.sonic4.ojz_scroll_test$skip:
(0) 2340/A65BC :        $games.sonic4.ojz_scroll_test$asm16$blk_resolved:
(0) 2341/A65C8 :        $games.sonic4.ojz_scroll_test$Debug_CharacterHotkey$done:
(0) 2342/A65CA :        Debug_Warp_Consume:
(0) 2343/A65DC :        $games.sonic4.ojz_scroll_test$asm18$cap_x_lo:
(0) 2344/A65E6 :        $games.sonic4.ojz_scroll_test$asm18$cap_x_hi:
(0) 2345/A65F4 :        $games.sonic4.ojz_scroll_test$asm18$cap_y_lo:
(0) 2346/A65FE :        $games.sonic4.ojz_scroll_test$asm18$cap_y_hi:
(0) 2347/A664A :        $games.sonic4.ojz_scroll_test$asm21$ccam_x_lo:
(0) 2348/A6654 :        $games.sonic4.ojz_scroll_test$asm21$ccam_x_hi:
(0) 2349/A6668 :        $games.sonic4.ojz_scroll_test$asm21$ccam_y_lo:
(0) 2350/A6672 :        $games.sonic4.ojz_scroll_test$asm21$ccam_y_hi:
(0) 2351/A66C2 :        $games.sonic4.ojz_scroll_test$Debug_Warp_Consume$done:
(0) 2352/A66C4 :        Debug_SceneCycleHotkey:
(0) 2353/A66E8 :        $games.sonic4.ojz_scroll_test$Debug_SceneCycleHotkey$not_forward:
(0) 2354/A66F0 :        $games.sonic4.ojz_scroll_test$Debug_SceneCycleHotkey$not_back:
(0) 2355/A6702 :        $games.sonic4.ojz_scroll_test$Debug_SceneCycleHotkey$no_underflow:
(0) 2356/A670A :        $games.sonic4.ojz_scroll_test$Debug_SceneCycleHotkey$no_overflow:
(0) 2357/A6714 :        $diag25$games.sonic4.ojz_scroll_test$raise:
(0) 2358/A676E :        $diag25$games.sonic4.ojz_scroll_test$skip:
(0) 2359/A6782 :        $games.sonic4.ojz_scroll_test$Debug_SceneCycleHotkey$done:
(0) 2360/A6784 :        $games.sonic4.ojz_scroll_test$Debug_SceneCycleHotkey$scene_table:
(0) 2361/A67D4 :        Debug_BandDemoHotkey:
(0) 2362/A6806 :        $diag27$games.sonic4.ojz_scroll_test$raise:
(0) 2363/A6860 :        $diag27$games.sonic4.ojz_scroll_test$skip:
(0) 2364/A686E :        $games.sonic4.ojz_scroll_test$Debug_BandDemoHotkey$no_wrap:
(0) 2365/A6880 :        $games.sonic4.ojz_scroll_test$Debug_BandDemoHotkey$not_on:
(0) 2366/A6890 :        $games.sonic4.ojz_scroll_test$Debug_BandDemoHotkey$done:
(0) 2367/A6892 :        $games.sonic4.ojz_scroll_test$Debug_BandDemoHotkey$raster_table:
(0) 2368/A689A :        OJZ_SectionMarkerColors:
(0) 2369/A68AC :        PlayerMarkerTile:
(0) 2370/A692C :        TestArt:
(0) 2371/A69AC :        TestArt_Square2:
(0) 2372/A6A2C :        TestArt_Ring:
(0) 2373/A6C30 :        Replay_OJZ_Fixture:
(0) 2374/A6C30 :        __align$games.sonic4.replay_fixture$0:
(0) 2375/A6D40 :        Replay_OJZ_Slide_Fixture:
(0) 2376/A6D40 :        __align$games.sonic4.replay_fixture$1:
(0) 2377/A6E90 :        BusError:
(0) 2378/A6EA8 :        AddressError:
(0) 2379/A6EC4 :        IllegalInstr:
(0) 2380/A6EE6 :        ZeroDivide:
(0) 2381/A6F00 :        ChkInstr:
(0) 2382/A6F1E :        TrapvInstr:
(0) 2383/A6F3E :        PrivilegeViol:
(0) 2384/A6F60 :        Trace:
(0) 2385/A6F74 :        Line1010Emu:
(0) 2386/A6F94 :        Line1111Emu:
(0) 2387/A6FB4 :        ErrorExcept:
(0) 2388/A6FD2 :        ErrorTrap:
(0) 2389/A6FEA :        ErrorHandlerBlob:
(0) 2390/A7F40 :        EndOfRom:
(0) 2391/FFFF0000 :        Tile_Cache_Nametable:
(0) 2392/FFFF2580 :        Tile_Cache_Collision:
(0) 2393/FFFF3842 :        Block_Stage_Buffers:
(0) 2394/FFFF6842 :        Block_Stage_Bucket:
(0) 2395/FFFF6942 :        Block_Stage_Chain:
(0) 2396/FFFF6982 :        Cache_Spec_Gen_Ring:
(0) 2397/FFFF6992 :        Cache_Spec_Window:
(0) 2398/FFFF6994 :        Cache_Spec_Blocked:
(0) 2399/FFFF6996 :        Cache_Spec_Skips:
(0) 2400/FFFF6998 :        Pfx_Memo_Mask:
(0) 2401/FFFF699A :        Cs_Memo_Mask:
(0) 2402/FFFF699C :        Page_Table:
(0) 2403/FFFF6A9C :        Page_Frames:
(0) 2404/FFFF6B14 :        Page_Queued_Bits:
(0) 2405/FFFF6B34 :        Art_Staging_Buffer:
(0) 2406/FFFF7334 :        Lower_RAM_End:
(0) 2407/FFFF8000 :        RAM_Start:
(0) 2408/FFFF8000 :        VBlank_Flag:
(0) 2409/FFFF8002 :        Frame_Counter:
(0) 2410/FFFF8004 :        Logic_Tick:
(0) 2411/FFFF8008 :        Game_State:
(0) 2412/FFFF800C :        Game_State_ID:
(0) 2413/FFFF800D :        Game_State_Init:
(0) 2414/FFFF800E :        VDP_Shadow_Table:
(0) 2415/FFFF8026 :        Hardware_Region:
(0) 2416/FFFF8027 :        Region_Flags:
(0) 2417/FFFF8028 :        Ctrl_1_Held:
(0) 2418/FFFF8029 :        Ctrl_1_Press:
(0) 2419/FFFF802A :        Ctrl_2_Held:
(0) 2420/FFFF802B :        Ctrl_2_Press:
(0) 2421/FFFF802C :        Ctrl_1_Press_Accum:
(0) 2422/FFFF802D :        Ctrl_2_Press_Accum:
(0) 2423/FFFF802E :        Ctrl_1_Ext_Held:
(0) 2424/FFFF802F :        Ctrl_1_Ext_Press:
(0) 2425/FFFF8030 :        Ctrl_2_Ext_Held:
(0) 2426/FFFF8031 :        Ctrl_2_Ext_Press:
(0) 2427/FFFF8032 :        Ctrl_1_Ext_Press_Accum:
(0) 2428/FFFF8033 :        Ctrl_2_Ext_Press_Accum:
(0) 2429/FFFF8034 :        Pad_1_Type:
(0) 2430/FFFF8035 :        Pad_2_Type:
(0) 2431/FFFF8036 :        Input_Source:
(0) 2432/FFFF8037 :        Replay_Exit_Request:
(0) 2433/FFFF8038 :        Replay_Done:
(0) 2434/FFFF8039 :        Replay_Hold:
(0) 2435/FFFF803A :        Replay_Prev:
(0) 2436/FFFF803C :        Replay_Ptr:
(0) 2437/FFFF8040 :        RNG_Seed:
(0) 2438/FFFF8044 :        VInt_Ptr:
(0) 2439/FFFF8048 :        VBlank_Ready:
(0) 2440/FFFF804A :        DMA_Critical:
(0) 2441/FFFF804A :        DMA_Queue:
(0) 2442/FFFF80BA :        DMA_Critical_End:
(0) 2443/FFFF80BA :        DMA_Important:
(0) 2444/FFFF8162 :        DMA_Deferrable:
(0) 2445/FFFF8162 :        DMA_Important_End:
(0) 2446/FFFF820A :        DMA_Critical_Slot:
(0) 2447/FFFF820A :        DMA_Deferrable_End:
(0) 2448/FFFF820A :        DMA_Queue_End:
(0) 2449/FFFF820C :        DMA_Important_Slot:
(0) 2450/FFFF820E :        DMA_Deferrable_Slot:
(0) 2451/FFFF8210 :        DMA_Budget_Default:
(0) 2452/FFFF8212 :        DMA_Budget_Remaining:
(0) 2453/FFFF8214 :        DMA_Enq_Bytes_Frame:
(0) 2454/FFFF8216 :        Palette_Buffer:
(0) 2455/FFFF8296 :        Palette_Dirty:
(0) 2456/FFFF8298 :        Sprite_Table_Buffer:
(0) 2457/FFFF8518 :        Sprite_Table_Dirty:
(0) 2458/FFFF8519 :        Sprite_Emit_Active:
(0) 2459/FFFF851A :        Hscroll_Buffer:
(0) 2460/FFFF889C :        Vscroll_Factor:
(0) 2461/FFFF88A0 :        Parallax_Deform_Phase_FG:
(0) 2462/FFFF88A0 :        Parallax_State:
(0) 2463/FFFF88A2 :        Parallax_Deform_Phase_BG:
(0) 2464/FFFF88A4 :        Parallax_V_Deform_Phase_BG:
(0) 2465/FFFF88A6 :        Parallax_Current_Scroll_A:
(0) 2466/FFFF88C6 :        Parallax_Current_Scroll_B:
(0) 2467/FFFF88E6 :        Parallax_Current_Vscroll_BG:
(0) 2468/FFFF88E8 :        Parallax_Current_Config:
(0) 2469/FFFF88EC :        Parallax_Target_Config:
(0) 2470/FFFF88F0 :        Parallax_Transition_Frames:
(0) 2471/FFFF88F1 :        Parallax_Snap_Pending:
(0) 2472/FFFF88F2 :        Parallax_Prev_Sec_X:
(0) 2473/FFFF88F3 :        Parallax_Prev_Sec_Y:
(0) 2474/FFFF88F4 :        Parallax_Vscroll_Column_Buf:
(0) 2475/FFFF8944 :        Parallax_Curve_Carry:
(0) 2476/FFFF8944 :        Parallax_Drift_Acc:
(0) 2477/FFFF8948 :        Parallax_Shadow_Bands:
(0) 2478/FFFF8A88 :        Parallax_Shadow_Scroll_A:
(0) 2479/FFFF8AA8 :        Parallax_Shadow_Scroll_B:
(0) 2480/FFFF8AC8 :        Parallax_State_End:
(0) 2481/FFFF8AC8 :        Raster_Program:
(0) 2482/FFFF8AC8 :        Raster_State:
(0) 2483/FFFF8ACC :        Raster_Cursor:
(0) 2484/FFFF8AD0 :        Raster_Pending:
(0) 2485/FFFF8AD4 :        Raster_Line:
(0) 2486/FFFF8AD6 :        Raster_Buf_A:
(0) 2487/FFFF8B56 :        Raster_Buf_B:
(0) 2488/FFFF8BD6 :        Raster_Active_Buf:
(0) 2489/FFFF8BDA :        Raster_Dense_Lines:
(0) 2490/FFFF8BDC :        Raster_Dense_Cursor:
(0) 2491/FFFF8BE0 :        Raster_Dense_Cmd:
(0) 2492/FFFF8BE4 :        Raster_Dense_Mode:
(0) 2493/FFFF8BE6 :        Raster_Ramp_Acc:
(0) 2494/FFFF8BEA :        Raster_Ramp_Step:
(0) 2495/FFFF8BEE :        Effects_World_Y:
(0) 2496/FFFF8BF6 :        Effects_Screen_L:
(0) 2497/FFFF8BFE :        Effects_Offscreen_Entry:
(0) 2498/FFFF8C02 :        Raster_Patch_Tab:
(0) 2499/FFFF8C06 :        Pal_Base:
(0) 2500/FFFF8C06 :        Palette_State:
(0) 2501/FFFF8C06 :        Raster_State_End:
(0) 2502/FFFF8C66 :        Pal_Target:
(0) 2503/FFFF8CC6 :        Pal_Variant_Stage:
(0) 2504/FFFF8DC6 :        Pal_Variant_Ptr:
(0) 2505/FFFF8DCE :        Pal_Cycle_Script:
(0) 2506/FFFF8DD2 :        Pal_Cycle_Timers:
(0) 2507/FFFF8DD6 :        Pal_Fade_Frames:
(0) 2508/FFFF8DD7 :        Pal_Op:
(0) 2509/FFFF8DD8 :        Pal_Op_Step:
(0) 2510/FFFF8DD9 :        Pal_Op_Timer:
(0) 2511/FFFF8DDA :        Pal_Active:
(0) 2512/FFFF8DDB :        Pal_Base_Dirty:
(0) 2513/FFFF8DDC :        Pal_Compose_Lines:
(0) 2514/FFFF8DDD :        Pal_Fade_Request:
(0) 2515/FFFF8DDE :        BgAnim_LastStep:
(0) 2516/FFFF8DDE :        Palette_State_End:
(0) 2517/FFFF8DE6 :        Static_Pal_Line0:
(0) 2518/FFFF8DF4 :        Static_Pal_Line1:
(0) 2519/FFFF8E02 :        Static_Pal_Line2:
(0) 2520/FFFF8E10 :        Static_Pal_Ship:
(0) 2521/FFFF8E1E :        Static_Pal_Line3:
(0) 2522/FFFF8E2C :        Static_Sprite_DMA:
(0) 2523/FFFF8E3A :        Static_Hscroll_Line:
(0) 2524/FFFF8E48 :        DMA_Bytes_ThisFrame:
(0) 2525/FFFF8E4A :        DMA_Peak_Critical:
(0) 2526/FFFF8E4C :        DMA_Peak_Important:
(0) 2527/FFFF8E4E :        DMA_Peak_Deferrable:
(0) 2528/FFFF8E50 :        DMA_Overflow_Count:
(0) 2529/FFFF8E52 :        Dbg_DMA_Enq_Capped:
(0) 2530/FFFF8E54 :        Lag_Frame_Count:
(0) 2531/FFFF8E58 :        Prof_RunObjects:
(0) 2532/FFFF8E5A :        Prof_TouchResponse:
(0) 2533/FFFF8E5C :        Prof_RenderSprites:
(0) 2534/FFFF8E5E :        Prof_FrameTotal:
(0) 2535/FFFF8E60 :        Prof_Peak_RunObjects:
(0) 2536/FFFF8E62 :        Prof_Peak_Touch:
(0) 2537/FFFF8E64 :        Prof_Peak_Render:
(0) 2538/FFFF8E66 :        Prof_Peak_Frame:
(0) 2539/FFFF8E68 :        Prof_Dynamic_Used:
(0) 2540/FFFF8E6A :        Prof_Effect_Used:
(0) 2541/FFFF8E6C :        Debug_Scene_Freeze:
(0) 2542/FFFF8E6E :        Dbg_PageIn_Preempts:
(0) 2543/FFFF8E70 :        Dbg_PageIn_Flushes:
(0) 2544/FFFF8E72 :        Dbg_PageIn_Resumes:
(0) 2545/FFFF8E74 :        Dbg_PageCache_Demands:
(0) 2546/FFFF8E76 :        Dbg_PageCache_Prefetches:
(0) 2547/FFFF8E78 :        Dbg_PageIn_PfxSkips:
(0) 2548/FFFF8E7A :        Dbg_PageIn_Deferred:
(0) 2549/FFFF8E7C :        Dbg_Cam_Clamp_Frames:
(0) 2550/FFFF8E7E :        Dbg_PageIn_BaseCorrupt:
(0) 2551/FFFF8E80 :        Cache_Stall_Watchdog:
(0) 2552/FFFF8E82 :        Page_Audit_Ticks:
(0) 2553/FFFF8E84 :        Page_Audit_Scratch:
(0) 2554/FFFF8EA2 :        Page_Audit_Snapshot:
(0) 2555/FFFF8ED6 :        Object_RAM:
(0) 2556/FFFF8ED6 :        Player_1:
(0) 2557/FFFF8F26 :        Player_2:
(0) 2558/FFFF8F76 :        Dynamic_Slots:
(0) 2559/FFFF9BF6 :        System_Slots:
(0) 2560/FFFF9E76 :        Effect_Slots:
(0) 2561/FFFFA376 :        Dynamic_Free_Stack:
(0) 2562/FFFFA376 :        Object_RAM_End:
(0) 2563/FFFFA3C6 :        Dynamic_Free_SP:
(0) 2564/FFFFA3C8 :        Effect_Free_Stack:
(0) 2565/FFFFA3E8 :        Effect_Free_SP:
(0) 2566/FFFFA3EA :        Sprite_Bands:
(0) 2567/FFFFA5EA :        Sprite_Band_Counts:
(0) 2568/FFFFA5F2 :        Sprites_Rendered:
(0) 2569/FFFFA5F4 :        Sprite_Cycle_Counter:
(0) 2570/FFFFA5F6 :        SpriteMask_Y:
(0) 2571/FFFFA5F8 :        SpriteMask_Height:
(0) 2572/FFFFA5FA :        SpriteMask_After_Band:
(0) 2573/FFFFA5FC :        Scanline_Band_Sprites:
(0) 2574/FFFFA604 :        Camera_X:
(0) 2575/FFFFA608 :        Camera_Y:
(0) 2576/FFFFA60C :        Camera_X_Biased:
(0) 2577/FFFFA60E :        Camera_Y_Biased:
(0) 2578/FFFFA610 :        Game_Paused:
(0) 2579/FFFFA612 :        Plane_Buffer:
(0) 2580/FFFFAC12 :        Plane_Buffer_Ptr:
(0) 2581/FFFFAC14 :        Pos_table:
(0) 2582/FFFFAD14 :        H_scroll_frame_offset:
(0) 2583/FFFFAD16 :        Camera_Deadzone_Base:
(0) 2584/FFFFAD18 :        Camera_Lookahead:
(0) 2585/FFFFAD1A :        Camera_Pan_Offset:
(0) 2586/FFFFAD1C :        Camera_X_Max:
(0) 2587/FFFFAD1E :        Camera_Y_Max:
(0) 2588/FFFFAD20 :        Camera_Target:
(0) 2589/FFFFAD22 :        Camera_Curl_Offset:
(0) 2590/FFFFAD24 :        Camera_Hold_Frames:
(0) 2591/FFFFAD25 :        Camera_Art_Hold:
(0) 2592/FFFFAD26 :        Cache_Left_Col:
(0) 2593/FFFFAD28 :        Cache_Head_Col:
(0) 2594/FFFFAD2A :        Cache_Top_Row:
(0) 2595/FFFFAD2C :        Cache_Bottom_Row:
(0) 2596/FFFFAD2E :        Cache_Origin_Col:
(0) 2597/FFFFAD30 :        Cache_Origin_Row:
(0) 2598/FFFFAD32 :        Cache_Fill_Last_Frame:
(0) 2599/FFFFAD34 :        Cache_Fill_Resume_Col:
(0) 2600/FFFFAD36 :        Cache_Fill_Resume_Row:
(0) 2601/FFFFAD38 :        Cache_Art_Stall:
(0) 2602/FFFFAD3A :        Page_Free_Head:
(0) 2603/FFFFAD3C :        Cache_Fill_Budget:
(0) 2604/FFFFAD3E :        Cache_Fill_RowResume_Row:
(0) 2605/FFFFAD40 :        Cache_Fill_RowResume_Col:
(0) 2606/FFFFAD42 :        Cache_Fill_Rows_Left:
(0) 2607/FFFFAD44 :        Cache_Prev_Cam_Row:
(0) 2608/FFFFAD46 :        Cache_Prev_Cam_X:
(0) 2609/FFFFAD48 :        Cache_H_Pfx_Dir:
(0) 2610/FFFFAD4A :        Cache_H_Pfx_Accum:
(0) 2611/FFFFAD4C :        Cache_Pfx_Row_Target:
(0) 2612/FFFFAD4E :        Cache_Pfx_Col_Target:
(0) 2613/FFFFAD50 :        Cache_Pfx_Skip_Armed:
(0) 2614/FFFFAD52 :        Cache_Pfx_Lag_Flag:
(0) 2615/FFFFAD54 :        Block_Stage_Keys:
(0) 2616/FFFFAD94 :        Block_Stage_Next:
(0) 2617/FFFFAD96 :        Section_Top_Row_Written:
(0) 2618/FFFFAD98 :        Section_Bottom_Row_Written:
(0) 2619/FFFFAD9A :        Section_Plane_Dirty:
(0) 2620/FFFFAD9C :        Section_Right_Col_Written:
(0) 2621/FFFFAD9E :        Section_Left_Col_Written:
(0) 2622/FFFFADA0 :        Section_Fwd_Neighbor_Data:
(0) 2623/FFFFADA4 :        Section_Bwd_Neighbor_Data:
(0) 2624/FFFFADA8 :        Tile_Override_Table:
(0) 2625/FFFFAE08 :        Ring_Buffer:
(0) 2626/FFFFB108 :        Ring_Count:
(0) 2627/FFFFB109 :        Ring_HighWater:
(0) 2628/FFFFB10A :        Ring_Add_Dropped:
(0) 2629/FFFFB10C :        Entity_Scan_State:
(0) 2630/FFFFB174 :        Ring_Counter:
(0) 2631/FFFFB176 :        Ring_Anim_Frame:
(0) 2632/FFFFB177 :        Ring_Anim_Timer:
(0) 2633/FFFFB178 :        Entity_Window_Active:
(0) 2634/FFFFB179 :        Entity_Window_Center_ID:
(0) 2635/FFFFB17A :        Entity_Window_Anchor:
(0) 2636/FFFFB17C :        Entity_Window_OriginX:
(0) 2637/FFFFB17E :        Entity_Window_OriginY:
(0) 2638/FFFFB180 :        Entity_Loaded_Masks:
(0) 2639/FFFFB200 :        Entity_Mask_Scratch:
(0) 2640/FFFFB284 :        Camera_Y_Coarse_Prev:
(0) 2641/FFFFB286 :        Ring_Collected_Window:
(0) 2642/FFFFB3BA :        Ring_Collected_Park:
(0) 2643/FFFFB43E :        Collected_Park_Next:
(0) 2644/FFFFB440 :        Current_Act_Ptr:
(0) 2645/FFFFB444 :        Ring_Sfx_Speaker:
(0) 2646/FFFFB446 :        Sfx_Ring_Buf:
(0) 2647/FFFFB44E :        Sfx_Ring_Wr:
(0) 2648/FFFFB44F :        Sfx_Ring_Rd:
(0) 2649/FFFFB450 :        Sound_Dbg_Mirror:
(0) 2650/FFFFB500 :        Dynamic_Live:
(0) 2651/FFFFB550 :        Dynamic_Live_Count:
(0) 2652/FFFFB552 :        Dynamic_Live_Dirty:
(0) 2653/FFFFB553 :        Dynamic_Live_Walking:
(0) 2654/FFFFB554 :        Dynamic_Live_Pending:
(0) 2655/FFFFB564 :        Dynamic_Live_Pending_Count:
(0) 2656/FFFFB566 :        Block_Stage_Gen:
(0) 2657/FFFFB568 :        Pfx_Memo_Row:
(0) 2658/FFFFB56A :        Pfx_Memo_L16:
(0) 2659/FFFFB56C :        Pfx_Memo_H16:
(0) 2660/FFFFB56E :        Pfx_Memo_Gen:
(0) 2661/FFFFB570 :        Cs_Memo_Col:
(0) 2662/FFFFB572 :        Cs_Memo_T16:
(0) 2663/FFFFB574 :        Cs_Memo_B16:
(0) 2664/FFFFB576 :        Cs_Memo_Gen:
(0) 2665/FFFFB578 :        HBlank_Vector_Slot:
(0) 2666/FFFFB57E :        Block_Stage_Ptrs:
(0) 2667/FFFFB5BE :        Block_Stage_Maps:
(0) 2668/FFFFB5FE :        Cache_Cur_LocalMap:
(0) 2669/FFFFB602 :        Block_Stage_ZeroPage:
(0) 2670/FFFFB902 :        PageIn_Saved_D0:
(0) 2671/FFFFB906 :        PageIn_Saved_D1:
(0) 2672/FFFFB90A :        PageIn_Saved_D2:
(0) 2673/FFFFB90E :        PageIn_Saved_A0:
(0) 2674/FFFFB912 :        PageIn_Saved_A1:
(0) 2675/FFFFB916 :        PageIn_Saved_A2:
(0) 2676/FFFFB91A :        PageIn_Saved_A3:
(0) 2677/FFFFB91E :        PageIn_Saved_PC:
(0) 2678/FFFFB922 :        PageIn_Saved_SR:
(0) 2679/FFFFB924 :        PageIn_InFlight:
(0) 2680/FFFFB925 :        PageIn_Suspended:
(0) 2681/FFFFB926 :        PageIn_Staging_Busy:
(0) 2682/FFFFB927 :        PageIn_Land_Pending:
(0) 2683/FFFFB928 :        PageIn_Queue_Count:
(0) 2684/FFFFB929 :        PageIn_Cur_Flags:
(0) 2685/FFFFB92A :        PageIn_Queue:
(0) 2686/FFFFB94A :        PageIn_Cur_Dest:
(0) 2687/FFFFB94C :        PageIn_Cur_Bytes:
(0) 2688/FFFFB94E :        PageIn_Cur_Page:
(0) 2689/FFFFB950 :        PageIn_Cur_Frame:
(0) 2690/FFFFB951 :        PageIn_Bulk_Drain:
(0) 2691/FFFFB952 :        PageIn_Pool_Table:
(0) 2692/FFFFB956 :        PageIn_Pool_Pages:
(0) 2693/FFFFB958 :        PageIn_Fully_Resident:
(0) 2694/FFFFB959 :        PageCache_Direct_Map:
(0) 2695/FFFFB95A :        PageIn_Last_Frame:
(0) 2696/FFFFB95C :        PageIn_Prev_Lagged:
(0) 2697/FFFFB95E :        PageIn_Pfx_Skip_Armed:
(0) 2698/FFFFB960 :        Page_Pfx_Budget:
(0) 2699/FFFFB962 :        Act_Art_Budget:
(0) 2700/FFFFB964 :        Art_Budget_Remaining:
(0) 2701/FFFFB966 :        Ctrl_1_Held_Raw:
(0) 2702/FFFFB967 :        Ctrl_2_Held_Raw:
(0) 2703/FFFFB968 :        Ctrl_1_Ext_Held_Raw:
(0) 2704/FFFFB969 :        Ctrl_2_Ext_Held_Raw:
(0) 2705/FFFFB96A :        Palette_Ship_Snap:
(0) 2706/FFFFB9EA :        Replay_Record_Idx:
(0) 2707/FFFFB9EC :        Replay_Check_Idx:
(0) 2708/FFFFB9EE :        Replay_Record_Buf:
(0) 2709/FFFFD9EE :        Replay_Check_Log:
(0) 2710/FFFFE1EE :        Sprite_Owner:
(0) 2711/FFFFE28E :        Dbg_Music_On:
(0) 2712/FFFFE28E :        Engine_RAM_End:
(0) 2713/FFFFE290 :        Dbg_Sfx_Sel:
(0) 2714/FFFFE292 :        Cheat_Flags:
(0) 2715/FFFFE294 :        Character_ID:
(0) 2716/FFFFE296 :        Player_Chardef:
(0) 2717/FFFFE29A :        Player_Blocks:
(0) 2718/FFFFE2C2 :        Player_Death_Pending:
(0) 2719/FFFFE2C4 :        Player_Bound_Right:
(0) 2720/FFFFE2C6 :        Player_Bound_Bottom:
(0) 2721/FFFFE400 :        Player_Pos_Ring:
(0) 2722/FFFFE500 :        Player_Stat_Ring:
(0) 2723/FFFFE600 :        Player_Ring_Index:
(0) 2724/FFFFE602 :        Warp_Req_X:
(0) 2725/FFFFE604 :        Warp_Req_Y:
(0) 2726/FFFFE606 :        Warp_Req_Flag:
(0) 2727/FFFFE608 :        Boot_At_X:
(0) 2728/FFFFE60A :        Boot_At_Y:
(0) 2729/FFFFE60C :        Boot_At_Flag:
(0) 2730/FFFFE60D :        Debug_Scene_Index:
(0) 2731/FFFFE60E :        Debug_Raster_Index:
(0) 2732/FFFFE610 :        Game_RAM_End:
  Symbol Table (* = unused):
  --------------------------

 Vectors : 0 C |
 GameHeader : 100 C |
 Checksum : 18E C |
 _header_tail : 190 C |
 EntryPoint : 200 C |
 $engine.boot$EntryPoint$wait_dma : 214 C |
 $engine.boot$EntryPoint$warm_boot : 214 C |
 $engine.boot$EntryPoint$cold_boot : 220 C |
 $engine.boot$EntryPoint$no_tmss : 236 C |
 $engine.boot$EntryPoint$vdp_loop : 24A C |
 $engine.boot$EntryPoint$wait_z80 : 264 C |
 $engine.boot$EntryPoint$load_z80 : 26C C |
 $engine.boot$EntryPoint$ym_delay : 276 C |
 $engine.boot$EntryPoint$clear_ram : 282 C |
 $engine.boot$EntryPoint$wait_fill : 288 C |
 $engine.boot$EntryPoint$silence_psg : 296 C |
 $engine.boot$EntryPoint$clear_cram : 2A4 C |
 $engine.boot$EntryPoint$clear_vsram : 2AE C |
 $engine.boot$asm1$wait_z80 : 2BC C |
 $engine.boot$EntryPoint$keyoff_part1 : 2D2 C |
 $engine.boot$EntryPoint$keyoff_part2 : 2DE C |
 $engine.boot$EntryPoint$pal : 332 C |
 $engine.boot$EntryPoint$region_done : 338 C |
 BootData : 3A0 C |
 BootData_VDPRegs : 3BA C |
 Z80_Sound_Start : 3D6 C |
 Z80_Sound_End : 1C6C C |
 __align$engine.boot_data$0 : 1C6C C |
 BootData_PostBlob : 1C70 C |
 BootData_End : 1C7E C |
 VDP_Shadow_Init : 1C7E C |
 $engine.vdp_init$VDP_Shadow_Init$copy : 1C88 C |
 Flush_VDP_Shadow : 1C90 C |
 $engine.vdp_init$Flush_VDP_Shadow$loop : 1CA0 C |
 Set_VDP_Reg : 1CAE C |
 $diag3$engine.vdp_init$raise : 1CB8 C |
 $diag3$engine.vdp_init$skip : 1D02 C |
 Init_DMA_Queue : 1D10 C |
 QueueDMA_Critical : 1E2E C |
 QueueDMA_Important : 1E38 C |
 QueueDMA_Deferrable : 1E42 C |
 QueueDMA_Deferrable.transfer : 1E4A C |
 $engine.dma_queue$QueueDMA_Deferrable$finish_entry : 1E80 C |
 $engine.dma_queue$QueueDMA_Deferrable$full : 1EA0 C |
 $engine.dma_queue$QueueDMA_Deferrable$byte_capped : 1EAC C |
 $engine.dma_queue$QueueDMA_Deferrable$split : 1EB8 C |
 $engine.dma_queue$QueueDMA_Deferrable$split_reject : 1F02 C |
 Process_DMA_Critical : 1F14 C |
 $engine.dma_queue$Process_DMA_Critical$jump_table : 1F20 C |
 $engine.dma_queue$Process_DMA_Critical$slot_0 : 1F20 C |
 $engine.dma_queue$Process_DMA_Critical$slot_1 : 1F2E C |
 $engine.dma_queue$Process_DMA_Critical$slot_2 : 1F3C C |
 $engine.dma_queue$Process_DMA_Critical$slot_3 : 1F4A C |
 $engine.dma_queue$Process_DMA_Critical$slot_4 : 1F58 C |
 $engine.dma_queue$Process_DMA_Critical$slot_5 : 1F66 C |
 $engine.dma_queue$Process_DMA_Critical$slot_6 : 1F74 C |
 $engine.dma_queue$Process_DMA_Critical$slot_7 : 1F82 C |
 $engine.dma_queue$Process_DMA_Critical$slot_8 : 1F90 C |
 $engine.dma_queue$Process_DMA_Critical$drain_8 : 1F9A C |
 $engine.dma_queue$Process_DMA_Critical$drain_7 : 1FA2 C |
 $engine.dma_queue$Process_DMA_Critical$drain_6 : 1FAA C |
 $engine.dma_queue$Process_DMA_Critical$drain_5 : 1FB2 C |
 $engine.dma_queue$Process_DMA_Critical$drain_4 : 1FBA C |
 $engine.dma_queue$Process_DMA_Critical$drain_3 : 1FC2 C |
 $engine.dma_queue$Process_DMA_Critical$drain_2 : 1FCA C |
 $engine.dma_queue$Process_DMA_Critical$drain_1 : 1FD2 C |
 $engine.dma_queue$Process_DMA_Critical$done : 1FE0 C |
 Process_DMA_Important : 1FE2 C |
 $engine.dma_queue$Process_DMA_Important$done : 1FF4 C |
 Process_DMA_Deferrable : 1FF6 C |
 $engine.dma_queue$Process_DMA_Deferrable$done : 2008 C |
 Drain_Budgeted_Queue : 200A C |
 $engine.dma_queue$Drain_Budgeted_Queue$loop : 2012 C |
 $engine.dma_queue$Drain_Budgeted_Queue$out_of_budget : 2034 C |
 $engine.dma_queue$Drain_Budgeted_Queue$compact : 2038 C |
 $engine.dma_queue$Drain_Budgeted_Queue$no_drain : 2046 C |
 Init_SpriteTable : 2048 C |
 $engine.buffers$Init_SpriteTable$loop : 2052 C |
 BuildStaticDMA : 206A C |
 Build_DMA_Entry : 20F8 C |
 PlaneMapToVRAM : 210C C |
 $engine.buffers$PlaneMapToVRAM$row : 211C C |
 $engine.buffers$PlaneMapToVRAM$cell : 2120 C |
 Enqueue_Dirty_Buffers : 212E C |
 $engine.buffers$asm5$drop : 215C C |
 $engine.buffers$asm5$done : 2160 C |
 $engine.buffers$Enqueue_Dirty_Buffers$skip_pal0 : 2180 C |
 $engine.buffers$asm6$drop : 21A6 C |
 $engine.buffers$asm6$done : 21AA C |
 $engine.buffers$Enqueue_Dirty_Buffers$skip_pal1 : 21CA C |
 $engine.buffers$asm7$drop : 21F0 C |
 $engine.buffers$asm7$done : 21F4 C |
 $engine.buffers$Enqueue_Dirty_Buffers$skip_pal2 : 2214 C |
 $engine.buffers$asm8$drop : 223A C |
 $engine.buffers$asm8$done : 223E C |
 $engine.buffers$Enqueue_Dirty_Buffers$no_pal : 225E C |
 $engine.buffers$Enqueue_Dirty_Buffers$skip_pal3 : 225E C |
 $engine.buffers$Enqueue_Dirty_Buffers$ship_reg : 2290 C |
 $engine.buffers$Enqueue_Dirty_Buffers$ship_dma : 229A C |
 $engine.buffers$asm9$drop : 22BA C |
 $engine.buffers$Enqueue_Dirty_Buffers$no_ship : 22BE C |
 $engine.buffers$asm9$done : 22BE C |
 $engine.buffers$asm10$drop : 22EA C |
 $engine.buffers$asm10$done : 22EE C |
 $engine.buffers$Enqueue_Dirty_Buffers$no_spr : 22F4 C |
 $engine.buffers$asm11$drop : 231A C |
 $engine.buffers$Enqueue_Dirty_Buffers$hs_done : 231E C |
 $engine.buffers$asm11$done : 231E C |
 VBlank_Handler : 2320 C |
 $engine.vblank$VBlank_Handler$no_bookmark : 234E C |
 $engine.vblank$VBlank_Handler$lag : 235C C |
 $engine.vblank$VBlank_Handler$done : 2360 C |
 VInt_Level : 236C C |
 $engine.vblank$asm2$wait_z80 : 2374 C |
 $engine.vblank$VInt_Level$charge_critical : 23BA C |
 $engine.vblank$VInt_Level$charged_critical : 23CC C |
 $engine.vblank$VInt_Level$budget_floored : 23DC C |
 $engine.vblank$VInt_Level$staging_idle : 23FC C |
 $engine.vblank$asm4$wait_z80 : 2408 C |
 VInt_Lag : 2472 C |
 $engine.vblank$asm7$wait_z80 : 247A C |
 $engine.vblank$asm9$wait_z80 : 24B0 C |
 VSync_Wait : 24DE C |
 $engine.vblank$VSync_Wait$wait : 24F8 C |
 HBlank_Install : 2510 C |
 HBlank_Uninstall : 252C C |
 Read_Controllers : 2540 C |
 $engine.controllers$asm1$wait_z80 : 2548 C |
 $engine.controllers$Read_Controllers$read_pad_6 : 25B4 C |
 $engine.controllers$Read_Controllers$socd_lr_ok : 261C C |
 $engine.controllers$Read_Controllers$socd_ud_ok : 262C C |
 $engine.controllers$Read_Controllers$three_button : 264A C |
 GameLoop : 2650 C |
 GameState_Idle : 266C C |
 Input_Tick : 2674 C |
 $engine.replay$Input_Tick$live : 2684 C |
 $engine.replay$Input_Tick$playback : 2686 C |
 $engine.replay$Input_Tick$no_exit : 2692 C |
 $engine.replay$Input_Tick$fetch : 2698 C |
 $engine.replay$Input_Tick$fetch_a0 : 269C C |
 $engine.replay$Input_Tick$pair : 26C2 C |
 $engine.replay$Input_Tick$hold : 26CC C |
 $engine.replay$Input_Tick$apply : 26D4 C |
 $engine.replay$Input_Tick$end : 26EA C |
 $engine.replay$Input_Tick$bad_stream : 26F4 C |
 $engine.replay$Input_Tick$desync : 2714 C |
 $engine.replay$Input_Tick$record : 2734 C |
 $engine.replay$Input_Tick$rec_store : 276C C |
 $engine.replay$Input_Tick$rec_stop : 2788 C |
 $engine.replay$Input_Tick$rec_ret : 2790 C |
 Replay_Hash : 2792 C |
 $engine.replay$Replay_Hash$hash_next : 2798 C |
 $engine.replay$Replay_Hash$hash_fold : 27A0 C |
 $engine.replay$Replay_Hash$hash_wtail : 27AA C |
 $engine.replay$Replay_Hash$int_fold : 27D4 C |
 $engine.replay$Replay_Hash$hash_table : 280A C |
 S4LZ_DecompressDict : 2870 C |
 $diag1$engine.s4lz$raise : 287E C |
 $diag1$engine.s4lz$skip : 28C2 C |
 S4LZ_Decompress : 28C8 C |
 $diag3$engine.s4lz$raise : 28DA C |
 $diag3$engine.s4lz$skip : 2926 C |
 $engine.s4lz$S4LZ_Decompress$token_loop : 292A C |
 $engine.s4lz$S4LZ_Decompress$lit_end : 2966 C |
 $engine.s4lz$S4LZ_Decompress$no_literals : 2966 C |
 $engine.s4lz$S4LZ_Decompress$offmark_zero : 2976 C |
 $engine.s4lz$S4LZ_Decompress$have_offset : 2980 C |
 $diag4$engine.s4lz$raise : 2994 C |
 $diag4$engine.s4lz$skip : 29DC C |
 $engine.s4lz$S4LZ_Decompress$src_in_dest : 29E0 C |
 $engine.s4lz$S4LZ_Decompress$match_end : 2A0A C |
 $engine.s4lz$S4LZ_Decompress$lit_extended : 2A0E C |
 $engine.s4lz$S4LZ_Decompress$lit_dbf_loop : 2A12 C |
 $engine.s4lz$S4LZ_Decompress$match_extended : 2A1C C |
 $engine.s4lz$S4LZ_Decompress$match_dbf_loop : 2A20 C |
 $engine.s4lz$S4LZ_Decompress$stream_done : 2A2A C |
 $engine.s4lz$S4LZ_Decompress$return : 2A3A C |
 TileDelta_Undo : 2A3C C |
 $engine.s4lz$TileDelta_Undo$tile_loop : 2A4A C |
 $engine.s4lz$TileDelta_Undo$done : 2A6E C |
 ZX0R_Decompress : 2A70 C |
 $engine.zx0_resume$ZX0R_Decompress$literals : 2A74 C |
 $engine.zx0_resume$ZX0R_Decompress$lit_elias : 2A76 C |
 $engine.zx0_resume$ZX0R_Decompress$lit_got : 2A7E C |
 $engine.zx0_resume$ZX0R_Decompress$lit_done : 2A86 C |
 $engine.zx0_resume$ZX0R_Decompress$copy_lits : 2A88 C |
 $engine.zx0_resume$ZX0R_Decompress$rep_match : 2A92 C |
 $engine.zx0_resume$ZX0R_Decompress$rep_elias : 2A94 C |
 $engine.zx0_resume$ZX0R_Decompress$rep_got : 2A9C C |
 $engine.zx0_resume$ZX0R_Decompress$do_copy : 2AA4 C |
 $engine.zx0_resume$ZX0R_Decompress$do_copy_offs : 2AA6 C |
 $engine.zx0_resume$ZX0R_Decompress$copy_match : 2AAA C |
 $engine.zx0_resume$ZX0R_Decompress$get_offset : 2AB4 C |
 $engine.zx0_resume$ZX0R_Decompress$off_elias : 2AB6 C |
 $engine.zx0_resume$ZX0R_Decompress$off_got : 2ABE C |
 $engine.zx0_resume$ZX0R_Decompress$off_done : 2AC6 C |
 $engine.zx0_resume$ZX0R_Decompress$len_elias : 2AD6 C |
 $engine.zx0_resume$ZX0R_Decompress$len_loop : 2ADA C |
 $engine.zx0_resume$ZX0R_Decompress$len_got : 2AE2 C |
 $engine.zx0_resume$ZX0R_Decompress$done : 2AE6 C |
 ZX0R_Decompress.__end : 2AE8 C |
 GetSineCosine : 2AF0 C |
 Sine_Table : 2B08 C |
 GetArcTan : 2D88 C |
 $engine.math$GetArcTan$abs_x_ok : 2DA0 C |
 $engine.math$GetArcTan$abs_y_ok : 2DA6 C |
 $engine.math$GetArcTan$fold : 2DB6 C |
 $engine.math$GetArcTan$quadrant : 2DC0 C |
 $engine.math$GetArcTan$x_pos : 2DCA C |
 $engine.math$GetArcTan$y_pos : 2DD4 C |
 $engine.math$GetArcTan$zero : 2DDA C |
 ArcTan_Table : 2DE4 C |
 Perform_DPLC : 2EE8 C |
 $engine.objects.dplc$asm1$entry_loop : 2F04 C |
 $engine.objects.dplc$asm1$done : 2F38 C |
 Perform_DPLC_Deferrable : 2F3A C |
 $engine.objects.dplc$asm3$entry_loop : 2F56 C |
 $engine.objects.dplc$asm3$done : 2F8A C |
 InitObjectRAM : 2F90 C |
 $engine.objects.core$InitObjectRAM$clear : 2F9A C |
 $engine.objects.core$InitObjectRAM$push_dyn : 2FAC C |
 $engine.objects.core$InitObjectRAM$push_eff : 2FC8 C |
 AllocDynamic : 2FE2 C |
 $engine.objects.core$AllocDynamic$append : 3024 C |
 $engine.objects.core$AllocDynamic$latch_full : 303E C |
 $engine.objects.core$AllocDynamic$full : 3042 C |
 AllocEffect : 3046 C |
 $engine.objects.core$AllocEffect$full : 305C C |
 DeleteObject : 3060 C |
 $diag4$engine.objects.core$raise : 306C C |
 $diag4$engine.objects.core$skip : 30BC C |
 $diag5$engine.objects.core$raise : 30CA C |
 $diag5$engine.objects.core$skip : 311E C |
 $diag6$engine.objects.core$raise : 312C C |
 $diag6$engine.objects.core$skip : 3174 C |
 $engine.objects.core$DeleteObject$no_cascade : 318C C |
 $engine.objects.core$DeleteObject$check_effect : 31A0 C |
 $engine.objects.core$DeleteObject$effect_pool : 31A6 C |
 $engine.objects.core$DeleteObject$dynamic_pool : 31B2 C |
 $engine.objects.core$DeleteObject$dyn_zero_scan : 31D0 C |
 $engine.objects.core$DeleteObject$dyn_zero_hit : 31DA C |
 $engine.objects.core$DeleteObject$dyn_zero_pending : 31DC C |
 $engine.objects.core$DeleteObject$dyn_pend_scan : 31E8 C |
 $engine.objects.core$DeleteObject$dyn_pend_hit : 31F2 C |
 $engine.objects.core$DeleteObject$dyn_zero_done : 31F4 C |
 $engine.objects.core$DeleteObject$clear_slot : 31F6 C |
 CompactDynamicLive : 3224 C |
 $diag29$engine.objects.core$raise : 3232 C |
 $diag29$engine.objects.core$skip : 327E C |
 $diag30$engine.objects.core$raise : 3296 C |
 $diag30$engine.objects.core$skip : 32E8 C |
 $engine.objects.core$CompactDynamicLive$loop : 32EE C |
 $engine.objects.core$CompactDynamicLive$next : 32FA C |
 $engine.objects.core$CompactDynamicLive$recount : 32FE C |
 DrainDynamicPending : 3312 C |
 $engine.objects.core$DrainDynamicPending$loop : 3328 C |
 $engine.objects.core$DrainDynamicPending$next : 3336 C |
 $engine.objects.core$DrainDynamicPending$clear : 333A C |
 $engine.objects.core$DrainDynamicPending$sweep_loop : 334A C |
 $engine.objects.core$DrainDynamicPending$sweep_next : 3350 C |
 $diag32$engine.objects.core$raise : 3362 C |
 $diag32$engine.objects.core$skip : 33AA C |
 $engine.objects.core$DrainDynamicPending$entry_check : 33BA C |
 $diag33$engine.objects.core$raise : 33C8 C |
 $diag33$engine.objects.core$skip : 3418 C |
 $diag34$engine.objects.core$raise : 3426 C |
 $diag34$engine.objects.core$skip : 347A C |
 $engine.objects.core$DrainDynamicPending$dbg_done : 3480 C |
 RunObjects : 3482 C |
 $engine.objects.core$RunObjects$reconcile : 34B6 C |
 $engine.objects.core$RunObjects$no_reconcile : 34BE C |
 $engine.objects.core$RunObjects$always_loop : 34C0 C |
 $engine.objects.core$RunObjects$run_always : 34C0 C |
 $engine.objects.core$RunObjects$always_next : 34CE C |
 $engine.objects.core$RunObjects$run_culled : 34D8 C |
 $engine.objects.core$RunObjects$culled_loop : 34E8 C |
 $engine.objects.core$asm36$abs : 34FE C |
 $engine.objects.core$asm37$abs : 3510 C |
 $engine.objects.core$RunObjects$culled_next : 3526 C |
 $engine.objects.core$RunObjects$culled_done : 352A C |
 Debug_AssertObjLoop : 3530 C |
 $diag39$engine.objects.core$raise : 353C C |
 $diag39$engine.objects.core$skip : 358C C |
 $diag40$engine.objects.core$raise : 359A C |
 $diag40$engine.objects.core$skip : 35EE C |
 $diag41$engine.objects.core$raise : 35FA C |
 $diag41$engine.objects.core$skip : 364C C |
 RunObjects_Frozen : 3650 C |
 $engine.objects.core$RunObjects_Frozen$frozen_dyn_loop : 366A C |
 $engine.objects.core$RunObjects_Frozen$frozen_dyn_next : 3678 C |
 $engine.objects.core$RunObjects_Frozen$frozen_dyn_done : 367C C |
 $engine.objects.core$RunObjects_Frozen$frozen_fixed : 368C C |
 $engine.objects.core$RunObjects_Frozen$frozen_fixed_loop : 368C C |
 $engine.objects.core$RunObjects_Frozen$frozen_fixed_next : 3692 C |
 ObjectMove : 369C C |
 ObjectMoveX : 36B6 C |
 ObjectMoveY : 36C4 C |
 InitSpriteSystem : 36E0 C |
 Draw_Sprite : 36F4 C |
 $engine.objects.sprites$Draw_Sprite$no_parent : 3706 C |
 $engine.objects.sprites$Draw_Sprite$screen_coords : 3762 C |
 $engine.objects.sprites$Draw_Sprite$cascade : 3780 C |
 $engine.objects.sprites$Draw_Sprite$band_has_room : 378E C |
 $engine.objects.sprites$Draw_Sprite$all_bands_full : 37A8 C |
 $engine.objects.sprites$Draw_Sprite$offscreen : 37AA C |
 Render_Sprites : 37B2 C |
 $engine.objects.sprites$Render_Sprites$owner_clear : 37C6 C |
 $engine.objects.sprites$Render_Sprites$band_loop : 37EE C |
 $engine.objects.sprites$Render_Sprites$reverse_band : 3818 C |
 $engine.objects.sprites$Render_Sprites$object_loop : 3822 C |
 $diag3$engine.objects.sprites$raise : 3866 C |
 $diag3$engine.objects.sprites$skip : 38AE C |
 $engine.objects.sprites$Render_Sprites$screen_pos : 38DA C |
 $engine.objects.sprites$Render_Sprites$have_pos : 38EA C |
 $engine.objects.sprites$Render_Sprites$budget_ok : 391A C |
 $engine.objects.sprites$Render_Sprites$multi_sprite : 3934 C |
 $engine.objects.sprites$Render_Sprites$sibling_loop : 3942 C |
 $engine.objects.sprites$Render_Sprites$child_screen_pos : 398E C |
 $engine.objects.sprites$Render_Sprites$child_have_pos : 399E C |
 $engine.objects.sprites$Render_Sprites$sibling_advance : 39B4 C |
 $engine.objects.sprites$Render_Sprites$multi_done : 39BA C |
 $engine.objects.sprites$Render_Sprites$next_object : 39BC C |
 $engine.objects.sprites$Render_Sprites$next_band : 39C2 C |
 $engine.objects.sprites$Render_Sprites$no_mask_insert : 39D4 C |
 $engine.objects.sprites$Render_Sprites$done : 39E0 C |
 $engine.objects.sprites$Render_Sprites$chain_walk : 39F8 C |
 $diag4$engine.objects.sprites$raise : 3A10 C |
 $diag4$engine.objects.sprites$skip : 3A58 C |
 $engine.objects.sprites$Render_Sprites$empty_table : 3A76 C |
 $engine.objects.sprites$Render_Sprites$still_empty : 3A98 C |
 $engine.objects.sprites$Render_Sprites$band_limit_pop : 3A9E C |
 CellOffsets_XFlip : 3AA4 C |
 Emit_ObjectPieces : 3AB4 C |
 $engine.objects.sprites$Emit_ObjectPieces$pieces_unflipped : 3ACC C |
 $engine.objects.sprites$asm6$piece_loop : 3ACE C |
 $engine.objects.sprites$asm11$x_ok : 3AF2 C |
 $engine.objects.sprites$Emit_ObjectPieces$pieces_xflip : 3AFE C |
 $engine.objects.sprites$asm12$piece_loop : 3B00 C |
 $engine.objects.sprites$asm17$x_ok : 3B36 C |
 $engine.objects.sprites$Emit_ObjectPieces$pieces_yflip : 3B42 C |
 $engine.objects.sprites$asm18$piece_loop : 3B44 C |
 $engine.objects.sprites$asm23$x_ok : 3B7A C |
 $engine.objects.sprites$Emit_ObjectPieces$pieces_xyflip : 3B86 C |
 $engine.objects.sprites$asm24$piece_loop : 3B88 C |
 $engine.objects.sprites$asm29$x_ok : 3BCC C |
 InsertSpriteMasks : 3BD8 C |
 $engine.objects.sprites$InsertSpriteMasks$mask_loop : 3BE2 C |
 $engine.objects.sprites$InsertSpriteMasks$masks_done : 3C12 C |
 AnimateSprite : 3C14 C |
 $engine.objects.animate$asm1$rt_static : 3C4C C |
 $engine.objects.animate$AnimateSprite$set_frame : 3C64 C |
 $engine.objects.animate$AnimateSprite$done : 3C6C C |
 $engine.objects.animate$AnimateSprite$anim_changed : 3C6E C |
 $engine.objects.animate$asm2$rt_static : 3C8A C |
 $engine.objects.animate$AnimateSprite$control_code : 3C9C C |
 $engine.objects.animate$AnimateSprite$cc_table : 3CB0 C |
 $engine.objects.animate$AnimateSprite$cc_end : 3CD4 C |
 $engine.objects.animate$AnimateSprite$cc_back : 3CE8 C |
 $diag3$engine.objects.animate$raise : 3CF8 C |
 $diag3$engine.objects.animate$skip : 3D44 C |
 $engine.objects.animate$AnimateSprite$cc_change : 3D60 C |
 $engine.objects.animate$AnimateSprite$cc_routine : 3D6C C |
 $engine.objects.animate$AnimateSprite$cc_delete : 3D72 C |
 $engine.objects.animate$AnimateSprite$evt_callback : 3D76 C |
 $engine.objects.animate$AnimateSprite$evt_cb_done : 3D94 C |
 $engine.objects.animate$AnimateSprite$evt_sound : 3D9C C |
 $engine.objects.animate$AnimateSprite$evt_collision : 3DAC C |
 $engine.objects.animate$AnimateSprite$evt_set_field : 3DBA C |
 $diag4$engine.objects.animate$raise : 3DCA C |
 $diag4$engine.objects.animate$skip : 3E1E C |
 $diag5$engine.objects.animate$raise : 3E2A C |
 $diag5$engine.objects.animate$skip : 3E82 C |
 $engine.objects.animate$AnimateSprite$after_event : 3E8E C |
 RefreshSpritePieceCount : 3EA4 C |
 $engine.objects.animate$asm7$no_mappings : 3EC6 C |
 $engine.objects.animate$asm7$rpc_done : 3ECA C |
 TouchResponse : 3ECC C |
 $engine.objects.collision$TouchResponse$player_loop : 3ED6 C |
 $engine.objects.collision$TouchResponse$dyn_loop : 3F00 C |
 $engine.objects.collision$asm2$aov : 3F2A C |
 $engine.objects.collision$asm4$aov : 3F4E C |
 $engine.objects.collision$asm1$overlap_done : 3F78 C |
 $engine.objects.collision$TouchResponse$dyn_next : 3F80 C |
 $engine.objects.collision$TouchResponse$dyn_done : 3F84 C |
 $engine.objects.collision$TouchResponse$fixed_loop : 3F90 C |
 $engine.objects.collision$asm7$aov : 3FB4 C |
 $engine.objects.collision$asm9$aov : 3FD8 C |
 $engine.objects.collision$asm6$overlap_done : 4002 C |
 $engine.objects.collision$TouchResponse$fixed_next : 400A C |
 $engine.objects.collision$TouchResponse$next_player : 4012 C |
 Touch_HandlerTable : 401E C |
 Touch_Boss : 4052 C |
 Touch_Bubble : 4052 C |
 Touch_Enemy : 4052 C |
 Touch_Monitor : 4052 C |
 Touch_None : 4052 C |
 Touch_Projectile : 4052 C |
 Touch_Ring : 4052 C |
 Touch_SolidBreak : 4052 C |
 Touch_SolidHurt : 4052 C |
 Touch_Spring : 4052 C |
 Touch_Touch : 4052 C |
 Touch_Hurt : 4054 C |
 Touch_Solid : 4056 C |
 $engine.objects.collision$asm25$abs : 4060 C |
 $engine.objects.collision$asm26$abs : 406A C |
 $engine.objects.collision$Touch_Solid$solid_top : 4090 C |
 $engine.objects.collision$Touch_Solid$solid_side : 40BA C |
 $engine.objects.collision$Touch_Solid$solid_push_left : 40CA C |
 $engine.objects.collision$Touch_Solid$solid_done : 40D2 C |
 RingBuffer_Add : 40D4 C |
 $engine.objects.rings$RingBuffer_Add$not_record : 4108 C |
 $engine.objects.rings$RingBuffer_Add$full : 410E C |
 $diag1$engine.objects.rings$raise : 4120 C |
 $diag1$engine.objects.rings$skip : 416C C |
 RingBuffer_Remove : 4174 C |
 $engine.objects.rings$RingBuffer_Remove$done : 41A6 C |
 RingBuffer_Clear : 41A8 C |
 DrawRings : 41B6 C |
 $engine.objects.rings$DrawRings$frame_ok : 41D0 C |
 $engine.objects.rings$DrawRings$no_anim_tick : 41D4 C |
 $engine.objects.rings$DrawRings$ring_loop : 4202 C |
 $engine.objects.rings$DrawRings$x_ok : 4246 C |
 $engine.objects.rings$DrawRings$skip_ring : 4248 C |
 $engine.objects.rings$DrawRings$done : 424E C |
 RingCollision : 4250 C |
 $engine.objects.rings$RingCollision$player_loop : 4258 C |
 $engine.objects.rings$RingCollision$ring_loop : 427E C |
 $engine.objects.rings$asm6$aov : 4292 C |
 $engine.objects.rings$asm8$aov : 42AE C |
 $engine.objects.rings$RingCollision$no_loaded_bit : 42D4 C |
 $engine.objects.rings$RingCollision$no_hit : 42E8 C |
 $engine.objects.rings$RingCollision$next_player : 42EE C |
 Collected_Init : 42F8 C |
 $engine.objects.entity_window$Collected_Init$loop : 42FE C |
 $engine.objects.entity_window$Collected_Init$park_loop : 4334 C |
 Collected_FindSlot : 4346 C |
 $engine.objects.entity_window$Collected_FindSlot$scan : 434C C |
 $engine.objects.entity_window$Collected_FindSlot$found : 435C C |
 Collected_CheckRing : 4360 C |
 $diag4$engine.objects.entity_window$raise : 4376 C |
 $diag4$engine.objects.entity_window$skip : 43CC C |
 $engine.objects.entity_window$Collected_CheckRing$uncollected : 43D8 C |
 Collected_MarkRing : 43DC C |
 $diag6$engine.objects.entity_window$raise : 43F2 C |
 $diag6$engine.objects.entity_window$skip : 4448 C |
 $engine.objects.entity_window$Collected_MarkRing$done : 4452 C |
 Killed_CheckObject : 4454 C |
 $diag8$engine.objects.entity_window$raise : 446C C |
 $diag8$engine.objects.entity_window$skip : 44C2 C |
 $engine.objects.entity_window$Killed_CheckObject$alive : 44CE C |
 Killed_MarkObject : 44D2 C |
 $diag10$engine.objects.entity_window$raise : 44EE C |
 $diag10$engine.objects.entity_window$skip : 4544 C |
 $engine.objects.entity_window$Killed_MarkObject$markdone : 4560 C |
 Collected_ClaimSlot : 4562 C |
 $engine.objects.entity_window$Collected_ClaimSlot$find : 456E C |
 $engine.objects.entity_window$Collected_ClaimSlot$claim : 4580 C |
 $engine.objects.entity_window$Collected_ClaimSlot$already_owned : 45AA C |
 Collected_ParkSlot : 45AE C |
 $engine.objects.entity_window$Collected_ParkSlot$park : 45D2 C |
 $engine.objects.entity_window$Collected_ParkSlot$reuse_scan : 45DA C |
 $engine.objects.entity_window$Collected_ParkSlot$index_step : 45F4 C |
 $engine.objects.entity_window$Collected_ParkSlot$index_done : 45FC C |
 $engine.objects.entity_window$Collected_ParkSlot$write : 460C C |
 $engine.objects.entity_window$Collected_ParkSlot$copy_ring : 4616 C |
 $engine.objects.entity_window$Collected_ParkSlot$copy_killed : 4624 C |
 $engine.objects.entity_window$Collected_ParkSlot$dup_scan : 4636 C |
 $engine.objects.entity_window$Collected_ParkSlot$dup_next : 463C C |
 $diag14$engine.objects.entity_window$raise : 4650 C |
 $diag14$engine.objects.entity_window$skip : 469C C |
 Collected_UnparkSlot : 46A0 C |
 $engine.objects.entity_window$Collected_UnparkSlot$scan : 46A6 C |
 $engine.objects.entity_window$Collected_UnparkSlot$hit : 46B4 C |
 $engine.objects.entity_window$Collected_UnparkSlot$copy_ring : 46C0 C |
 $engine.objects.entity_window$Collected_UnparkSlot$copy_killed : 46CE C |
 Collected_UpdateCenter : 46D8 C |
 $engine.objects.entity_window$Collected_UpdateCenter$div_center : 46E6 C |
 $engine.objects.entity_window$Collected_UpdateCenter$div_center_done : 46F0 C |
 $engine.objects.entity_window$Collected_UpdateCenter$slot_loop : 46F6 C |
 $engine.objects.entity_window$Collected_UpdateCenter$div_slot : 4704 C |
 $engine.objects.entity_window$Collected_UpdateCenter$div_slot_done : 470E C |
 $engine.objects.entity_window$asm17$abs : 4714 C |
 $engine.objects.entity_window$asm18$abs : 4720 C |
 $engine.objects.entity_window$Collected_UpdateCenter$evict : 4726 C |
 $engine.objects.entity_window$Collected_UpdateCenter$slot_next : 4752 C |
 EntityLoaded_Test : 475C C |
 $diag21$engine.objects.entity_window$raise : 4766 C |
 $diag21$engine.objects.entity_window$skip : 47BC C |
 EntityLoaded_Set : 47D2 C |
 $diag23$engine.objects.entity_window$raise : 47DC C |
 $diag23$engine.objects.entity_window$skip : 4832 C |
 EntityLoaded_Clear : 4848 C |
 $diag25$engine.objects.entity_window$raise : 4852 C |
 $diag25$engine.objects.entity_window$skip : 48A8 C |
 EntityWindow_EntryForSection : 48BE C |
 $engine.objects.entity_window$EntityWindow_EntryForSection$efs_loop : 48C4 C |
 $engine.objects.entity_window$EntityWindow_EntryForSection$efs_found : 48D8 C |
 EntityWindow_InitSection : 48DC C |
 $diag28$engine.objects.entity_window$raise : 48E8 C |
 $diag28$engine.objects.entity_window$skip : 4930 C |
 $engine.objects.entity_window$EntityWindow_InitSection$clear_mask : 4946 C |
 $engine.objects.entity_window$EntityWindow_InitSection$same_section : 494C C |
 EntityWindow_DeriveWindow : 497E C |
 $engine.objects.entity_window$EntityWindow_DeriveWindow$x0_ok : 498E C |
 $engine.objects.entity_window$EntityWindow_DeriveWindow$y0_ok : 499C C |
 EntityWindow_BuildEntries : 49A2 C |
 $engine.objects.entity_window$EntityWindow_BuildEntries$entry_loop : 49C2 C |
 $engine.objects.entity_window$EntityWindow_BuildEntries$x_done : 49F6 C |
 $engine.objects.entity_window$EntityWindow_BuildEntries$y_done : 4A04 C |
 $engine.objects.entity_window$EntityWindow_BuildEntries$void_entry : 4A18 C |
 $engine.objects.entity_window$EntityWindow_BuildEntries$next_entry : 4A22 C |
 EntityWindow_Init : 4A34 C |
 $engine.objects.entity_window$EntityWindow_Init$clear_loaded : 4A46 C |
 $engine.objects.entity_window$EntityWindow_Init$clear_scan : 4A54 C |
 EntityWindow_Scan : 4A9E C |
 $engine.objects.entity_window$EntityWindow_Scan$no_rescan : 4ACA C |
 $engine.objects.entity_window$EntityWindow_Scan$slide : 4ADA C |
 $engine.objects.entity_window$EntityWindow_Scan$no_slide : 4AE2 C |
 $engine.objects.entity_window$EntityWindow_Scan$section_loop : 4AEC C |
 $engine.objects.entity_window$EntityWindow_Scan$skip_rings : 4AFE C |
 $engine.objects.entity_window$EntityWindow_Scan$section_next : 4B0A C |
 $engine.objects.entity_window$EntityWindow_Scan$skip_objs : 4B0A C |
 $engine.objects.entity_window$EntityWindow_Scan$scan_done : 4B16 C |
 EntityWindow_TrySpawnRing : 4B1E C |
 $engine.objects.entity_window$EntityWindow_TrySpawnRing$nodup_scan : 4B96 C |
 $engine.objects.entity_window$EntityWindow_TrySpawnRing$nodup_hit : 4BA4 C |
 $diag34$engine.objects.entity_window$raise : 4BB0 C |
 $diag34$engine.objects.entity_window$skip : 4BF8 C |
 $engine.objects.entity_window$EntityWindow_TrySpawnRing$nodup_ok : 4BFA C |
 $engine.objects.entity_window$EntityWindow_TrySpawnRing$gated : 4C12 C |
 $engine.objects.entity_window$EntityWindow_TrySpawnRing$out_of_band : 4C16 C |
 EntityWindow_ScanRingsRight : 4C18 C |
 $engine.objects.entity_window$EntityWindow_ScanRingsRight$loop : 4C2C C |
 $engine.objects.entity_window$EntityWindow_ScanRingsRight$at_edge : 4C42 C |
 $engine.objects.entity_window$EntityWindow_ScanRingsRight$at_terminator : 4C4A C |
 EntityWindow_PopulateSectionRings : 4C54 C |
 $engine.objects.entity_window$EntityWindow_PopulateSectionRings$pfind : 4C6C C |
 $engine.objects.entity_window$EntityWindow_PopulateSectionRings$pfound : 4C7E C |
 $engine.objects.entity_window$EntityWindow_PopulateSectionRings$ploop : 4C84 C |
 $engine.objects.entity_window$EntityWindow_PopulateSectionRings$pdone : 4C92 C |
 EntityWindow_TrySpawnObject : 4C94 C |
 $engine.objects.entity_window$EntityWindow_TrySpawnObject$y_ok : 4CBA C |
 $engine.objects.entity_window$EntityWindow_TrySpawnObject$tag_plain : 4D26 C |
 $engine.objects.entity_window$EntityWindow_TrySpawnObject$gated : 4D42 C |
 $engine.objects.entity_window$EntityWindow_TrySpawnObject$out_of_band : 4D46 C |
 EntityWindow_ScanObjectsRight : 4D48 C |
 $engine.objects.entity_window$EntityWindow_ScanObjectsRight$obj_loop : 4D62 C |
 $engine.objects.entity_window$EntityWindow_ScanObjectsRight$obj_at_edge : 4D76 C |
 $engine.objects.entity_window$EntityWindow_ScanObjectsRight$obj_at_terminator : 4D80 C |
 EntityWindow_RescanY : 4D8C C |
 $engine.objects.entity_window$EntityWindow_RescanY$entry_loop : 4D98 C |
 $engine.objects.entity_window$EntityWindow_RescanY$entry_next : 4DA4 C |
 $engine.objects.entity_window$EntityWindow_RescanY$done : 4DB0 C |
 EntityWindow_RescanRings : 4DB2 C |
 $engine.objects.entity_window$EntityWindow_RescanRings$loop : 4DC0 C |
 $engine.objects.entity_window$EntityWindow_RescanRings$done : 4DD0 C |
 EntityWindow_RescanObjects : 4DD2 C |
 $engine.objects.entity_window$EntityWindow_RescanObjects$loop : 4DE2 C |
 $engine.objects.entity_window$EntityWindow_RescanObjects$done : 4DF2 C |
 EntityWindow_DespawnRings : 4DF4 C |
 $engine.objects.entity_window$EntityWindow_DespawnRings$loop : 4E0E C |
 $engine.objects.entity_window$EntityWindow_DespawnRings$check_active : 4E26 C |
 $engine.objects.entity_window$EntityWindow_DespawnRings$check_y : 4E42 C |
 $engine.objects.entity_window$EntityWindow_DespawnRings$remove : 4E5A C |
 $engine.objects.entity_window$EntityWindow_DespawnRings$clr_ring_skip : 4E74 C |
 $engine.objects.entity_window$EntityWindow_DespawnRings$next : 4E7A C |
 $engine.objects.entity_window$EntityWindow_DespawnRings$done : 4E7E C |
 EntityWindow_DespawnObjects : 4E80 C |
 $engine.objects.entity_window$EntityWindow_DespawnObjects$have_live : 4E88 C |
 $engine.objects.entity_window$EntityWindow_DespawnObjects$loop : 4E92 C |
 $engine.objects.entity_window$EntityWindow_DespawnObjects$check_active : 4EA4 C |
 $engine.objects.entity_window$EntityWindow_DespawnObjects$check_y : 4EC0 C |
 $engine.objects.entity_window$EntityWindow_DespawnObjects$despawn : 4EDE C |
 $engine.objects.entity_window$EntityWindow_DespawnObjects$clr_obj_skip : 4EFC C |
 $engine.objects.entity_window$EntityWindow_DespawnObjects$next : 4F08 C |
 EntityWindow_MigrateMasks : 4F12 C |
 $engine.objects.entity_window$EntityWindow_MigrateMasks$new_loop : 4F14 C |
 $engine.objects.entity_window$EntityWindow_MigrateMasks$old_loop : 4F34 C |
 $engine.objects.entity_window$EntityWindow_MigrateMasks$match : 4F42 C |
 $engine.objects.entity_window$EntityWindow_MigrateMasks$copy : 4F56 C |
 $engine.objects.entity_window$EntityWindow_MigrateMasks$new_next : 4F5C C |
 EntityWindow_Slide : 4F66 C |
 $engine.objects.entity_window$EntityWindow_Slide$snapshot : 4F80 C |
 $diag46$engine.objects.entity_window$raise : 4FD2 C |
 $diag46$engine.objects.entity_window$skip : 5016 C |
 $engine.objects.entity_window$EntityWindow_Slide$axis_ok : 5018 C |
 $engine.objects.entity_window$EntityWindow_Slide$populate_loop : 5026 C |
 $engine.objects.entity_window$EntityWindow_Slide$old_id_scan : 5038 C |
 $engine.objects.entity_window$EntityWindow_Slide$populate_next : 5046 C |
 PopulateSpawnedPieceCount : 5060 C |
 $engine.objects.children$asm1$no_mappings : 5084 C |
 $engine.objects.children$asm1$rpc_done : 5088 C |
 CreateChild_Normal : 508C C |
 $diag3$engine.objects.children$raise : 509A C |
 $diag3$engine.objects.children$skip : 50E2 C |
 $engine.objects.children$CreateChild_Normal$child_loop : 50F0 C |
 $engine.objects.children$CreateChild_Normal$alloc_fail : 5142 C |
 $engine.objects.children$CreateChild_Normal$done : 5144 C |
 CreateChild_Complex : 514A C |
 $engine.objects.children$CreateChild_Complex$child_loop : 5156 C |
 $engine.objects.children$CreateChild_Complex$alloc_fail : 51C0 C |
 $engine.objects.children$CreateChild_Complex$done : 51C2 C |
 CreateChild_FlipAware : 51C8 C |
 $engine.objects.children$CreateChild_FlipAware$no_flip : 51D4 C |
 $engine.objects.children$CreateChild_FlipAware$child_loop : 51E0 C |
 $engine.objects.children$CreateChild_FlipAware$rf_no_flip : 524E C |
 $engine.objects.children$CreateChild_FlipAware$alloc_fail : 525E C |
 $engine.objects.children$CreateChild_FlipAware$done : 5260 C |
 CreateChild_Linked : 5266 C |
 $diag13$engine.objects.children$raise : 5274 C |
 $diag13$engine.objects.children$skip : 52BC C |
 $engine.objects.children$CreateChild_Linked$spawn_loop : 52D8 C |
 $engine.objects.children$CreateChild_Linked$first_child : 532A C |
 $engine.objects.children$CreateChild_Linked$linked : 532E C |
 $engine.objects.children$CreateChild_Linked$link_fail : 5338 C |
 $engine.objects.children$CreateChild_Linked$done : 5346 C |
 DeleteChildren : 5348 C |
 $engine.objects.children$DeleteChildren$walk_chain : 5354 C |
 $engine.objects.children$DeleteChildren$done : 5364 C |
 CreateEffect_Normal : 5366 C |
 $engine.objects.children$CreateEffect_Normal$effect_loop : 536E C |
 $engine.objects.children$CreateEffect_Normal$alloc_fail : 53B6 C |
 $engine.objects.children$CreateEffect_Normal$done : 53B8 C |
 CreateEffect_Simple : 53BA C |
 $engine.objects.children$CreateEffect_Simple$spawn_loop : 53CA C |
 $engine.objects.children$CreateEffect_Simple$done : 53F8 C |
 $engine.objects.children$CreateEffect_Simple$alloc_fail : 53FA C |
 Load_Object : 5400 C |
 $engine.objects.load_object$Load_Object$no_piece_count : 5468 C |
 $engine.objects.load_object$Load_Object$alloc_fail : 546C C |
 $engine.objects.load_object$Load_ObjectList$loop : 5474 C |
 Load_ObjectList : 5474 C |
 $engine.objects.load_object$Load_ObjectList$done : 5486 C |
 Plane_Buffer_Reset : 5488 C |
 Draw_TileColumn : 5490 C |
 $engine.plane_buffer$Draw_TileColumn$col_nowrap : 54C6 C |
 $engine.plane_buffer$Draw_TileColumn$pA_clamp : 5524 C |
 $engine.plane_buffer$Draw_TileColumn$pA_zero : 5530 C |
 $engine.plane_buffer$Draw_TileColumn$pA_zend : 5536 C |
 $engine.plane_buffer$Draw_TileColumn$pB_dok : 555C C |
 $engine.plane_buffer$Draw_TileColumn$pB_zfill : 5568 C |
 $engine.plane_buffer$Draw_TileColumn$pB_allz : 5570 C |
 $engine.plane_buffer$Draw_TileColumn$pB_az : 5574 C |
 $engine.plane_buffer$Draw_TileColumn$no_pB : 557A C |
 $engine.plane_buffer$Draw_TileColumn$pB_zend : 557A C |
 $engine.plane_buffer$Draw_TileColumn$sz_ok : 5588 C |
 $engine.plane_buffer$Draw_TileColumn$done : 5590 C |
 $engine.plane_buffer$Draw_TileColumn$copy_col_run : 5592 C |
 $engine.plane_buffer$Draw_TileColumn$ccr_drain : 55AC C |
 $engine.plane_buffer$Draw_TileColumn$ccr_quad : 55BA C |
 $engine.plane_buffer$Draw_TileColumn$ccr_rem_entry : 55D0 C |
 $engine.plane_buffer$Draw_TileColumn$ccr_rem : 55D6 C |
 $engine.plane_buffer$Draw_TileColumn$ccr_drained : 55E0 C |
 $engine.plane_buffer$Draw_TileColumn$ccr_ret : 55E2 C |
 Draw_TileRow_FromCache : 55E4 C |
 $engine.plane_buffer$Draw_TileRow_FromCache$row_nowrap : 562C C |
 $engine.plane_buffer$Draw_TileRow_FromCache$r_clamp_ok : 564C C |
 $engine.plane_buffer$Draw_TileRow_FromCache$row_emit_done : 5674 C |
 $engine.plane_buffer$Draw_TileRow_FromCache$done : 5684 C |
 $engine.plane_buffer$Draw_TileRow_FromCache$emit_row_run : 5686 C |
 $engine.plane_buffer$Draw_TileRow_FromCache$err_nonneg : 5690 C |
 $engine.plane_buffer$Draw_TileRow_FromCache$err_norm : 569A C |
 $engine.plane_buffer$Draw_TileRow_FromCache$err_run1 : 56B4 C |
 $engine.plane_buffer$Draw_TileRow_FromCache$err_run1_tail : 56BA C |
 $engine.plane_buffer$Draw_TileRow_FromCache$err_run1_done : 56C2 C |
 $engine.plane_buffer$Draw_TileRow_FromCache$err_single : 56C4 C |
 $engine.plane_buffer$Draw_TileRow_FromCache$err_run2 : 56CC C |
 $engine.plane_buffer$Draw_TileRow_FromCache$err_run2_tail : 56D2 C |
 $engine.plane_buffer$Draw_TileRow_FromCache$err_ret : 56DA C |
 Draw_BG_TileColumn : 56DC C |
 $engine.plane_buffer$Draw_BG_TileColumn$have_layout : 5702 C |
 $engine.plane_buffer$Draw_BG_TileColumn$copy : 571E C |
 $engine.plane_buffer$Draw_BG_TileColumn$done : 5734 C |
 VInt_DrawLevel : 5736 C |
 $diag5$engine.plane_buffer$raise : 5746 C |
 $diag5$engine.plane_buffer$skip : 5792 C |
 $engine.plane_buffer$VInt_DrawLevel$next : 57A8 C |
 $engine.plane_buffer$VInt_DrawLevel$drain_row : 57C0 C |
 $engine.plane_buffer$VInt_DrawLevel$col_entry : 57C8 C |
 $engine.plane_buffer$VInt_DrawLevel$drain_col : 57E4 C |
 $engine.plane_buffer$VInt_DrawLevel$dc_tail : 57EA C |
 $engine.plane_buffer$VInt_DrawLevel$done : 57F4 C |
 Tile_Cache_GetTile : 5800 C |
 $engine.tile_cache$Tile_Cache_GetTile$col_nowrap : 5812 C |
 $engine.tile_cache$Tile_Cache_GetTile$row_nowrap : 5824 C |
 BlockStage_PtrTable : 583C C |
 TileCache_FindStagedBlock : 587C C |
 $engine.tile_cache$TileCache_FindStagedBlock$chain : 5894 C |
 $engine.tile_cache$TileCache_FindStagedBlock$miss : 58AA C |
 $engine.tile_cache$TileCache_FindStagedBlock$hit : 58AE C |
 TileCache_InvalidateStaging : 58C4 C |
 $engine.tile_cache$TileCache_InvalidateStaging$inv : 58CA C |
 $engine.tile_cache$TileCache_InvalidateStaging$inv_maps : 58E4 C |
 $engine.tile_cache$TileCache_InvalidateStaging$inv_bucket : 58F4 C |
 $engine.tile_cache$TileCache_InvalidateStaging$inv_chain : 5906 C |
 $engine.tile_cache$TileCache_InvalidateStaging$inv_spec_ring : 5930 C |
 TileCache_DecompressBlock : 5944 C |
 $engine.tile_cache$TileCache_DecompressBlock$rr_ok : 595E C |
 $engine.tile_cache$TileCache_DecompressBlock$idx_dup_step : 5984 C |
 $diag5$engine.tile_cache$raise : 598C C |
 $engine.tile_cache$TileCache_DecompressBlock$idx_dup_next : 5A16 C |
 $engine.tile_cache$TileCache_DecompressBlock$idx_dup_ok : 5A1E C |
 $engine.tile_cache$TileCache_DecompressBlock$idx_unlink_step : 5A3A C |
 $diag6$engine.tile_cache$raise : 5A56 C |
 $engine.tile_cache$TileCache_DecompressBlock$idx_unlink_lost : 5A56 C |
 $engine.tile_cache$TileCache_DecompressBlock$idx_unlink_found : 5AC6 C |
 $engine.tile_cache$TileCache_DecompressBlock$idx_link : 5AD0 C |
 $engine.tile_cache$TileCache_DecompressBlock$raw_direct : 5B74 C |
 $diag7$engine.tile_cache$raise : 5B84 C |
 $diag7$engine.tile_cache$skip : 5BDA C |
 $diag8$engine.tile_cache$raise : 5BEA C |
 $diag8$engine.tile_cache$skip : 5C2E C |
 $engine.tile_cache$TileCache_DecompressBlock$empty_block : 5C40 C |
 Blank_Local_Map : 5C60 C |
 __align$engine.tile_cache$0 : 5C60 C |
 TileCache_CopyBlockColumn : 5C62 C |
 $engine.tile_cache$TileCache_CopyBlockColumn$col_nowrap : 5C70 C |
 $engine.tile_cache$TileCache_CopyBlockColumn$row_nowrap : 5C7E C |
 $engine.tile_cache$TileCache_CopyBlockColumn$nt_one_run : 5CC0 C |
 $engine.tile_cache$TileCache_CopyBlockColumn$nt_run2 : 5CC2 C |
 $engine.tile_cache$TileCache_CopyBlockColumn$coll_run1 : 5CF8 C |
 $engine.tile_cache$TileCache_CopyBlockColumn$coll_one_run : 5D1A C |
 $engine.tile_cache$TileCache_CopyBlockColumn$coll_run2 : 5D1C C |
 $engine.tile_cache$TileCache_CopyBlockColumn$coll_run2_loop : 5D1E C |
 $engine.tile_cache$TileCache_CopyBlockColumn$done_coll : 5D32 C |
 Tile_Cache_Init : 5D36 C |
 $engine.tile_cache$Tile_Cache_Init$left_ok : 5D46 C |
 $engine.tile_cache$Tile_Cache_Init$top_ok : 5DA6 C |
 TileCache_FillAll : 5DC6 C |
 $engine.tile_cache$TileCache_FillAll$zero_nt : 5DDC C |
 $engine.tile_cache$TileCache_FillAll$zero_coll : 5DEC C |
 $engine.tile_cache$TileCache_FillAll$block_row_loop : 5E12 C |
 $engine.tile_cache$TileCache_FillAll$block_col_loop : 5E16 C |
 $engine.tile_cache$TileCache_FillAll$fill_copy_col : 5E4C C |
 $engine.tile_cache$TileCache_FillAll$fill_no_clip : 5E68 C |
 $engine.tile_cache$TileCache_FillAll$fill_rows_ok : 5E86 C |
 $engine.tile_cache$TileCache_FillAll$fill_skip_col : 5E98 C |
 TileCache_WarmupBelowRow : 5EC0 C |
 $engine.tile_cache$TileCache_WarmupBelowRow$scan : 5EE6 C |
 $engine.tile_cache$TileCache_WarmupBelowRow$next : 5F2A C |
 $engine.tile_cache$TileCache_WarmupBelowRow$done : 5F30 C |
 Tile_Cache_Fill : 5F32 C |
 $engine.tile_cache$Tile_Cache_Fill$fg_on_time : 5F50 C |
 $engine.tile_cache$Tile_Cache_Fill$fg_lag_done : 5F54 C |
 $engine.tile_cache$Tile_Cache_Fill$spec_rearm_test : 5F94 C |
 $engine.tile_cache$Tile_Cache_Fill$spec_down : 5F9A C |
 $engine.tile_cache$Tile_Cache_Fill$spec_rearm : 5FA2 C |
 $engine.tile_cache$Tile_Cache_Fill$spec_gate_done : 5FA8 C |
 $engine.tile_cache$Tile_Cache_Fill$stall_wd_count : 5FB4 C |
 $diag16$engine.tile_cache$raise : 5FC0 C |
 $engine.tile_cache$Tile_Cache_Fill$stall_wd_done : 6024 C |
 $engine.tile_cache$Tile_Cache_Fill$row_pending_stale : 6076 C |
 $engine.tile_cache$Tile_Cache_Fill$no_row_pending : 607C C |
 $engine.tile_cache$Tile_Cache_Fill$pending_row_ok : 60A0 C |
 $engine.tile_cache$Tile_Cache_Fill$pending_stale : 60AC C |
 $engine.tile_cache$Tile_Cache_Fill$no_pending : 60B2 C |
 $engine.tile_cache$Tile_Cache_Fill$h_left_pos : 60C4 C |
 $engine.tile_cache$Tile_Cache_Fill$h_clamp_ok : 60E6 C |
 $engine.tile_cache$Tile_Cache_Fill$h_right_fill : 60EA C |
 $engine.tile_cache$Tile_Cache_Fill$h_no_evict : 6102 C |
 $engine.tile_cache$Tile_Cache_Fill$h_right_done : 611A C |
 $engine.tile_cache$Tile_Cache_Fill$h_left_fill : 6120 C |
 $engine.tile_cache$Tile_Cache_Fill$h_no_evict_left : 6136 C |
 $engine.tile_cache$Tile_Cache_Fill$h_origin_ok : 6146 C |
 $engine.tile_cache$Tile_Cache_Fill$h_left_done : 615A C |
 $engine.tile_cache$Tile_Cache_Fill$v_section : 615A C |
 $engine.tile_cache$Tile_Cache_Fill$v_top_pos : 616C C |
 $engine.tile_cache$Tile_Cache_Fill$v_clamp_ok : 6192 C |
 $engine.tile_cache$Tile_Cache_Fill$v_bottom_fill : 619A C |
 $engine.tile_cache$Tile_Cache_Fill$v_no_evict : 61B8 C |
 $engine.tile_cache$Tile_Cache_Fill$v_bottom_done : 61D2 C |
 $engine.tile_cache$Tile_Cache_Fill$v_top_fill : 61D8 C |
 $engine.tile_cache$Tile_Cache_Fill$v_no_evict_up : 61FE C |
 $engine.tile_cache$Tile_Cache_Fill$v_top_done : 6230 C |
 $engine.tile_cache$Tile_Cache_Fill$pfx_no_recent_lag : 6246 C |
 $engine.tile_cache$Tile_Cache_Fill$pfx_gate_ok : 624A C |
 $engine.tile_cache$Tile_Cache_Fill$pfx_up : 6298 C |
 $engine.tile_cache$Tile_Cache_Fill$pfx_go : 62AA C |
 $engine.tile_cache$Tile_Cache_Fill$pfx_scan_begin : 6310 C |
 $engine.tile_cache$Tile_Cache_Fill$pfx_scan : 631A C |
 $engine.tile_cache$Tile_Cache_Fill$pfx_next : 6358 C |
 $engine.tile_cache$Tile_Cache_Fill$pfx_stage : 635E C |
 $engine.tile_cache$Tile_Cache_Fill$pfx_record : 6368 C |
 $engine.tile_cache$Tile_Cache_Fill$row_done : 6390 C |
 $engine.tile_cache$Tile_Cache_Fill$cs_first_left : 63B2 C |
 $engine.tile_cache$Tile_Cache_Fill$cs_first_set : 63B4 C |
 $engine.tile_cache$Tile_Cache_Fill$cs_have_latch : 63BE C |
 $engine.tile_cache$Tile_Cache_Fill$cs_opp_ready : 63C6 C |
 $engine.tile_cache$Tile_Cache_Fill$cs_accum_ok : 63D4 C |
 $engine.tile_cache$Tile_Cache_Fill$cs_latched : 63E6 C |
 $engine.tile_cache$Tile_Cache_Fill$cs_left : 6400 C |
 $engine.tile_cache$Tile_Cache_Fill$cs_have_col : 6410 C |
 $engine.tile_cache$Tile_Cache_Fill$cs_scan_begin : 648A C |
 $engine.tile_cache$Tile_Cache_Fill$cs_scan : 6494 C |
 $engine.tile_cache$Tile_Cache_Fill$cs_next : 64D2 C |
 $engine.tile_cache$Tile_Cache_Fill$cs_stage : 64D8 C |
 $engine.tile_cache$Tile_Cache_Fill$cs_record : 64E2 C |
 $engine.tile_cache$Tile_Cache_Fill$col_done : 650A C |
 $engine.tile_cache$Tile_Cache_Fill$fill_return : 6558 C |
 TileCache_FillColumn : 655A C |
 $engine.tile_cache$TileCache_FillColumn$fc_block_loop : 6574 C |
 $engine.tile_cache$TileCache_FillColumn$fc_from_top : 6574 C |
 $engine.tile_cache$TileCache_FillColumn$fc_have_block : 65B6 C |
 $engine.tile_cache$TileCache_FillColumn$fc_rows_ok : 65E4 C |
 $engine.tile_cache$TileCache_FillColumn$fc_budget_out : 6604 C |
 $engine.tile_cache$TileCache_FillColumn$fc_no_xhold : 6630 C |
 $engine.tile_cache$asm22$no_hold : 6630 C |
 $engine.tile_cache$TileCache_FillColumn$fc_complete : 6634 C |
 TileCache_FillRow : 663E C |
 $engine.tile_cache$TileCache_FillRow$fr_row_nowrap : 6658 C |
 $engine.tile_cache$TileCache_FillRow$fr_no_coll : 666E C |
 $engine.tile_cache$TileCache_FillRow$fr_block_loop : 669E C |
 $engine.tile_cache$TileCache_FillRow$fr_from_left : 669E C |
 $engine.tile_cache$TileCache_FillRow$fr_have_block : 66E2 C |
 $engine.tile_cache$TileCache_FillRow$fr_iclo_done : 671C C |
 $engine.tile_cache$TileCache_FillRow$fr_ichi_head : 672C C |
 $engine.tile_cache$TileCache_FillRow$fr_ichi_done : 673C C |
 $engine.tile_cache$TileCache_FillRow$fr_nt_ncalc : 6764 C |
 $engine.tile_cache$TileCache_FillRow$fr_nt_emit : 6770 C |
 $engine.tile_cache$TileCache_FillRow$fr_nt_empty : 6794 C |
 $engine.tile_cache$TileCache_FillRow$fr_ci_iclo : 67B8 C |
 $engine.tile_cache$TileCache_FillRow$fr_ci_head : 67C8 C |
 $engine.tile_cache$TileCache_FillRow$fr_ci_ichi : 67D8 C |
 $engine.tile_cache$TileCache_FillRow$fr_ci_ncalc : 67FE C |
 $engine.tile_cache$TileCache_FillRow$fr_ci_emit : 680A C |
 $engine.tile_cache$TileCache_FillRow$fr_ci_run1 : 681E C |
 $engine.tile_cache$TileCache_FillRow$fr_ci_run2 : 6838 C |
 $engine.tile_cache$TileCache_FillRow$fr_next_block : 6840 C |
 $engine.tile_cache$TileCache_FillRow$fr_budget_out : 6856 C |
 $engine.tile_cache$TileCache_FillRow$fr_no_yhold : 6884 C |
 $engine.tile_cache$asm27$no_hold : 6884 C |
 $engine.tile_cache$TileCache_FillRow$fr_done : 6888 C |
 $engine.tile_cache$TileCache_FillRow$fr_early_out : 6894 C |
 TileCache_HSlide : 6898 C |
 $engine.tile_cache$TileCache_HSlide$nowrap : 68B0 C |
 $engine.tile_cache$TileCache_HSlide$done : 68B4 C |
 TileCache_VSlide : 68B6 C |
 $engine.tile_cache$TileCache_VSlide$vslide_nowrap : 68CC C |
 $engine.tile_cache$TileCache_VSlide$vslide_done : 68D0 C |
 TileCache_VSlideUp : 68D2 C |
 $engine.tile_cache$TileCache_VSlideUp$vsu_nowrap : 68E6 C |
 $engine.tile_cache$TileCache_VSlideUp$vsu_done : 68EA C |
 Collision_GetType : 6900 C |
 $engine.collision_lookup$Collision_GetType$col_nowrap : 6920 C |
 $engine.collision_lookup$Collision_GetType$row_nowrap : 6946 C |
 $engine.collision_lookup$Collision_GetType$plane_selected : 6958 C |
 $engine.collision_lookup$Collision_GetType$cgt_air : 6964 C |
 Collision_ProbeDown : 6970 C |
 $games.sonic4.player_sensors$asm1$done : 6990 C |
 $games.sonic4.player_sensors$asm1$empty_fwd : 6996 C |
 $games.sonic4.player_sensors$asm1$nothing : 69B0 C |
 $games.sonic4.player_sensors$asm1$full_back : 69B8 C |
 $games.sonic4.player_sensors$asm1$back_supplied : 69D0 C |
 $games.sonic4.player_sensors$asm1$cell : 69DE C |
 $games.sonic4.player_sensors$asm1$cl_hanging : 6A22 C |
 $games.sonic4.player_sensors$asm1$cl_air : 6A30 C |
 Collision_ProbeUp : 6A38 C |
 $games.sonic4.player_sensors$asm12$done : 6A5C C |
 $games.sonic4.player_sensors$asm12$empty_fwd : 6A62 C |
 $games.sonic4.player_sensors$asm12$nothing : 6A80 C |
 $games.sonic4.player_sensors$asm12$full_back : 6A88 C |
 $games.sonic4.player_sensors$asm12$back_supplied : 6AA0 C |
 $games.sonic4.player_sensors$asm12$cell : 6AB2 C |
 $games.sonic4.player_sensors$asm12$cl_hanging : 6AF8 C |
 $games.sonic4.player_sensors$asm12$cl_air : 6B0A C |
 Collision_ProbeRight : 6B12 C |
 $games.sonic4.player_sensors$asm23$done : 6B32 C |
 $games.sonic4.player_sensors$asm23$empty_fwd : 6B38 C |
 $games.sonic4.player_sensors$asm23$nothing : 6B52 C |
 $games.sonic4.player_sensors$asm23$full_back : 6B5A C |
 $games.sonic4.player_sensors$asm23$back_supplied : 6B72 C |
 $games.sonic4.player_sensors$asm23$cell : 6B80 C |
 $games.sonic4.player_sensors$asm23$cl_hanging : 6BC6 C |
 $games.sonic4.player_sensors$asm23$cl_air : 6BD4 C |
 Collision_ProbeLeft : 6BDC C |
 $games.sonic4.player_sensors$asm34$done : 6C00 C |
 $games.sonic4.player_sensors$asm34$empty_fwd : 6C06 C |
 $games.sonic4.player_sensors$asm34$nothing : 6C24 C |
 $games.sonic4.player_sensors$asm34$full_back : 6C2C C |
 $games.sonic4.player_sensors$asm34$back_supplied : 6C44 C |
 $games.sonic4.player_sensors$asm34$cell : 6C56 C |
 $games.sonic4.player_sensors$asm34$cl_hanging : 6C9A C |
 $games.sonic4.player_sensors$asm34$cl_air : 6CAC C |
 Player_SensorPair : 6CB4 C |
 $games.sonic4.player_sensors$Player_SensorPair$b_wins : 6CDA C |
 Player_SensorFloor : 6CDC C |
 $games.sonic4.player_sensors$Player_SensorFloor$terrain : 6CEC C |
 Player_SensorCeiling : 6CF2 C |
 Player_SensorSurface : 6CF6 C |
 $games.sonic4.player_sensors$Player_SensorSurface$case_table : 6D2A C |
 $games.sonic4.player_sensors$Player_SensorSurface$probe_down : 6D32 C |
 $games.sonic4.player_sensors$Player_SensorSurface$probe_up : 6D44 C |
 $games.sonic4.player_sensors$Player_SensorSurface$probe_left : 6D56 C |
 $games.sonic4.player_sensors$Player_SensorSurface$probe_right : 6D66 C |
 $games.sonic4.player_sensors$Player_SensorSurface$pair : 6D74 C |
 $games.sonic4.player_sensors$Player_SensorSurface$diff_pos : 6D9A C |
 $games.sonic4.player_sensors$Player_SensorSurface$substitute : 6DA0 C |
 $games.sonic4.player_sensors$Player_SensorSurface$keep : 6DA2 C |
 Player_SensorWallAt : 6DA4 C |
 Player_SensorWallDir : 6DAC C |
 $games.sonic4.player_sensors$Player_SensorWallDir$dir_table : 6DC2 C |
 $games.sonic4.player_sensors$Player_SensorWallDir$down : 6DCA C |
 $games.sonic4.player_sensors$Player_SensorWallDir$up : 6DD2 C |
 $games.sonic4.player_sensors$Player_SensorWallDir$right : 6DDC C |
 $games.sonic4.player_sensors$Player_SensorWallDir$left : 6DE6 C |
 $games.sonic4.player_sensors$Player_SensorWallDir$resolve : 6DEC C |
 $games.sonic4.player_sensors$Player_SensorWallDir$keep : 6DF4 C |
 Player_AtLedgeEdge : 6DF6 C |
 $games.sonic4.player_sensors$Player_AtLedgeEdge$no_owner : 6E08 C |
 $games.sonic4.player_sensors$Player_AtLedgeEdge$found : 6E0C C |
 $games.sonic4.player_sensors$asm51$abs : 6E18 C |
 $games.sonic4.player_sensors$Player_AtLedgeEdge$terrain : 6E28 C |
 $games.sonic4.player_sensors$Player_AtLedgeEdge$face_left : 6E4E C |
 $games.sonic4.player_sensors$Player_AtLedgeEdge$single : 6E52 C |
 $games.sonic4.player_sensors$Player_AtLedgeEdge$at_edge : 6E60 C |
 Section_Init : 6E64 C |
 Section_FillInitial : 6E70 C |
 Section_FlatIDXY : 6E9A C |
 $engine.section$Section_FlatIDXY$fxy_mul : 6EA4 C |
 $engine.section$Section_FlatIDXY$fxy_add_x : 6EAC C |
 Section_GetSecPtrXY : 6EB4 C |
 $engine.section$Section_GetSecPtrXY$out_of_range : 6EE4 C |
 Section_RedrawPlanes : 6EEA C |
 $engine.section$asm5$wait_z80 : 6F04 C |
 $diag7$engine.section$raise : 6F2E C |
 $diag7$engine.section$skip : 6F7A C |
 $engine.section$Section_RedrawPlanes$pla_fill : 6F98 C |
 $engine.section$Section_RedrawPlanes$col_nowrap : 6FCA C |
 $engine.section$Section_RedrawPlanes$pA_clamp : 7010 C |
 $engine.section$Section_RedrawPlanes$pA_data : 7016 C |
 $engine.section$Section_RedrawPlanes$pa_nowrap : 7024 C |
 $engine.section$Section_RedrawPlanes$pA_dskip : 7028 C |
 $engine.section$Section_RedrawPlanes$pA_zero : 7032 C |
 $engine.section$Section_RedrawPlanes$pA_zskip : 7038 C |
 $engine.section$Section_RedrawPlanes$pB_dok : 7064 C |
 $engine.section$Section_RedrawPlanes$pB_data : 7068 C |
 $engine.section$Section_RedrawPlanes$pb_nowrap : 7076 C |
 $engine.section$Section_RedrawPlanes$pB_zfill : 7084 C |
 $engine.section$Section_RedrawPlanes$pB_allz : 708C C |
 $engine.section$Section_RedrawPlanes$pB_az : 7092 C |
 $engine.section$Section_RedrawPlanes$pB_skip : 7098 C |
 $engine.section$Section_RedrawPlanes$pla_next : 709A C |
 $engine.section$Section_RedrawPlanes$plb_use_act_layout : 70C6 C |
 $engine.section$Section_RedrawPlanes$plb_have_layout : 70D0 C |
 $engine.section$Section_RedrawPlanes$plb_col : 70D6 C |
 $engine.section$Section_RedrawPlanes$plb_word : 70F2 C |
 $engine.section$Section_RedrawPlanes$plb_done : 7100 C |
 $engine.section$asm20$wait_z80 : 710C C |
 $engine.section$Section_RedrawPlanes$track_left_ok : 7132 C |
 Section_UpdateColumns : 7138 C |
 $engine.section$Section_UpdateColumns$not_dirty : 715C C |
 $engine.section$Section_UpdateColumns$right_clamp_ok : 7182 C |
 $engine.section$Section_UpdateColumns$right_cache_ok : 718C C |
 $engine.section$Section_UpdateColumns$right_wrap_ok : 719A C |
 $engine.section$Section_UpdateColumns$right_loop : 719E C |
 $engine.section$Section_UpdateColumns$right_done : 71BE C |
 $engine.section$Section_UpdateColumns$right_done_cache_ok : 71D2 C |
 $engine.section$Section_UpdateColumns$left_clamp_skip : 71DC C |
 $engine.section$Section_UpdateColumns$left_cache_ok : 71EA C |
 $engine.section$Section_UpdateColumns$left_wrap_ok : 71FC C |
 $engine.section$Section_UpdateColumns$left_loop : 7200 C |
 $engine.section$Section_UpdateColumns$left_done : 7220 C |
 $engine.section$Section_UpdateColumns$left_done_cache_ok : 7234 C |
 $engine.section$Section_UpdateColumns$right_clamp_skip2 : 723E C |
 $engine.section$Section_UpdateColumns$bot_cache_ok : 7256 C |
 $engine.section$Section_UpdateColumns$bot_loop : 725A C |
 $engine.section$Section_UpdateColumns$bot_done : 727A C |
 $engine.section$Section_UpdateColumns$bot_done_cache_ok : 728E C |
 $engine.section$Section_UpdateColumns$top_row_clamp_skip : 7298 C |
 $engine.section$Section_UpdateColumns$top_cache_ok : 72A6 C |
 $engine.section$Section_UpdateColumns$top_loop : 72AA C |
 $engine.section$Section_UpdateColumns$top_done : 72CA C |
 $engine.section$Section_UpdateColumns$top_done_cache_ok : 72DE C |
 $engine.section$Section_UpdateColumns$bot_row_clamp_skip : 72E8 C |
 Camera_Init : 72F0 C |
 $engine.camera$asm2$min_ok : 7364 C |
 $engine.camera$asm2$clamp : 736E C |
 $engine.camera$asm4$min_ok : 7382 C |
 $engine.camera$asm4$clamp : 738C C |
 Camera_Update : 7396 C |
 $engine.camera$Camera_Update$no_clamp_count : 73A0 C |
 $engine.camera$Camera_Update$no_freeze : 73B0 C |
 $engine.camera$Camera_Update$x_scroll_right : 73EC C |
 $engine.camera$Camera_Update$apply_x : 73F6 C |
 $engine.camera$Camera_Update$x_done : 7402 C |
 $engine.camera$Camera_Update$x_clamp : 7406 C |
 $engine.camera$asm7$min_ok : 740E C |
 $engine.camera$asm7$clamp : 7418 C |
 $engine.camera$Camera_Update$y_track : 7420 C |
 $engine.camera$Camera_Update$no_curl_comp : 7442 C |
 $engine.camera$Camera_Update$check_down : 745C C |
 $engine.camera$Camera_Update$jump_state : 746C C |
 $engine.camera$Camera_Update$land_lock : 7472 C |
 $engine.camera$Camera_Update$down_ok : 747A C |
 $engine.camera$Camera_Update$apply_y : 7482 C |
 $engine.camera$Camera_Update$y_step_hi_ok : 748C C |
 $engine.camera$Camera_Update$y_step_lo_ok : 7496 C |
 $engine.camera$Camera_Update$clamp_y : 74A2 C |
 $engine.camera$Camera_Update$y_clamp : 74A6 C |
 $engine.camera$asm9$min_ok : 74AE C |
 $engine.camera$asm9$clamp : 74B8 C |
 Parallax_Init : 74D0 C |
 $engine.parallax$Parallax_Init$zero : 74DA C |
 Parallax_CheckBoundary : 74FA C |
 $engine.parallax$Parallax_CheckBoundary$crossed : 751E C |
 $diag2$engine.parallax$raise : 753A C |
 $engine.parallax$Parallax_CheckBoundary$have_preset : 75C2 C |
 $engine.parallax$Parallax_CheckBoundary$no_crossing : 75C8 C |
 Parallax_StartTransition : 75CA C |
 $engine.parallax$Parallax_StartTransition$cap_transitions_stage_begin : 75DC C |
 $engine.parallax$Parallax_StartTransition$cap_transitions_stage_end : 75EE C |
 $engine.parallax$Parallax_StartTransition$instant : 75EE C |
 $engine.parallax$Parallax_StartTransition$update_mode : 7606 C |
 $engine.parallax$Parallax_StartTransition$cap_per_col_vsram_mode_begin : 7608 C |
 $engine.parallax$Parallax_StartTransition$cap_per_col_vsram_mode_end : 7612 C |
 $engine.parallax$Parallax_StartTransition$v_done : 7612 C |
 $engine.parallax$Parallax_StartTransition$no_change : 7616 C |
 $engine.parallax$Parallax_StartTransition$recross_current : 7618 C |
 $engine.parallax$Parallax_Active_Config$cap_transitions_select_begin : 7634 C |
 Parallax_Active_Config : 7634 C |
 $engine.parallax$Parallax_Active_Config$use_target : 7640 C |
 $engine.parallax$Parallax_Active_Config$cap_transitions_select_end : 7646 C |
 Vscroll_Write : 7646 C |
 $engine.parallax$Vscroll_Write$cap_per_col_vsram_emit_begin : 7656 C |
 $engine.parallax$Vscroll_Write$cap_per_col_vsram_emit_end : 76B4 C |
 $engine.parallax$Vscroll_Write$whole_plane : 76B4 C |
 Parallax_Update : 76BC C |
 $engine.parallax$Parallax_Update$use_target : 76DA C |
 $engine.parallax$Parallax_Update$use_current : 76E0 C |
 $engine.parallax$Parallax_Update$config_resolved : 76E4 C |
 $engine.parallax$Parallax_Update$mode3_shadow : 76F6 C |
 $engine.parallax$asm8$wait_z80 : 7718 C |
 $engine.parallax$Parallax_Update$mode3_reg_live : 7738 C |
 $engine.parallax$Parallax_Update$band_loop : 775E C |
 $engine.parallax$Parallax_Update$snap_b : 778C C |
 $engine.parallax$Parallax_Update$write_b : 778E C |
 $engine.parallax$Parallax_Update$band_disabled : 7794 C |
 $engine.parallax$Parallax_Update$band_done : 7798 C |
 $engine.parallax$Parallax_Update$no_config : 77B0 C |
 Parallax_Step4_Fill : 77B2 C |
 $engine.parallax$Parallax_Step4_Fill$find_k : 77C6 C |
 $engine.parallax$Parallax_Step4_Fill$found_k : 77DA C |
 $engine.parallax$Parallax_Step4_Fill$copy_band : 77EE C |
 $engine.parallax$Parallax_Step4_Fill$not_first : 7818 C |
 $engine.parallax$Parallax_Step4_Fill$clamp_top : 7820 C |
 $engine.parallax$Parallax_Step4_Fill$write_top : 782A C |
 $engine.parallax$Parallax_Step4_Fill$no_wrap : 784A C |
 $engine.parallax$Parallax_Step4_Fill$cap_factor_curve_hoist_begin : 784E C |
 $engine.parallax$Parallax_Step4_Fill$curve_band : 7862 C |
 $engine.parallax$Parallax_Step4_Fill$curve_have_end : 7876 C |
 $engine.parallax$Parallax_Step4_Fill$curve_to_sub : 78AA C |
 $engine.parallax$Parallax_Step4_Fill$curve_to_negate : 78AC C |
 $engine.parallax$Parallax_Step4_Fill$curve_to_zero : 78B0 C |
 $engine.parallax$Parallax_Step4_Fill$curve_spread : 78B2 C |
 $engine.parallax$Parallax_Step4_Fill$curve_rem_ok : 78C4 C |
 $engine.parallax$Parallax_Step4_Fill$curve_next : 78CC C |
 $engine.parallax$Parallax_Step4_Fill$cap_factor_curve_hoist_end : 78D8 C |
 $engine.parallax$Parallax_Step4_Fill$cap_anchors_overlay_begin : 78E4 C |
 $engine.parallax$Parallax_Step4_Fill$anchor_hi_ok : 7922 C |
 $engine.parallax$Parallax_Step4_Fill$anchor_unclamped : 7928 C |
 $engine.parallax$Parallax_Step4_Fill$anchor_top : 792E C |
 $engine.parallax$Parallax_Step4_Fill$anchor_nonneg : 7930 C |
 $engine.parallax$Parallax_Step4_Fill$anchor_find_k : 7948 C |
 $engine.parallax$Parallax_Step4_Fill$anchor_have_k : 795A C |
 $engine.parallax$Parallax_Step4_Fill$anchor_shift_band : 7974 C |
 $engine.parallax$Parallax_Step4_Fill$anchor_shift_scroll : 79A2 C |
 $engine.parallax$Parallax_Step4_Fill$anchor_no_shift : 79AE C |
 $engine.parallax$Parallax_Step4_Fill$anchor_shift_write : 7A06 C |
 $engine.parallax$Parallax_Step4_Fill$cap_factor_curve_split_begin : 7A2A C |
 $engine.parallax$Parallax_Step4_Fill$bands_ready : 7A30 C |
 $engine.parallax$Parallax_Step4_Fill$cap_anchors_overlay_end : 7A30 C |
 $engine.parallax$Parallax_Step4_Fill$cap_factor_curve_split_end : 7A30 C |
 Parallax_Step5_Vscroll : 7A48 C |
 $engine.parallax$Parallax_Step5_Vscroll$cap_transitions_lerp_begin : 7A6C C |
 $engine.parallax$Parallax_Step5_Vscroll$cap_transitions_lerp_end : 7A7E C |
 $engine.parallax$Parallax_Step5_Vscroll$v_snap : 7A7E C |
 $engine.parallax$Parallax_Step5_Vscroll$v_locked : 7A82 C |
 $engine.parallax$Parallax_Step5_Vscroll$v_pack : 7A86 C |
 $engine.parallax$Parallax_Step5_Vscroll$cap_per_col_vsram_fill_begin : 7A92 C |
 $engine.parallax$Parallax_Step5_Vscroll$col : 7ABE C |
 $engine.parallax$Parallax_Step5_Vscroll$cap_per_col_vsram_fill_end : 7AD8 C |
 $engine.parallax$Parallax_Step5_Vscroll$v_done : 7AD8 C |
 Decode_Factor_A : 7ADC C |
 $engine.parallax$Decode_Factor_A$a_sub : 7B0A C |
 $engine.parallax$Decode_Factor_A$a_pop_d3 : 7B0C C |
 $engine.parallax$Decode_Factor_A$negate : 7B0E C |
 $engine.parallax$Decode_Factor_A$locked : 7B12 C |
 Decode_Factor_B : 7B16 C |
 $engine.parallax$Decode_Factor_B$b_sub : 7B44 C |
 $engine.parallax$Decode_Factor_B$b_pop_d3 : 7B46 C |
 $engine.parallax$Decode_Factor_B$negate : 7B48 C |
 $engine.parallax$Decode_Factor_B$locked : 7B4C C |
 Parallax_Fill_PerLine : 7B50 C |
 $engine.parallax$Parallax_Fill_PerLine$cap_deform_tables_begin : 7B58 C |
 $engine.parallax$Parallax_Fill_PerLine$cap_deform_tables_end : 7B60 C |
 $engine.parallax$Parallax_Fill_PerLine$next_band : 7B62 C |
 $engine.parallax$Parallax_Fill_PerLine$have_end : 7B6E C |
 $engine.parallax$Parallax_Fill_PerLine$cap_factor_curve_band_begin : 7B74 C |
 $engine.parallax$Parallax_Fill_PerLine$curve_continue : 7B8A C |
 $engine.parallax$Parallax_Fill_PerLine$curve_seeded : 7B92 C |
 $engine.parallax$Parallax_Fill_PerLine$lp_curve : 7BBA C |
 $engine.parallax$Parallax_Fill_PerLine$lc_next : 7BCA C |
 $engine.parallax$Parallax_Fill_PerLine$cap_deform_sample_begin : 7BDA C |
 $engine.parallax$Parallax_Fill_PerLine$cap_factor_curve_band_end : 7BDA C |
 $engine.parallax$Parallax_Fill_PerLine$curve_band_done : 7BDA C |
 $engine.parallax$Parallax_Fill_PerLine$fg_inactive : 7C2A C |
 $engine.parallax$Parallax_Fill_PerLine$lp_both : 7C54 C |
 $engine.parallax$Parallax_Fill_PerLine$lb_line : 7C5A C |
 $engine.parallax$Parallax_Fill_PerLine$band_fg_only : 7C94 C |
 $engine.parallax$Parallax_Fill_PerLine$lf_run : 7CC0 C |
 $engine.parallax$Parallax_Fill_PerLine$lf_grp : 7CCE C |
 $engine.parallax$Parallax_Fill_PerLine$lf_tail : 7D32 C |
 $engine.parallax$Parallax_Fill_PerLine$lf_rem : 7D38 C |
 $engine.parallax$Parallax_Fill_PerLine$lf_after : 7D48 C |
 $engine.parallax$Parallax_Fill_PerLine$lp_bg : 7D5A C |
 $engine.parallax$Parallax_Fill_PerLine$lg_run : 7D84 C |
 $engine.parallax$Parallax_Fill_PerLine$lg_grp : 7D92 C |
 $engine.parallax$Parallax_Fill_PerLine$lg_tail : 7DF6 C |
 $engine.parallax$Parallax_Fill_PerLine$lg_rem : 7DFC C |
 $engine.parallax$Parallax_Fill_PerLine$lg_after : 7E0C C |
 $engine.parallax$Parallax_Fill_PerLine$cap_deform_sample_end : 7E1C C |
 $engine.parallax$Parallax_Fill_PerLine$lp_flat : 7E1C C |
 $engine.parallax$Parallax_Fill_PerLine$fl_line : 7E30 C |
 $engine.parallax$Parallax_Fill_PerLine$fl_tail : 7E44 C |
 $engine.parallax$Parallax_Fill_PerLine$fl_rem : 7E4A C |
 $engine.parallax$Parallax_Fill_PerLine$band_done : 7E50 C |
 Raster_Install : 7E68 C |
 Raster_VBlank : 7E6E C |
 $engine.effects.raster$Raster_VBlank$copy_program : 7E92 C |
 $engine.effects.raster$Raster_VBlank$copy : 7EAA C |
 $engine.effects.raster$Raster_VBlank$no_install : 7EB0 C |
 $engine.effects.raster$Raster_VBlank$done : 7ED6 C |
 Raster_HInt : 7ED8 C |
 $engine.effects.raster$Raster_HInt$op_loop : 7F04 C |
 $engine.effects.raster$Raster_HInt$op_reg : 7F28 C |
 $engine.effects.raster$Raster_HInt$op_cram : 7F30 C |
 $engine.effects.raster$Raster_HInt$cram_delay : 7F34 C |
 $engine.effects.raster$Raster_HInt$cram_loop : 7F3A C |
 $engine.effects.raster$Raster_HInt$op_region : 7F48 C |
 $engine.effects.raster$Raster_HInt$region_delay : 7F4C C |
 $engine.effects.raster$Raster_HInt$region_loop : 7F58 C |
 $engine.effects.raster$Raster_HInt$op_run_gradient : 7F6E C |
 $engine.effects.raster$Raster_HInt$op_run_ramp : 7F82 C |
 $engine.effects.raster$Raster_HInt$advance : 7F98 C |
 $engine.effects.raster$Raster_HInt$priming : 7FA0 C |
 $engine.effects.raster$Raster_HInt$op_pal_restore : 7FB0 C |
 $engine.effects.raster$Raster_HInt$restore_delay : 7FB4 C |
 $engine.effects.raster$Raster_HInt$restore_loop : 7FC0 C |
 $engine.effects.raster$Raster_HInt$dense_body : 7FD6 C |
 $engine.effects.raster$Raster_HInt$ramp_body : 7FFC C |
 SoundTablesZ80_Head : 8000 C |
 $engine.effects.raster$Raster_HInt$dense_end : 801C C |
 $engine.effects.raster$Raster_HInt$park : 8020 C |
 $engine.effects.raster$Raster_HInt$out : 8024 C |
 Raster_Program_None : 802A C |
 Raster_InstallPatched : 8030 C |
 $engine.effects.raster$Raster_InstallPatched$no_ship : 8056 C |
 $engine.effects.raster$Raster_InstallPatched$ship_done : 8058 C |
 $engine.effects.raster$Raster_InstallPatched$no_build : 8074 C |
 Raster_BuildShipEntry : 807A C |
 Raster_BuildSchedule : 80B6 C |
 $engine.effects.raster$Raster_BuildSchedule$dst_ready : 80D2 C |
 $engine.effects.raster$Raster_BuildSchedule$entry : 80EA C |
 $engine.effects.raster$Raster_BuildSchedule$have_line : 810A C |
 $engine.effects.raster$Raster_BuildSchedule$copy : 8134 C |
 $engine.effects.raster$Raster_BuildSchedule$next : 813A C |
 $engine.effects.raster$Raster_BuildSchedule$swap : 8166 C |
 $engine.effects.raster$Raster_BuildSchedule$none : 816A C |
 $engine.effects.raster$Raster_BuildSchedule$suppress : 816C C |
 $engine.effects.raster$Raster_GetChannelBand$cap_anchors_band_begin : 8170 C |
 Raster_GetChannelBand : 8170 C |
 $engine.effects.raster$Raster_GetChannelBand$entry : 8186 C |
 $engine.effects.raster$Raster_GetChannelBand$none : 8192 C |
 $engine.effects.raster$Raster_GetChannelBand$found : 819A C |
 $engine.effects.raster$Raster_GetChannelBand$cap_anchors_band_end : 81A2 C |
 Effects_LatchWorldLines : 81A2 C |
 $engine.effects.raster$Effects_LatchWorldLines$ch : 81B0 C |
 Effects_SetWorldY : 81BC C |
 Palette_LoadPal : 81CC C |
 $engine.effects.palette$Palette_LoadPal$copy_base : 81D8 C |
 $engine.effects.palette$Palette_LoadPal$load_target : 81F2 C |
 $engine.effects.palette$Palette_LoadPal$copy_target : 81FC C |
 Palette_ArmFade : 8210 C |
 Palette_SetOp : 8218 C |
 Palette_SetVariant : 822E C |
 $engine.effects.palette$Palette_SetVariant$none : 8254 C |
 Palette_LoadCycle : 8256 C |
 $engine.effects.palette$Palette_LoadCycle$zero : 8278 C |
 $engine.effects.palette$Palette_LoadCycle$done : 827E C |
 Palette_Compose : 8280 C |
 $engine.effects.palette$Palette_Compose$work : 8288 C |
 $engine.effects.palette$Palette_Compose$base_copy : 82A8 C |
 $engine.effects.palette$Palette_Compose$cycling : 82B6 C |
 $engine.effects.palette$Palette_Compose$fade : 82C0 C |
 $engine.effects.palette$Palette_Compose$operators : 82CA C |
 $engine.effects.palette$Palette_Compose$variants : 82D4 C |
 $engine.effects.palette$Palette_Compose$done : 82EE C |
 Palette_DoCycle : 82F0 C |
 $engine.effects.palette$Palette_DoCycle$chan : 8302 C |
 $engine.effects.palette$Palette_DoCycle$wait : 831E C |
 $engine.effects.palette$Palette_DoCycle$next : 8322 C |
 $engine.effects.palette$Palette_DoCycle$ret : 8328 C |
 $engine.effects.palette$Palette_DoCycle$ret_quiet : 8336 C |
 Palette_RotateSpan : 8338 C |
 MovingTrucks_PitchTable : 8357 C |
 SndDefaultPitchTable : 8357 C |
 $engine.effects.palette$Palette_RotateSpan$fwd : 8366 C |
 $engine.effects.palette$Palette_RotateSpan$rev : 8372 C |
 $engine.effects.palette$Palette_RotateSpan$rup : 837A C |
 $engine.effects.palette$Palette_RotateSpan$done : 8384 C |
 Palette_DoFade : 8386 C |
 $engine.effects.palette$Palette_DoFade$snap : 839A C |
 $engine.effects.palette$Palette_DoFade$step_frame : 83BA C |
 $engine.effects.palette$Palette_DoFade$noskip : 83C4 C |
 $engine.effects.palette$Palette_DoFade$word : 83D0 C |
 $engine.effects.palette$asm10$st_up : 83F0 C |
 $engine.effects.palette$asm10$st_end : 83F2 C |
 $engine.effects.palette$asm11$st_up : 8410 C |
 $engine.effects.palette$asm11$st_end : 8412 C |
 $engine.effects.palette$asm12$st_up : 8434 C |
 $engine.effects.palette$asm12$st_end : 8436 C |
 Palette_DoOperator : 8450 C |
 SfxBlobWinTab : 845F C |
 $engine.effects.palette$Palette_DoOperator$neg_xor : 8480 C |
 $engine.effects.palette$Palette_DoOperator$neg_tick : 8494 C |
 $engine.effects.palette$Palette_DoOperator$fade_dir : 84A0 C |
 $engine.effects.palette$Palette_DoOperator$have_tgt : 84B8 C |
 $engine.effects.palette$Palette_DoOperator$fw_word : 84C0 C |
 $engine.effects.palette$asm16$st_up : 84D8 C |
 $engine.effects.palette$asm16$st_end : 84DA C |
 $engine.effects.palette$asm17$st_up : 84F2 C |
 $engine.effects.palette$asm17$st_end : 84F4 C |
 $engine.effects.palette$asm18$st_up : 850E C |
 $engine.effects.palette$asm18$st_end : 8510 C |
 $engine.effects.palette$Palette_DoOperator$ret : 853A C |
 $engine.effects.palette$Palette_DoOperator$white_flash : 853C C |
 $engine.effects.palette$Palette_DoOperator$wf_fill : 8544 C |
 $engine.effects.palette$Palette_DoOperator$op_done_restore : 855E C |
 SeqOpcodeTable : 8571 C |
 Palette_DoVariants : 857E C |
 $engine.effects.palette$Palette_DoVariants$slot1 : 858C C |
 $engine.effects.palette$Palette_DoVariants$ret : 859A C |
 Palette_DeriveVariant : 859C C |
 $engine.effects.palette$Palette_DeriveVariant$line : 85A2 C |
 DacSampleTable : 85B1 C |
 $engine.effects.palette$Palette_DeriveVariant$entry : 85B8 C |
 $engine.effects.palette$asm23$cl_pos : 85D8 C |
 $engine.effects.palette$asm23$cl_end : 85E0 C |
 $engine.effects.palette$asm24$cl_pos : 8602 C |
 $engine.effects.palette$asm24$cl_end : 860A C |
 $engine.effects.palette$asm25$cl_pos : 862E C |
 $engine.effects.palette$asm25$cl_end : 8636 C |
 $engine.effects.palette$Palette_DeriveVariant$next_line : 8642 C |
 Pal_Cycle_None : 864E C |
 Effects_ResolveParallax : 8650 C |
 $engine.effects.preset$Effects_ResolveParallax$no_sec_binding : 865C C |
 $engine.effects.preset$Effects_ResolveParallax$act_default : 8670 C |
 $engine.effects.preset$Effects_ResolveParallax$have_config : 8678 C |
 Effects_InstallPreset : 867A C |
 $engine.effects.preset$Effects_InstallPreset$seed_anchor : 8692 C |
 $engine.effects.preset$Effects_InstallPreset$no_fade_arm : 86A6 C |
 $engine.effects.preset$Effects_InstallPreset$variant0_same : 86C6 C |
 $engine.effects.preset$Effects_InstallPreset$variant1_same : 86D8 C |
 $engine.effects.preset$Effects_InstallPreset$no_patch : 86E8 C |
 $engine.effects.preset$Effects_InstallPreset$have_raster : 86F8 C |
 $engine.effects.preset$Effects_InstallPreset$raster_done : 86FC C |
 Level_LoadArt : 8720 C |
 $engine.load_art$Level_LoadArt$streaming_pool : 874C C |
 $engine.load_art$Level_LoadArt$enq_loop : 8766 C |
 $engine.load_art$Level_LoadArt$enq_next : 877A C |
 $engine.load_art$Level_LoadArt$drain_wait : 877E C |
 $engine.load_art$Level_LoadArt$bg : 87A8 C |
 $engine.load_art$Level_LoadArt$direct_scan : 87C2 C |
 $engine.load_art$Level_LoadArt$direct_ok : 87CC C |
 $engine.load_art$Level_LoadArt$no_direct : 87D0 C |
 PageIn_Process : 87D8 C |
 $engine.page_in$PageIn_Process$lag_ontime : 8804 C |
 $engine.page_in$PageIn_Process$frame_ticked : 880C C |
 $engine.page_in$PageIn_Process$gate_reset : 8850 C |
 $engine.page_in$PageIn_Process$start : 8854 C |
 $diag1$engine.page_in$raise : 8862 C |
 $engine.page_in$PageIn_Process$page_id_ok : 88AE C |
 $engine.page_in$PageIn_Process$no_base_check : 88C4 C |
 $diag2$engine.page_in$raise : 8918 C |
 $diag2$engine.page_in$skip : 896E C |
 $engine.page_in$PageIn_Process$raw : 8988 C |
 $diag3$engine.page_in$raise : 8990 C |
 $engine.page_in$PageIn_Process$raw_src_even : 89E0 C |
 $engine.page_in$PageIn_Process$raw_published : 89FE C |
 $engine.page_in$PageIn_Process$alloc_fail : 8A0A C |
 $engine.page_in$PageIn_Process$idle : 8A16 C |
 $diag4$engine.page_in$raise : 8A18 C |
 $engine.page_in$PageIn_Process$drop_degenerate : 8A18 C |
 $engine.page_in$PageIn_Process$release_claim : 8A60 C |
 $engine.page_in$PageIn_Process$claim_done : 8A78 C |
 $engine.page_in$PageIn_Process$resume : 8A7A C |
 $engine.page_in$PageIn_Process$after : 8A7E C |
 $engine.page_in$PageIn_Process$land : 8A82 C |
 $engine.page_in$PageIn_Process$land_full : 8AA2 C |
 $engine.page_in$PageIn_Process$queue_has_nonspec : 8AA8 C |
 $engine.page_in$PageIn_Process$qn_scan : 8AB4 C |
 $engine.page_in$PageIn_Process$qn_found : 8AC8 C |
 $engine.page_in$PageIn_Process$dequeue : 8ACC C |
 $engine.page_in$PageIn_Process$dq_scan : 8AD8 C |
 $engine.page_in$PageIn_Process$dq_found : 8AF2 C |
 $engine.page_in$PageIn_Process$dq_shift : 8B08 C |
 $engine.page_in$PageIn_Process$dq_done : 8B0E C |
 PageIn_BankRegs : 8B14 C |
 PageIn_Resume : 8B3A C |
 PageIn_EnqueueLanding : 8B68 C |
 $engine.page_in$PageIn_EnqueueLanding$art_deferred : 8B96 C |
 $engine.page_in$PageIn_EnqueueLanding$dropped : 8BA0 C |
 PageIn_Enqueue : 8BA6 C |
 $engine.page_in$PageIn_Enqueue$full : 8BDE C |
 PageIn_Flush : 8BE4 C |
 PageCache_Init : 8C34 C |
 $engine.page_cache$PageCache_Init$clr_table : 8C4A C |
 $engine.page_cache$PageCache_Init$clr_queued : 8C5C C |
 $engine.page_cache$PageCache_Init$init_frames : 8C6E C |
 PageCache_Request : 8C9E C |
 $diag2$engine.page_cache$raise : 8CA4 C |
 $engine.page_cache$PageCache_Request$in_range : 8CFA C |
 $engine.page_cache$PageCache_Request$not_inflight : 8D22 C |
 $engine.page_cache$PageCache_Request$no_dbg : 8D42 C |
 $engine.page_cache$PageCache_Request$done : 8D46 C |
 PageCache_AllocFrame : 8D48 C |
 $engine.page_cache$PageCache_AllocFrame$from_lru : 8D68 C |
 $engine.page_cache$PageCache_AllocFrame$ev_scan : 8D78 C |
 $engine.page_cache$PageCache_AllocFrame$ev_next : 8D90 C |
 $diag4$engine.page_cache$raise : 8DA8 C |
 $engine.page_cache$PageCache_AllocFrame$victim_ok : 8DFE C |
 $engine.page_cache$PageCache_AllocFrame$detach : 8E2A C |
 $diag5$engine.page_cache$raise : 8E44 C |
 $engine.page_cache$PageCache_AllocFrame$thrash : 8E44 C |
 PageCache_FreeFrame : 8E98 C |
 $diag7$engine.page_cache$raise : 8EAC C |
 $engine.page_cache$PageCache_FreeFrame$detached_ok : 8EFA C |
 PageCache_Publish : 8F08 C |
 $diag9$engine.page_cache$raise : 8F2C C |
 $engine.page_cache$PageCache_Publish$pub_not_resident : 8F8A C |
 $engine.page_cache$PageCache_Publish$not_pinned : 8FC0 C |
 $engine.page_cache$PageCache_Publish$done : 8FDA C |
 PageCache_PatchRun_Seq : 8FDC C |
 $engine.page_cache$asm11$pw_new_blank : 8FFE C |
 $engine.page_cache$asm11$pw_miss : 900E C |
 $engine.page_cache$asm11$pw_word : 902C C |
 $diag12$engine.page_cache$raise : 9048 C |
 $engine.page_cache$asm11$pw_page_ok : 90A4 C |
 $engine.page_cache$asm11$pw_ref_done : 90DC C |
 $engine.page_cache$asm11$pw_unref_old : 90E4 C |
 $diag13$engine.page_cache$raise : 90EE C |
 $engine.page_cache$asm11$pw_rc_ok : 9148 C |
 $engine.page_cache$asm11$pw_next : 9164 C |
 $engine.page_cache$PageCache_PatchRun_Seq$direct : 9176 C |
 $engine.page_cache$asm15$pd_blank : 9180 C |
 $engine.page_cache$asm15$pd_word : 9186 C |
 $diag16$engine.page_cache$raise : 919C C |
 $engine.page_cache$asm15$pd_bound_ok : 9202 C |
 $engine.page_cache$asm15$pd_next : 920A C |
 PageCache_PatchRun_Col : 921C C |
 $engine.page_cache$asm18$pw_new_blank : 923E C |
 $engine.page_cache$asm18$pw_miss : 924E C |
 $engine.page_cache$asm18$pw_word : 926C C |
 $diag19$engine.page_cache$raise : 9288 C |
 $engine.page_cache$asm18$pw_page_ok : 92E4 C |
 $engine.page_cache$asm18$pw_ref_done : 931C C |
 $engine.page_cache$asm18$pw_unref_old : 9324 C |
 $diag20$engine.page_cache$raise : 932E C |
 $engine.page_cache$asm18$pw_rc_ok : 9388 C |
 $engine.page_cache$asm18$pw_next : 93A4 C |
 $engine.page_cache$PageCache_PatchRun_Col$direct : 93B6 C |
 $engine.page_cache$asm22$pd_blank : 93C0 C |
 $engine.page_cache$asm22$pd_word : 93C6 C |
 $diag23$engine.page_cache$raise : 93DC C |
 $engine.page_cache$asm22$pd_bound_ok : 9442 C |
 $engine.page_cache$asm22$pd_next : 944A C |
 PageCache_Prefetch : 945C C |
 $engine.page_cache$PageCache_Prefetch$row_scan : 949E C |
 $engine.page_cache$PageCache_Prefetch$row_next : 94C2 C |
 $engine.page_cache$PageCache_Prefetch$col_strip : 94C8 C |
 $engine.page_cache$PageCache_Prefetch$col_scan : 94E4 C |
 $engine.page_cache$PageCache_Prefetch$col_next : 950A C |
 $engine.page_cache$PageCache_Prefetch$strips_done : 9510 C |
 $engine.page_cache$PageCache_Prefetch$ret : 9514 C |
 $engine.page_cache$PageCache_Prefetch$scan_block : 9516 C |
 $engine.page_cache$PageCache_Prefetch$sb_loop : 9520 C |
 $engine.page_cache$PageCache_Prefetch$sb_next : 955A C |
 $engine.page_cache$PageCache_Prefetch$sb_done : 955E C |
 PageCache_ResetRefcounts : 9560 C |
 $engine.page_cache$PageCache_ResetRefcounts$frame : 956E C |
 $engine.page_cache$PageCache_ResetRefcounts$store : 958E C |
 PageCache_Audit : 959C C |
 $engine.page_cache$PageCache_Audit$snap_tab : 95B6 C |
 $engine.page_cache$PageCache_Audit$snap_frame : 95C4 C |
 $engine.page_cache$PageCache_Audit$zero : 95DC C |
 $engine.page_cache$PageCache_Audit$walk : 95F0 C |
 $engine.page_cache$PageCache_Audit$walk_next : 9600 C |
 $engine.page_cache$PageCache_Audit$cmp : 9618 C |
 $diag27$engine.page_cache$raise : 9620 C |
 $engine.page_cache$PageCache_Audit$cmp_next : 966E C |
 $engine.page_cache$PageCache_Audit$dm_frame : 967A C |
 $diag28$engine.page_cache$raise : 9682 C |
 $engine.page_cache$PageCache_Audit$dm_rc_ok : 96F2 C |
 $diag29$engine.page_cache$raise : 96FC C |
 $engine.page_cache$PageCache_Audit$dm_next : 9764 C |
 $engine.page_cache$PageCache_Audit$dm_ident : 977C C |
 $diag30$engine.page_cache$raise : 9780 C |
 $engine.page_cache$PageCache_Audit$dm_ident_ok : 97DE C |
 $engine.page_cache$PageCache_Audit$cmp_done : 97E4 C |
 $engine.page_cache$PageCache_Audit$evf : 97EE C |
 $diag31$engine.page_cache$raise : 9800 C |
 $engine.page_cache$PageCache_Audit$evf_rc_ok : 9846 C |
 $diag32$engine.page_cache$raise : 984C C |
 $engine.page_cache$PageCache_Audit$evf_pin_ok : 9892 C |
 $diag33$engine.page_cache$raise : 989A C |
 $engine.page_cache$PageCache_Audit$evf_next : 98E4 C |
 $engine.page_cache$PageCache_Audit$bij_frame : 98F8 C |
 $diag34$engine.page_cache$raise : 9912 C |
 $engine.page_cache$PageCache_Audit$bij_frame_next : 9978 C |
 $engine.page_cache$PageCache_Audit$bij_page : 9990 C |
 $diag35$engine.page_cache$raise : 99A8 C |
 $engine.page_cache$PageCache_Audit$bij_page_next : 9A12 C |
 $engine.page_cache$PageCache_Audit$orphan : 9A2A C |
 $diag36$engine.page_cache$raise : 9A4C C |
 $engine.page_cache$PageCache_Audit$orphan_next : 9AA2 C |
 BG_Init : 9AB0 C |
 $engine.bg$BG_Init$bg_len_ok : 9AD4 C |
 $engine.bg$asm1$wait_z80 : 9AE2 C |
 $engine.bg$BG_Init$tile_copy : 9B04 C |
 $engine.bg$BG_Init$skip_tiles : 9B12 C |
 $diag3$engine.bg$raise : 9B2E C |
 $diag3$engine.bg$skip : 9B7A C |
 $engine.bg$asm4$wait_z80 : 9B84 C |
 $engine.bg$BG_Init$nt_col : 9B9E C |
 $engine.bg$BG_Init$nt_row : 9BBE C |
 $engine.bg$BG_Init$skip_nt : 9BDC C |
 BgAnim_Init : 9BF0 C |
 BgAnim_Update : 9BFC C |
 $diag2$engine.bg_anim$raise : 9C16 C |
 $diag2$engine.bg_anim$skip : 9C6C C |
 $engine.bg_anim$BgAnim_Update$band_loop : 9C74 C |
 $engine.bg_anim$BgAnim_Update$cam_x : 9C82 C |
 $engine.bg_anim$BgAnim_Update$cam_y : 9C88 C |
 $engine.bg_anim$BgAnim_Update$have_value : 9C8C C |
 $diag3$engine.bg_anim$raise : 9CC0 C |
 $diag3$engine.bg_anim$skip : 9D08 C |
 $engine.bg_anim$BgAnim_Update$commit : 9D2E C |
 $engine.bg_anim$BgAnim_Update$queue_full : 9D32 C |
 $engine.bg_anim$BgAnim_Update$skip_band : 9D36 C |
 $engine.bg_anim$BgAnim_Update$next_band : 9D38 C |
 $engine.bg_anim$BgAnim_Update$exit : 9D42 C |
 CompressionSelfTest : 9D48 C |
 $diag1$engine.compression_selftest$raise : 9D6A C |
 $diag1$engine.compression_selftest$skip : 9DC2 C |
 $diag2$engine.compression_selftest$raise : 9DF4 C |
 $diag2$engine.compression_selftest$skip : 9E4C C |
 $diag3$engine.compression_selftest$raise : 9E74 C |
 $diag3$engine.compression_selftest$skip : 9ECC C |
 $engine.compression_selftest$CompressionSelfTest$eq_page : 9EE6 C |
 $engine.compression_selftest$CompressionSelfTest$eq_resume : 9F26 C |
 $engine.compression_selftest$CompressionSelfTest$eq_cmp : 9F44 C |
 $engine.compression_selftest$CompressionSelfTest$eq_next : 9F4C C |
 $diag4$engine.compression_selftest$raise : 9F56 C |
 $engine.compression_selftest$CompressionSelfTest$eq_bad : 9F56 C |
 $engine.compression_selftest$CompressionSelfTest$eq_done : 9FB0 C |
 $engine.compression_selftest$CompressionSelfTest$poison : 9FB2 C |
 $engine.compression_selftest$CompressionSelfTest$poison_loop : 9FC0 C |
 $engine.compression_selftest$CompressionSelfTest$checksum : 9FC8 C |
 $engine.compression_selftest$CompressionSelfTest$sum_loop : 9FD4 C |
 $engine.compression_selftest$CompressionSelfTest$byte_compare : 9FDC C |
 $engine.compression_selftest$CompressionSelfTest$cmp_loop : 9FEE C |
 $engine.compression_selftest$CompressionSelfTest$cmp_match : 9FF4 C |
 $diag5$engine.compression_selftest$raise : A002 C |
 $diag5$engine.compression_selftest$skip : A04A C |
 Art_Decompress : A04E C |
 $engine.compression_selftest$Art_Decompress$s4lz : A05A C |
 ZX0_Decompress : A05E C |
 $engine.compression_selftest$ZX0_Decompress$literals : A066 C |
 $engine.compression_selftest$ZX0_Decompress$copy_lits : A06A C |
 $engine.compression_selftest$ZX0_Decompress$rep_match : A074 C |
 $engine.compression_selftest$ZX0_Decompress$do_copy : A076 C |
 $engine.compression_selftest$ZX0_Decompress$do_copy_offs : A078 C |
 $engine.compression_selftest$ZX0_Decompress$copy_match : A07C C |
 $engine.compression_selftest$ZX0_Decompress$get_offset : A086 C |
 $engine.compression_selftest$ZX0_Decompress$get_elias : A09E C |
 $engine.compression_selftest$ZX0_Decompress$elias_loop : A0A0 C |
 $engine.compression_selftest$ZX0_Decompress$got_bit : A0A8 C |
 $engine.compression_selftest$ZX0_Decompress$elias_bt : A0AA C |
 $engine.compression_selftest$ZX0_Decompress$done : A0B0 C |
 $engine.compression_selftest$ZX0_Decompress$got_elias : A0B4 C |
 CSelf_S4LZ_Plain : A0B6 C |
 __align$engine.compression_selftest$0 : A0B6 C |
 CSelf_S4LZ_Dict : A338 C |
 __align$engine.compression_selftest$1 : A338 C |
 CSelf_Dict_Blob : A51E C |
 __align$engine.compression_selftest$2 : A51E C |
 CSelf_ZX0 : A61E C |
 __align$engine.compression_selftest$3 : A61E C |
 CSelf_Expected : A840 C |
 __align$engine.compression_selftest$4 : A840 C |
 Sound_PostByte : AB30 C |
 $engine.sound_api$asm2$wait_z80 : AB3E C |
 Sound_Init : AB56 C |
 $engine.sound_api$Sound_Init$wait_alive : AB5E C |
 $engine.sound_api$asm6$wait_z80 : AB6A C |
 $diag8$engine.sound_api$raise : AB8C C |
 $engine.sound_api$Sound_Init$alive_go : ABD8 C |
 Sound_Ping : ABDE C |
 Sound_PlaySample : ABE8 C |
 Sound_PlayMusic : ABF2 C |
 $engine.sound_api$Sound_PlayMusic$await_slot : ABF8 C |
 $engine.sound_api$asm12$wait_z80 : AC00 C |
 $diag14$engine.sound_api$raise : AC20 C |
 $engine.sound_api$Sound_PlayMusic$await_go : AC6C C |
 $diag15$engine.sound_api$raise : AC7E C |
 $diag15$engine.sound_api$skip : ACC6 C |
 $diag16$engine.sound_api$raise : ACD2 C |
 $diag16$engine.sound_api$skip : AD22 C |
 $engine.sound_api$asm21$wait_z80 : AD76 C |
 Sound_PlaySFX : ADBA C |
 $engine.sound_api$Sound_PlaySFX$ps_checkfull : ADE6 C |
 $diag25$engine.sound_api$raise : ADF6 C |
 $engine.sound_api$Sound_PlaySFX$ps_full_ok : AE38 C |
 $engine.sound_api$Sound_PlaySFX$ps_drop : AE40 C |
 $engine.sound_api$Sound_PlaySFX$ps_ret : AE44 C |
 Sound_DrainSfxRing : AE46 C |
 $engine.sound_api$asm27$wait_z80 : AE60 C |
 $engine.sound_api$Sound_DrainSfxRing$dr_done : AE8A C |
 $engine.sound_api$Sound_DrainSfxRing$dr_ret : AE94 C |
 Sound_PlayRing : AE96 C |
 $engine.sound_api$Sound_PlayRing$left : AEAA C |
 Sound_StopMusic : AEB0 C |
 Sound_SetTempo : AEBE C |
 Sound_FadeOut : AEC8 C |
 Sound_FadeIn : AED6 C |
 Sound_FadeCmd : AEE4 C |
 Sound_Pause : AEEE C |
 Sound_Unpause : AEFA C |
 Sound_PauseAll : AF06 C |
 Sound_UnpauseAll : AF12 C |
 Sound_PlayJingle : AF1E C |
 Sound_FadeOutStop : AF28 C |
 Sound_FadeOutPause : AF36 C |
 Sound_ReadStat : AF44 C |
 $engine.sound_api$asm44$wait_z80 : AF52 C |
 Sound_IsMusicPlaying : AF6A C |
 Sound_IsFading : AF72 C |
 Sound_GetComm : AF7A C |
 ObjCodeBase : 10000 C |
 Player_Init : 10002 C |
 $diag1$games.sonic4.player_common$raise : 10012 C |
 $diag1$games.sonic4.player_common$skip : 10064 C |
 $games.sonic4.player_common$asm4$blk_resolved : 100EC C |
 Player_RefreshPhysics : 100FE C |
 $games.sonic4.player_common$Player_RefreshPhysics$pal_copy : 1012E C |
 $games.sonic4.player_common$Player_RefreshPhysics$no_pal : 1013A C |
 Player_Main : 1013C C |
 $games.sonic4.player_common$Player_Main$toggle_exit : 1015A C |
 $games.sonic4.player_common$Player_Main$no_toggle : 1015E C |
 $games.sonic4.player_common$asm9$blk_resolved : 10174 C |
 $games.sonic4.player_common$Player_Main$latch : 1019A C |
 $games.sonic4.player_common$Player_Main$no_latch : 101A2 C |
 $games.sonic4.player_common$Player_Main$buffer_done : 101AC C |
 $diag10$games.sonic4.player_common$raise : 101C2 C |
 $diag10$games.sonic4.player_common$skip : 1021A C |
 $games.sonic4.player_common$Player_Main$rings_done : 10260 C |
 Player_Display : 10260 C |
 Player_ApplyTilt : 10272 C |
 $games.sonic4.player_common$Player_ApplyTilt$biased : 10288 C |
 $games.sonic4.player_common$Player_ApplyTilt$faced : 10294 C |
 $games.sonic4.player_common$Player_ApplyTilt$flip_ready : 1029C C |
 $games.sonic4.player_common$Player_ApplyTilt$run_stride : 102D2 C |
 $games.sonic4.player_common$Player_ApplyTilt$banked : 102D4 C |
 $games.sonic4.player_common$Player_ApplyTilt$done : 102DE C |
 Glide_Pose_Table8 : 102E0 C |
 Player_Animate : 102E8 C |
 $games.sonic4.player_common$asm14$abs : 102F0 C |
 $games.sonic4.player_common$Player_Animate$hold_ok : 102FA C |
 $games.sonic4.player_common$Player_Animate$not_spindash : 10314 C |
 $games.sonic4.player_common$Player_Animate$fly_tired : 10328 C |
 $games.sonic4.player_common$Player_Animate$not_fly : 10330 C |
 $games.sonic4.player_common$Player_Animate$glide_face_set : 10360 C |
 $games.sonic4.player_common$Player_Animate$not_glide : 1036A C |
 $games.sonic4.player_common$Player_Animate$not_glidefall : 10378 C |
 $games.sonic4.player_common$Player_Animate$not_slide : 10386 C |
 $games.sonic4.player_common$Player_Animate$not_climb : 10394 C |
 $games.sonic4.player_common$Player_Animate$not_ledge : 103A2 C |
 $games.sonic4.player_common$asm15$abs : 103B2 C |
 $games.sonic4.player_common$Player_Animate$roll_hold_ok : 103BC C |
 $games.sonic4.player_common$Player_Animate$uncurled : 103C6 C |
 $games.sonic4.player_common$Player_Animate$skid_left : 103E6 C |
 $games.sonic4.player_common$Player_Animate$skid_opposing : 103EC C |
 $games.sonic4.player_common$asm16$abs : 103FA C |
 $games.sonic4.player_common$Player_Animate$skid_show : 10408 C |
 $games.sonic4.player_common$Player_Animate$not_skid : 10414 C |
 $games.sonic4.player_common$Player_Animate$skid_drop : 10414 C |
 $games.sonic4.player_common$Player_Animate$not_push : 10424 C |
 $games.sonic4.player_common$Player_Animate$rest_input : 1043C C |
 $games.sonic4.player_common$Player_Animate$not_duck : 1044C C |
 $games.sonic4.player_common$Player_Animate$not_lookup : 1045C C |
 $games.sonic4.player_common$Player_Animate$idle : 1046A C |
 $games.sonic4.player_common$Player_Animate$walk_or_run : 10472 C |
 $games.sonic4.player_common$asm17$abs : 1047A C |
 $games.sonic4.player_common$Player_Animate$walk : 10488 C |
 Player_States : 10490 C |
 Player_SetState : 104AA C |
 PState_EnterHooks : 104CC C |
 PState_ExitHooks : 104E6 C |
 PHook_Null : 10500 C |
 PHook_GroundEnter : 10502 C |
 PHook_AirEnter : 10516 C |
 PHook_AirBallEnter : 10520 C |
 PHook_RollEnter : 1052C C |
 PHook_GlideEnter : 1053C C |
 PHook_SlideEnter : 10546 C |
 PHook_ClimbEnter : 10550 C |
 PHook_SpindashEnter : 1055A C |
 PHook_SpindashExit : 1057C C |
 PHook_EnsureStanding : 10582 C |
 $games.sonic4.player_common$PHook_EnsureStanding$keep : 105AC C |
 PHook_EnsureAbility : 105AE C |
 $games.sonic4.player_common$PHook_EnsureAbility$keep : 105C8 C |
 PHook_EnsureBall : 105CA C |
 $games.sonic4.player_common$PHook_EnsureBall$keep : 105F6 C |
 Player_SnapToSurface : 105F8 C |
 $games.sonic4.player_common$Player_SnapToSurface$down : 1060E C |
 $games.sonic4.player_common$Player_SnapToSurface$left : 10614 C |
 $games.sonic4.player_common$Player_SnapToSurface$up : 1061A C |
 Player_BoundsInit : 10620 C |
 Player_LevelBound : 10646 C |
 $diag39$games.sonic4.player_common$raise : 10660 C |
 $diag39$games.sonic4.player_common$skip : 106A8 C |
 $games.sonic4.player_common$Player_LevelBound$clamp_x : 106AE C |
 $games.sonic4.player_common$Player_LevelBound$x_done : 106BE C |
 $games.sonic4.player_common$Player_LevelBound$edge_clamp : 106E4 C |
 $games.sonic4.player_common$Player_LevelBound$y_ok : 106F0 C |
 $games.sonic4.player_common$Player_LevelBound$edge_wrap : 106F2 C |
 $games.sonic4.player_common$Player_LevelBound$edge_kill : 106F4 C |
 Player_DebugEnter : 106FA C |
 Player_DebugExit : 1072E C |
 Player_DebugMove : 10766 C |
 $games.sonic4.player_common$Player_DebugMove$check_right : 10778 C |
 $games.sonic4.player_common$Player_DebugMove$check_up : 10782 C |
 $games.sonic4.player_common$Player_DebugMove$check_down : 1078C C |
 $games.sonic4.player_common$Player_DebugMove$draw : 10796 C |
 PState_Ground : 107A0 C |
 $games.sonic4.player_ground$asm1$abs : 107B6 C |
 $games.sonic4.player_ground$PState_Ground$no_spindash : 107D2 C |
 $games.sonic4.player_ground$PState_Ground$no_jump : 107E4 C |
 $games.sonic4.player_ground$asm2$abs : 10806 C |
 $games.sonic4.player_ground$PState_Ground$slope_factor : 1080E C |
 $games.sonic4.player_ground$PState_Ground$no_slope : 10814 C |
 $games.sonic4.player_ground$asm3$abs : 10830 C |
 Ground_PostMove : 10842 C |
 $games.sonic4.player_ground$Ground_PostMove$lock_done : 1085C C |
 $games.sonic4.player_ground$Ground_PostMove$terrain : 1085E C |
 $games.sonic4.player_ground$Ground_PostMove$axis_sel : 10872 C |
 $games.sonic4.player_ground$asm5$abs : 10876 C |
 $games.sonic4.player_ground$Ground_PostMove$window_ok : 10882 C |
 $games.sonic4.player_ground$Ground_PostMove$snap : 10894 C |
 $games.sonic4.player_ground$Ground_PostMove$no_snap : 1089C C |
 Player_SlopeRepel : 1089C C |
 $games.sonic4.player_ground$Player_SlopeRepel$lock_idle : 108AA C |
 $games.sonic4.player_ground$asm7$abs : 108C6 C |
 $games.sonic4.player_ground$Player_SlopeRepel$nudge : 108D8 C |
 $games.sonic4.player_ground$Player_SlopeRepel$done : 108F2 C |
 Ground_DetachState : 108F4 C |
 $games.sonic4.player_ground$Ground_DetachState$set : 10900 C |
 PState_Roll : 10904 C |
 $games.sonic4.player_ground$PState_Roll$no_jump : 10916 C |
 $games.sonic4.player_ground$PState_Roll$gsp_neg : 10940 C |
 $games.sonic4.player_ground$PState_Roll$uphill : 10944 C |
 $games.sonic4.player_ground$PState_Roll$slope_apply : 10946 C |
 $games.sonic4.player_ground$PState_Roll$no_slope : 1094A C |
 $games.sonic4.player_ground$asm10$lr_masked : 10964 C |
 $games.sonic4.player_ground$PState_Roll$brake_left : 1097E C |
 $games.sonic4.player_ground$PState_Roll$moving_left : 10988 C |
 $games.sonic4.player_ground$PState_Roll$brake_right : 1099C C |
 $games.sonic4.player_ground$PState_Roll$friction : 109A6 C |
 $games.sonic4.player_ground$PState_Roll$fric_neg : 109BA C |
 $games.sonic4.player_ground$PState_Roll$unroll_check : 109C0 C |
 $games.sonic4.player_ground$asm11$abs : 109CA C |
 $games.sonic4.player_ground$PState_Roll$keep_rolling : 109F2 C |
 $games.sonic4.player_ground$PState_Roll$shared_move : 109FE C |
 Ground_Move : 10A06 C |
 $games.sonic4.player_ground$asm14$lr_masked : 10A20 C |
 $games.sonic4.player_ground$Ground_Move$friction : 10A2C C |
 $games.sonic4.player_ground$Ground_Move$friction_neg : 10A3E C |
 $games.sonic4.player_ground$Ground_Move$move_left : 10A46 C |
 $games.sonic4.player_ground$Ground_Move$accel_left : 10A54 C |
 $games.sonic4.player_ground$Ground_Move$move_right : 10A6E C |
 $games.sonic4.player_ground$Ground_Move$accel_right : 10A7E C |
 Ground_Move_Cap : 10A94 C |
 $games.sonic4.player_ground$Ground_Move_Cap$cap_pos_ok : 10A9E C |
 $games.sonic4.player_ground$Ground_Move_Cap$cap_neg_ok : 10AA8 C |
 $games.sonic4.player_ground$Ground_Move_Cap$project_slope : 10ABE C |
 $games.sonic4.player_ground$Ground_Move_Cap$wall_probe : 10ADA C |
 $games.sonic4.player_ground$Ground_Move_Cap$gate_ok : 10AF2 C |
 $games.sonic4.player_ground$Ground_Move_Cap$dir_fwd : 10AFE C |
 $games.sonic4.player_ground$Ground_Move_Cap$not_rolling : 10B38 C |
 $games.sonic4.player_ground$Ground_Move_Cap$probe_y_set : 10B40 C |
 $games.sonic4.player_ground$Ground_Move_Cap$off_right : 10B4E C |
 $games.sonic4.player_ground$Ground_Move_Cap$off_vert : 10B54 C |
 $games.sonic4.player_ground$Ground_Move_Cap$off_up : 10B5E C |
 $games.sonic4.player_ground$Ground_Move_Cap$probe_go : 10B62 C |
 $games.sonic4.player_ground$Ground_Move_Cap$clear_push : 10B6C C |
 $games.sonic4.player_ground$Ground_Move_Cap$wall_hit : 10B74 C |
 $games.sonic4.player_ground$Ground_Move_Cap$cancel_right : 10B84 C |
 $games.sonic4.player_ground$Ground_Move_Cap$cancel_vert : 10B8A C |
 $games.sonic4.player_ground$Ground_Move_Cap$cancel_up : 10B94 C |
 $games.sonic4.player_ground$Ground_Move_Cap$gsp_kill : 10B98 C |
 $games.sonic4.player_ground$Ground_Move_Cap$hit_back : 10BAE C |
 $games.sonic4.player_ground$Ground_Move_Cap$set_push : 10BB6 C |
 $games.sonic4.player_ground$Ground_Move_Cap$dir_table : 10BBE C |
 Player_Jump : 10BC6 C |
 $games.sonic4.player_ground$Player_Jump$no_carry : 10BD6 C |
 $games.sonic4.player_ground$Player_Jump$flat : 10C04 C |
 $games.sonic4.player_ground$Player_Jump$launched : 10C08 C |
 $games.sonic4.player_ground$Player_Jump$from_stand : 10C1E C |
 PState_Air : 10C30 C |
 PState_AirBall : 10C30 C |
 PState_RollJump : 10C34 C |
 PState_Jump : 10C38 C |
 PState_AirShared : 10C3A C |
 $games.sonic4.player_air$PState_AirShared$not_on_obj : 10C46 C |
 $games.sonic4.player_air$PState_AirShared$cut_arc : 10C6E C |
 $games.sonic4.player_air$PState_AirShared$no_cap : 10C74 C |
 $games.sonic4.player_air$PState_AirShared$press_ok : 10C8C C |
 $games.sonic4.player_air$PState_AirShared$no_ability : 10C96 C |
 $games.sonic4.player_air$PState_AirShared$input_locked : 10CA0 C |
 $games.sonic4.player_air$PState_AirShared$fall_capped : 10CBA C |
 Air_Collide : 10CC2 C |
 $games.sonic4.player_air$Air_Collide$angle_pos : 10CCE C |
 $games.sonic4.player_air$Air_Collide$angle_set : 10CD0 C |
 $games.sonic4.player_air$Air_Collide$angle_done : 10CD4 C |
 $games.sonic4.player_air$asm6$abs : 10CE2 C |
 $games.sonic4.player_air$asm7$abs : 10CEC C |
 $games.sonic4.player_air$Air_Collide$right_no_wall : 10D06 C |
 $games.sonic4.player_air$Air_Collide$mostly_left : 10D0E C |
 $games.sonic4.player_air$Air_Collide$left_no_wall : 10D20 C |
 $games.sonic4.player_air$Air_Collide$vertical : 10D28 C |
 $games.sonic4.player_air$Air_Collide$mostly_up : 10D3C C |
 $games.sonic4.player_air$Air_Collide$up_done : 10D74 C |
 $games.sonic4.player_air$Air_Collide$reattach : 10D76 C |
 Air_LandOnObject : 10D8A C |
 Air_XInput : 10DA6 C |
 $games.sonic4.player_air$asm11$lr_masked : 10DB6 C |
 $games.sonic4.player_air$Air_XInput$air_left : 10DE0 C |
 $games.sonic4.player_air$Air_XInput$air_store : 10DFA C |
 $games.sonic4.player_air$Air_XInput$done : 10DFE C |
 Air_XDrag : 10E00 C |
 $games.sonic4.player_air$Air_XDrag$done : 10E1C C |
 Air_FloorLandBanded : 10E1E C |
 $games.sonic4.player_air$Air_FloorLandBanded$mid : 10E5C C |
 $games.sonic4.player_air$Air_FloorLandBanded$steep : 10E64 C |
 $games.sonic4.player_air$Air_FloorLandBanded$steep_capped : 10E76 C |
 $games.sonic4.player_air$Air_FloorLandBanded$grounded : 10E78 C |
 $games.sonic4.player_air$Air_FloorLandBanded$no_land : 10E7E C |
 Air_FloorLandFlat : 10E80 C |
 $games.sonic4.player_air$Air_FloorLandFlat$no_land : 10EA0 C |
 Air_TouchFloor : 10EA2 C |
 Air_GspFromYvel : 10EB2 C |
 $games.sonic4.player_air$Air_GspFromYvel$store : 10EBC C |
 Air_LandState : 10EC2 C |
 $games.sonic4.player_air$asm18$abs : 10EDA C |
 $games.sonic4.player_air$Air_LandState$check_headroom : 10EE4 C |
 $games.sonic4.player_air$Air_LandState$stand : 10F02 C |
 $games.sonic4.player_air$Air_LandState$stay_rolling : 10F06 C |
 Air_WallProbeRight : 10F0A C |
 $games.sonic4.player_air$Air_WallProbeRight$no_hit : 10F30 C |
 Air_WallProbeLeft : 10F34 C |
 $games.sonic4.player_air$Air_WallProbeLeft$no_hit : 10F5A C |
 Air_CeilingBump : 10F5E C |
 $games.sonic4.player_air$Air_CeilingBump$clear : 10F78 C |
 PState_Spindash : 10F80 C |
 $games.sonic4.player_spindash$PState_Spindash$rev : 10F98 C |
 $games.sonic4.player_spindash$PState_Spindash$floor : 10FBE C |
 $games.sonic4.player_spindash$PState_Spindash$pinned : 10FD6 C |
 $games.sonic4.player_spindash$PState_Spindash$floor_gone : 10FD8 C |
 $games.sonic4.player_spindash$PState_Spindash$release : 10FDE C |
 $games.sonic4.player_spindash$PState_Spindash$launch : 10FF4 C |
 PState_Fly : 1101C C |
 $games.sonic4.player_fly$PState_Fly$not_on_obj : 11028 C |
 $games.sonic4.player_fly$PState_Fly$flap_end : 11056 C |
 $games.sonic4.player_fly$PState_Fly$coast : 1105E C |
 $games.sonic4.player_fly$PState_Fly$flap_ok : 11076 C |
 $games.sonic4.player_fly$PState_Fly$no_flap : 1108C C |
 $games.sonic4.player_fly$PState_Fly$coast_store : 1109E C |
 $games.sonic4.player_fly$PState_Fly$vert_done : 110A2 C |
 $games.sonic4.player_fly$PState_Fly$top_ok : 110BA C |
 $games.sonic4.player_fly$PState_Fly$done : 110E8 C |
 Fly_TickFuel : 110EA C |
 $games.sonic4.player_fly$Fly_TickFuel$done : 110FC C |
 Ability_TailsFlight : 110FE C |
 $games.sonic4.player_fly$Ability_TailsFlight$rising_too_fast : 1111A C |
 Fly_TickSfx : 1111C C |
 $games.sonic4.player_fly$Fly_TickSfx$play : 1113E C |
 $games.sonic4.player_fly$Fly_TickSfx$done : 11142 C |
 PState_Glide : 11150 C |
 $games.sonic4.player_glide$PState_Glide$continue : 11186 C |
 $games.sonic4.player_glide$PState_Glide$release : 11188 C |
 $games.sonic4.player_glide$PState_Glide$hit_wall : 11196 C |
 $games.sonic4.player_glide$PState_Glide$on_object : 1119A C |
 $games.sonic4.player_glide$PState_Glide$hit_floor : 1119E C |
 $games.sonic4.player_glide$PState_Glide$face_set : 111B4 C |
 $games.sonic4.player_glide$PState_Glide$flat_slide : 111D2 C |
 Glide_Move : 111D8 C |
 $games.sonic4.player_glide$Glide_Move$medium : 111E6 C |
 $games.sonic4.player_glide$Glide_Move$apply : 111F8 C |
 $games.sonic4.player_glide$Glide_Move$falling_slow : 11224 C |
 $games.sonic4.player_glide$Glide_Move$chute_done : 11228 C |
 $games.sonic4.player_glide$Glide_Move$done : 1123C C |
 Glide_Turn : 1123E C |
 $games.sonic4.player_glide$Glide_Turn$add_l : 11258 C |
 $games.sonic4.player_glide$Glide_Turn$not_left : 1125C C |
 $games.sonic4.player_glide$Glide_Turn$add_r : 1126A C |
 $games.sonic4.player_glide$Glide_Turn$not_right : 1126E C |
 $games.sonic4.player_glide$Glide_Turn$store : 11278 C |
 Glide_Collide : 1127E C |
 $games.sonic4.player_glide$Glide_Collide$no_wall_l : 1128E C |
 $games.sonic4.player_glide$Glide_Collide$no_wall_r : 1129C C |
 $games.sonic4.player_glide$Glide_Collide$angle_usable : 112CC C |
 $games.sonic4.player_glide$Glide_Collide$airborne : 112DE C |
 $games.sonic4.player_glide$Glide_Collide$done : 112E4 C |
 PState_GlideFall : 112E8 C |
 $games.sonic4.player_glide$PState_GlideFall$grav_ok : 1130A C |
 $games.sonic4.player_glide$PState_GlideFall$dead_stop : 11318 C |
 $games.sonic4.player_glide$PState_GlideFall$airborne : 11332 C |
 PState_Slide : 11334 C |
 $games.sonic4.player_glide$PState_Slide$held : 11354 C |
 $games.sonic4.player_glide$PState_Slide$going_right : 11364 C |
 $games.sonic4.player_glide$PState_Slide$terrain : 1136C C |
 $games.sonic4.player_glide$PState_Slide$get_up : 1136E C |
 Slide_Terrain : 11386 C |
 $games.sonic4.player_glide$Slide_Terrain$no_sfx : 113B8 C |
 $games.sonic4.player_glide$Slide_Terrain$ledge_drop : 113BA C |
 Ability_KnuxGlide : 113C0 C |
 $games.sonic4.player_glide$Ability_KnuxGlide$store_face : 113DC C |
 $games.sonic4.player_glide$Ability_KnuxGlide$yvel_ok : 113FA C |
 $games.sonic4.player_glide$Ability_KnuxGlide$rising_too_fast : 11404 C |
 Climb_WallDist : 11426 C |
 $games.sonic4.player_climb$Climb_WallDist$facing_left : 1143C C |
 Climb_Animate : 11446 C |
 $games.sonic4.player_climb$Climb_Animate$no_wrap_lo : 1146C C |
 $games.sonic4.player_climb$Climb_Animate$no_wrap_hi : 11476 C |
 $games.sonic4.player_climb$Climb_Animate$done : 1147E C |
 PState_Climb : 11480 C |
 $games.sonic4.player_climb$PState_Climb$move_up : 114EA C |
 $games.sonic4.player_climb$PState_Climb$not_up : 114F2 C |
 $games.sonic4.player_climb$PState_Climb$dip : 11538 C |
 $games.sonic4.player_climb$PState_Climb$finish : 1153A C |
 $games.sonic4.player_climb$PState_Climb$animate : 11566 C |
 $games.sonic4.player_climb$PState_Climb$no_jump : 11582 C |
 Climb_JumpOff : 11584 C |
 $games.sonic4.player_climb$Climb_JumpOff$was_left : 115A4 C |
 $games.sonic4.player_climb$Climb_JumpOff$go : 115AA C |
 Climb_ReachFloor : 115B0 C |
 Climb_ToLedge : 115CA C |
 Climb_LetGo : 115D6 C |
 Climb_DoClamberStep : 115E6 C |
 $games.sonic4.player_climb$Climb_DoClamberStep$dx_ok : 11604 C |
 Climb_ClamberFrames : 1161C C |
 PState_Ledge : 1162C C |
 $games.sonic4.player_climb$PState_Ledge$step : 1163E C |
 $games.sonic4.player_climb$PState_Ledge$stand : 11660 C |
 $games.sonic4.player_climb$PState_Ledge$hold : 11674 C |
 Knuckles_Gliding_WallCatch : 11676 C |
 $games.sonic4.player_climb$Knuckles_Gliding_WallCatch$left_wall : 11688 C |
 $games.sonic4.player_climb$Knuckles_Gliding_WallCatch$pair : 1168E C |
 $games.sonic4.player_climb$Knuckles_Gliding_WallCatch$fb_left : 116BE C |
 $games.sonic4.player_climb$Knuckles_Gliding_WallCatch$fb_probe : 116C2 C |
 $games.sonic4.player_climb$Knuckles_Gliding_WallCatch$fall : 116E6 C |
 Climb_Catch : 116EC C |
 Ability_InstaShield : 1172C C |
 $games.sonic4.player_instashield$Ability_InstaShield$from_jump : 1173C C |
 $games.sonic4.player_instashield$Ability_InstaShield$not_rolljump : 1174E C |
 $games.sonic4.player_instashield$Ability_InstaShield$done : 11768 C |
 InstaShield_Spawn : 1176A C |
 $games.sonic4.player_instashield$InstaShield_Spawn$done : 117AC C |
 InstaShield_Main : 117AE C |
 $games.sonic4.player_instashield$InstaShield_Main$no_flip : 117D2 C |
 $games.sonic4.player_instashield$InstaShield_Main$not_over : 117E8 C |
 Ani_InstaShield : 11804 C |
 __offsets$games.sonic4.player_instashield$Ani_InstaShield$Attack : 11806 C |
 Map_InstaShield : 11816 C |
 __align$games.sonic4.player_instashield$0 : 11816 C |
 DPLC_InstaShield : 118DE C |
 __align$games.sonic4.player_instashield$1 : 118DE C |
 Art_InstaShield : 118FC C |
 __align$games.sonic4.player_instashield$2 : 118FC C |
 CharDef_Sonic : 11F80 C |
 PhysTable_Sonic : 11FA6 C |
 CharDef_Tails : 11FC0 C |
 PhysTable_Tails : 11FE6 C |
 CharDef_Knuckles : 11FF6 C |
 PhysTable_Knuckles : 1201C C |
 CharacterDefs : 12030 C |
 Player_InitAssets : 1203C C |
 Player_LoadArt : 12054 C |
 Player_Ability : 1206E C |
 $diag3$games.sonic4.characters$raise : 1208E C |
 $diag3$games.sonic4.characters$skip : 120D6 C |
 Ability_None : 120DE C |
 TailsAppendage_Refresh : 120E0 C |
 $games.sonic4.tails_appendage$TailsAppendage_Refresh$not_tails : 120F4 C |
 $games.sonic4.tails_appendage$TailsAppendage_Refresh$done : 120FE C |
 TailsAppendage_Spawn : 12100 C |
 $diag2$games.sonic4.tails_appendage$raise : 1210E C |
 $diag2$games.sonic4.tails_appendage$skip : 12156 C |
 $games.sonic4.tails_appendage$TailsAppendage_Spawn$done : 12198 C |
 TailsAppendage_Main : 1219A C |
 $games.sonic4.tails_appendage$TailsAppendage_Main$hold_ok : 121CE C |
 $games.sonic4.tails_appendage$TailsAppendage_Main$bank_facing_left : 121FA C |
 $games.sonic4.tails_appendage$TailsAppendage_Main$bank_bias : 121FE C |
 $games.sonic4.tails_appendage$TailsAppendage_Main$bank_flip_ready : 12206 C |
 $games.sonic4.tails_appendage$TailsAppendage_Main$no_bank : 1223A C |
 $games.sonic4.tails_appendage$TailsAppendage_Main$hidden : 12252 C |
 DustPuff_Spawn : 12254 C |
 $games.sonic4.dust_puff$DustPuff_Spawn$done : 12290 C |
 DustPuff_Main : 12292 C |
 Dust_Tick : 1229A C |
 $games.sonic4.dust_spindash$Dust_Tick$slide : 122C4 C |
 $games.sonic4.dust_spindash$Dust_Tick$spawn : 122DA C |
 $games.sonic4.dust_spindash$Dust_Tick$disarm : 122EC C |
 $games.sonic4.dust_spindash$Dust_Tick$done : 122F0 C |
 DustSpindash_Spawn : 122F2 C |
 $games.sonic4.dust_spindash$DustSpindash_Spawn$done : 12334 C |
 DustSpindash_Main : 12336 C |
 $games.sonic4.dust_spindash$DustSpindash_Main$live : 12346 C |
 $games.sonic4.dust_spindash$DustSpindash_Main$no_flip : 12380 C |
 RingSparkle_Spawn : 1239E C |
 $games.sonic4.ring_sparkle$RingSparkle_Spawn$done : 123E8 C |
 RingSparkle_Main : 123EA C |
 Map_RingSparkle : 123F2 C |
 __offsets$games.sonic4.ring_sparkle$Map_RingSparkle$F0 : 123FA C |
 __offsets$games.sonic4.ring_sparkle$Map_RingSparkle$F1 : 12408 C |
 __offsets$games.sonic4.ring_sparkle$Map_RingSparkle$F2 : 12416 C |
 __offsets$games.sonic4.ring_sparkle$Map_RingSparkle$F3 : 12424 C |
 Ani_RingSparkle : 12432 C |
 __offsets$games.sonic4.ring_sparkle$Ani_RingSparkle$Sparkle : 12434 C |
 Art_RingSparkle : 1243A C |
 __align$games.sonic4.ring_sparkle$0 : 1243A C |
 TestStatic_Main : 124C0 C |
 TestAnimated : 124D0 C |
 TestAnimated_Main : 12518 C |
 TestPlayer : 12530 C |
 TestPlayer_Main : 1258E C |
 $games.sonic4.test_player$TestPlayer_Main$exit_debug : 125D2 C |
 $games.sonic4.test_player$TestPlayer_Main$no_toggle : 12604 C |
 $games.sonic4.test_player$TestPlayer_Main$no_jump_start : 1263E C |
 $games.sonic4.test_player$TestPlayer_Main$have_phys : 1265A C |
 $games.sonic4.test_player$TestPlayer_Main$accel_left : 1266C C |
 $games.sonic4.test_player$TestPlayer_Main$set_flip_left : 12678 C |
 $games.sonic4.test_player$TestPlayer_Main$check_right : 12680 C |
 $games.sonic4.test_player$TestPlayer_Main$accel_right : 12692 C |
 $games.sonic4.test_player$TestPlayer_Main$set_flip_right : 1269E C |
 $games.sonic4.test_player$TestPlayer_Main$no_input : 126A6 C |
 $games.sonic4.test_player$TestPlayer_Main$friction_neg : 126B4 C |
 $games.sonic4.test_player$TestPlayer_Main$clamp_vel : 126BA C |
 $games.sonic4.test_player$TestPlayer_Main$skip_var_jump : 126DC C |
 $games.sonic4.test_player$TestPlayer_Main$set_yvel : 126F6 C |
 $games.sonic4.test_player$TestPlayer_Main$skip_gravity : 126FA C |
 $games.sonic4.test_player$TestPlayer_Main$do_floor : 1270C C |
 $games.sonic4.test_player$asm3$blk_resolved : 1271A C |
 $games.sonic4.test_player$TestPlayer_Main$no_floor : 12746 C |
 $games.sonic4.test_player$TestPlayer_Main$floor_done : 1274C C |
 $games.sonic4.test_player$TestPlayer_Main$anim_air : 12762 C |
 $games.sonic4.test_player$TestPlayer_Main$anim_idle : 1276A C |
 $games.sonic4.test_player$TestPlayer_Main$do_anim : 12770 C |
 TestPlayer_Debug : 12788 C |
 $games.sonic4.test_player$TestPlayer_Debug$dbg_speed_ok : 12796 C |
 $games.sonic4.test_player$TestPlayer_Debug$dbg_check_right : 127A2 C |
 $games.sonic4.test_player$TestPlayer_Debug$dbg_check_up : 127AC C |
 $games.sonic4.test_player$TestPlayer_Debug$dbg_check_down : 127B6 C |
 $games.sonic4.test_player$TestPlayer_Debug$dbg_draw : 127C0 C |
 TestEnemy_Init : 127C4 C |
 TestEnemy_Main : 127D2 C |
 $games.sonic4.test_enemy$TestEnemy_Main$was_right : 127F8 C |
 $games.sonic4.test_enemy$TestEnemy_Main$steps_ok : 12804 C |
 TestSolid_Init : 1280C C |
 TestSolid_Main : 1281A C |
 TestParticle : 12820 C |
 TestParticle_Main : 12866 C |
 TestEmitter : 12878 C |
 TestEmitter_Main : 128B8 C |
 $games.sonic4.test_emitter$TestEmitter_Main$draw : 128CC C |
 emitter_particle_desc : 128D0 C |
 emitter_particle_term : 128D4 C |
 TestChildPart : 128D6 C |
 $games.sonic4.test_parent$TestChildPart$set_left : 12916 C |
 $games.sonic4.test_parent$TestChildPart$save_angle : 1291A C |
 TestChildPart_Main : 1292C C |
 $games.sonic4.test_parent$TestChildPart_Main$orphan_delete : 1295C C |
 TestParent : 12960 C |
 child_desc : 129B6 C |
 child_desc_term : 129C2 C |
 TestParent_Main : 129C4 C |
 $games.sonic4.test_parent$TestParent_Main$move : 129CE C |
 $games.sonic4.test_parent$TestParent_Main$moving_left : 129EE C |
 $games.sonic4.test_parent$TestParent_Main$draw : 12A08 C |
 TestStressEmitter : 12A10 C |
 TestStressEmitter_Main : 12A50 C |
 $games.sonic4.test_stress_emitter$TestStressEmitter_Main$draw : 12A64 C |
 stress_particle_desc : 12A68 C |
 stress_particle_term : 12A6C C |
 TestChurnObj : 12A70 C |
 TestChurnObj_Main : 12AC0 C |
 $games.sonic4.test_churn$TestChurnObj_Main$no_replace : 12AE0 C |
 $games.sonic4.test_churn$TestChurnObj_Main$draw : 12AE8 C |
 ObjDef_PathSwap : 12AEC C |
 PathSwap_Init : 12B06 C |
 $diag1$games.sonic4.path_swap$raise : 12B0E C |
 $games.sonic4.path_swap$PathSwap_Init$prio_unused : 12B6C C |
 $games.sonic4.path_swap$PathSwap_Init$have_hh : 12B78 C |
 PathSwap_Main : 12B94 C |
 $games.sonic4.path_swap$PathSwap_Main$y_abs : 12BB8 C |
 $games.sonic4.path_swap$PathSwap_Main$sense : 12BD0 C |
 $games.sonic4.path_swap$PathSwap_Main$write : 12BDE C |
 $games.sonic4.path_swap$PathSwap_Main$done : 12BE2 C |
 DeformTable_Zero : 12BE8 C |
 ParallaxConfig_OJZ_Default : 12CE8 C |
 ParallaxConfig_OJZ_Underwater : 12D56 C |
 DeformTable_OJZ_Calm : 12DC4 C |
 ParallaxConfig_OJZ_Windy : 12EC4 C |
 DeformTable_Shimmer : 12EF6 C |
 ParallaxConfig_Shimmer_Slow : 12FF6 C |
 ParallaxConfig_Shimmer : 13028 C |
 ParallaxConfig_Shimmer_Fast : 1305A C |
 DeformTable_Haze : 1308C C |
 ParallaxConfig_Haze_Slow : 1318C C |
 ParallaxConfig_Haze : 1320E C |
 ParallaxConfig_Haze_Fast : 13290 C |
 ParallaxConfig_Haze_Uniform : 13312 C |
 DeformTable_Rocking : 13394 C |
 ParallaxConfig_Rocking_Slow : 13494 C |
 ParallaxConfig_Rocking : 134C6 C |
 ParallaxConfig_Rocking_Fast : 134F8 C |
 DeformTable_Perspective : 1352A C |
 ParallaxConfig_Perspective_Subtle : 1362A C |
 ParallaxConfig_Perspective : 136AC C |
 ParallaxConfig_Perspective_Dramatic : 1372E C |
 ParallaxConfig_WindyHaze : 137B0 C |
 ParallaxConfig_SkyHaze : 13832 C |
 ParallaxConfig_OJZ_Caves : 13878 C |
 ParallaxConfig_OJZ_LockedClouds : 138FA C |
 EditorSceneBinding_OJZ_Act1_Sec0 : 1397C C |
 EditorSceneBinding_OJZ_Act1_Sec4 : 139FE C |
 EditorRaster_OJZ_Act1_authored_probe : 13A80 C |
 OJZ_TestRaster : 13ACE C |
 OJZ_BandDemo : 13AF0 C |
 OJZ_TestPal : 13B5E C |
 OJZ_ShimmerCycle : 13BBE C |
 OJZ_WaterRaster : 13BC6 C |
 OJZ_GradientStream : 13BE8 C |
 OJZ_TestGradient : 13E28 C |
 OJZ_TestVsram : 13E46 C |
 OJZ_TestRamp : 13E64 C |
 Variant_Water_Deep : 13E86 C |
 Variant_Water_Murky : 13E8E C |
 Variant_Poison : 13E96 C |
 Variant_CaveDark : 13E9E C |
 Variant_Dusk : 13EA6 C |
 OJZ_DepthVSplit : 13EAE C |
 OJZ_Preset_Sec0 : 13EDC C |
 OJZ_Preset_Sec1 : 13F02 C |
 OJZ_Preset_Sec2 : 13F28 C |
 OJZ_Preset_Sec3 : 13F4E C |
 OJZ_Preset_Plain : 13F74 C |
 OJZ_Preset_Depth : 13F9A C |
 OJZ_TwoChannel : 13FC0 C |
 ObjDef_Static : 14070 C |
 ObjDef_Solid : 1408A C |
 OJZ_Sec0_TypeTable : 140B0 C |
 OJZ_Sec0_Objects : 140B6 C |
 OJZ_Sec0_Rings : 140BE C |
 OJZ_Sec1_TypeTable : 140DE C |
 OJZ_Sec1_Objects : 140E8 C |
 OJZ_Sec1_Rings : 140FC C |
 OJZ_Sec2_TypeTable : 14124 C |
 OJZ_Sec2_Objects : 1412E C |
 OJZ_Sec2_Rings : 1413C C |
 OJZ_Sec3_TypeTable : 14170 C |
 OJZ_Sec3_Objects : 14172 C |
 OJZ_Sec3_Rings : 14174 C |
 OJZ_Sec4_TypeTable : 14178 C |
 OJZ_Sec4_Objects : 1417A C |
 OJZ_Sec4_Rings : 1417C C |
 OJZ_Sec5_TypeTable : 141B0 C |
 OJZ_Sec5_Objects : 141B2 C |
 OJZ_Sec5_Rings : 141B4 C |
 OJZ_Sec6_TypeTable : 141D8 C |
 OJZ_Sec6_Objects : 141DA C |
 OJZ_Sec6_Rings : 141DC C |
 OJZ_Sec7_TypeTable : 141E0 C |
 OJZ_Sec7_Objects : 141E2 C |
 OJZ_Sec7_Rings : 141E4 C |
 OJZ_Sec8_TypeTable : 14208 C |
 OJZ_Sec8_Objects : 1420A C |
 OJZ_Sec8_Rings : 1420C C |
 OJZ_Act_Pool_Page0 : 14220 C |
 OJZ_Act_Pool_Page1 : 146BE C |
 OJZ_Act_Pool_Page2 : 14B9C C |
 OJZ_Act_Pool_Page3 : 150A2 C |
 OJZ_Act_Pool_Page4 : 155DA C |
 OJZ_Act_Pool_Page5 : 15A50 C |
 OJZ_Act_Pool_Page6 : 15E7E C |
 OJZ_Act_Pool_Page7 : 1633C C |
 OJZ_Act_Pool_Page8 : 16878 C |
 OJZ_Act_Pool_Page9 : 16E32 C |
 OJZ_Act_Pool_PageTable : 170DC C |
 OJZ_Act1_Descriptor : 17130 C |
 OJZ_Act1_Sections : 17158 C |
 OJZ_Sec0_Blocks : 173B0 C |
 OJZ_Sec1_Blocks : 19520 C |
 OJZ_Sec2_Blocks : 1A89C C |
 OJZ_Sec3_Blocks : 1C034 C |
 OJZ_Sec5_Blocks : 1D180 C |
 OJZ_Sec6_Blocks : 1DFA6 C |
 OJZ_Sec7_Blocks : 1FBA6 C |
 OJZ_Sec8_Blocks : 20E1A C |
 OJZ_Sec0_LocalMap : 229BC C |
 OJZ_Sec1_LocalMap : 22DBA C |
 OJZ_Sec2_LocalMap : 22EE8 C |
 OJZ_Sec3_LocalMap : 22FB2 C |
 OJZ_Sec4_LocalMap : 230EE C |
 OJZ_Sec5_LocalMap : 231B8 C |
 OJZ_Sec6_LocalMap : 23294 C |
 OJZ_Sec7_LocalMap : 233DC C |
 OJZ_Sec8_LocalMap : 2353E C |
 OJZ_Sec_LocalMaps : 2365C C |
 OJZ_Palette : 23680 C |
 BGND_Palette : 236E0 C |
 OJZ_Act1_BG_Layout : 23700 C |
 OJZ_Act1_BG_Tiles : 25700 C |
 BgAnim_Table : 27F10 C |
 _BgAnim_Band0_hdr : 27F12 C |
 _BgAnim_Band0_banks : 27F1E C |
 BgAnim_Banks : 27F3E C |
 Map_TestObj : 29F3E C |
 __offsets$games.sonic4.test_mappings$Map_TestObj$F0 : 29F44 C |
 __offsets$games.sonic4.test_mappings$Map_TestObj$F1 : 29F52 C |
 __offsets$games.sonic4.test_mappings$Map_TestObj$F2 : 29F60 C |
 Map_DustSpindash : 29F6E C |
 Map_DustPuff : 29FDE C |
 DPLC_Dust : 2A01E C |
 Art_Dust : 2A048 C |
 Ani_Sonic : 2AB48 C |
 __offsets$games.sonic4.sonic_anims$Ani_Sonic$Walk : 2AB78 C |
 __offsets$games.sonic4.sonic_anims$Ani_Sonic$Run : 2AB82 C |
 __offsets$games.sonic4.sonic_anims$Ani_Sonic$Roll : 2AB88 C |
 __offsets$games.sonic4.sonic_anims$Ani_Sonic$Spindash : 2AB92 C |
 __offsets$games.sonic4.sonic_anims$Ani_Sonic$Push : 2AB9E C |
 __offsets$games.sonic4.sonic_anims$Ani_Sonic$Wait : 2ABA4 C |
 __offsets$games.sonic4.sonic_anims$Ani_Sonic$Balance : 2ABB7 C |
 __offsets$games.sonic4.sonic_anims$Ani_Sonic$LookUp : 2ABBC C |
 __offsets$games.sonic4.sonic_anims$Ani_Sonic$Duck : 2ABC1 C |
 __offsets$games.sonic4.sonic_anims$Ani_Sonic$Skid : 2ABC6 C |
 __offsets$games.sonic4.sonic_anims$Ani_Sonic$GetUp : 2ABCD C |
 __offsets$games.sonic4.sonic_anims$Ani_Sonic$Fly : 2ABD0 C |
 __offsets$games.sonic4.sonic_anims$Ani_Sonic$FlyTired : 2ABDA C |
 __offsets$games.sonic4.sonic_anims$Ani_Sonic$Glide0 : 2ABE4 C |
 __offsets$games.sonic4.sonic_anims$Ani_Sonic$Glide1 : 2ABEE C |
 __offsets$games.sonic4.sonic_anims$Ani_Sonic$Glide2 : 2ABF8 C |
 __offsets$games.sonic4.sonic_anims$Ani_Sonic$Glide3 : 2AC02 C |
 __offsets$games.sonic4.sonic_anims$Ani_Sonic$Glide4 : 2AC0C C |
 __offsets$games.sonic4.sonic_anims$Ani_Sonic$GlideFall : 2AC16 C |
 __offsets$games.sonic4.sonic_anims$Ani_Sonic$Slide : 2AC20 C |
 __offsets$games.sonic4.sonic_anims$Ani_Sonic$SlideGetUp : 2AC2A C |
 __offsets$games.sonic4.sonic_anims$Ani_Sonic$GlideLand : 2AC34 C |
 __offsets$games.sonic4.sonic_anims$Ani_Sonic$Climb : 2AC3E C |
 __offsets$games.sonic4.sonic_anims$Ani_Sonic$Ledge : 2AC48 C |
 __align$games.sonic4.sonic_anims$0 : 2AC52 C |
 Ani_Tails : 2AC60 C |
 __offsets$games.sonic4.tails_anims$Ani_Tails$Walk : 2AC90 C |
 __offsets$games.sonic4.tails_anims$Ani_Tails$Run : 2AC9A C |
 __offsets$games.sonic4.tails_anims$Ani_Tails$Roll : 2ACA0 C |
 __offsets$games.sonic4.tails_anims$Ani_Tails$Spindash : 2ACA5 C |
 __offsets$games.sonic4.tails_anims$Ani_Tails$Push : 2ACAA C |
 __offsets$games.sonic4.tails_anims$Ani_Tails$Wait : 2ACB0 C |
 __offsets$games.sonic4.tails_anims$Ani_Tails$Balance : 2ACEE C |
 __offsets$games.sonic4.tails_anims$Ani_Tails$LookUp : 2AD06 C |
 __offsets$games.sonic4.tails_anims$Ani_Tails$Duck : 2AD09 C |
 __offsets$games.sonic4.tails_anims$Ani_Tails$Skid : 2AD0C C |
 __offsets$games.sonic4.tails_anims$Ani_Tails$GetUp : 2AD11 C |
 __offsets$games.sonic4.tails_anims$Ani_Tails$Fly : 2AD14 C |
 __offsets$games.sonic4.tails_anims$Ani_Tails$FlyTired : 2AD17 C |
 __offsets$games.sonic4.tails_anims$Ani_Tails$Glide0 : 2AD1B C |
 __offsets$games.sonic4.tails_anims$Ani_Tails$Glide1 : 2AD25 C |
 __offsets$games.sonic4.tails_anims$Ani_Tails$Glide2 : 2AD2F C |
 __offsets$games.sonic4.tails_anims$Ani_Tails$Glide3 : 2AD39 C |
 __offsets$games.sonic4.tails_anims$Ani_Tails$Glide4 : 2AD43 C |
 __offsets$games.sonic4.tails_anims$Ani_Tails$GlideFall : 2AD4D C |
 __offsets$games.sonic4.tails_anims$Ani_Tails$Slide : 2AD57 C |
 __offsets$games.sonic4.tails_anims$Ani_Tails$SlideGetUp : 2AD61 C |
 __offsets$games.sonic4.tails_anims$Ani_Tails$GlideLand : 2AD6B C |
 __offsets$games.sonic4.tails_anims$Ani_Tails$Climb : 2AD75 C |
 __offsets$games.sonic4.tails_anims$Ani_Tails$Ledge : 2AD7F C |
 Ani_TailsAppendage : 2AD8A C |
 __align$games.sonic4.tails_anims$0 : 2AD8A C |
 __offsets$games.sonic4.tails_anims$Ani_TailsAppendage$Walk : 2ADBA C |
 __offsets$games.sonic4.tails_anims$Ani_TailsAppendage$Run : 2ADBD C |
 __offsets$games.sonic4.tails_anims$Ani_TailsAppendage$Roll : 2ADC0 C |
 __offsets$games.sonic4.tails_anims$Ani_TailsAppendage$Spindash : 2ADC6 C |
 __offsets$games.sonic4.tails_anims$Ani_TailsAppendage$Push : 2ADCC C |
 __offsets$games.sonic4.tails_anims$Ani_TailsAppendage$Wait : 2ADD2 C |
 __offsets$games.sonic4.tails_anims$Ani_TailsAppendage$Balance : 2ADD9 C |
 __offsets$games.sonic4.tails_anims$Ani_TailsAppendage$LookUp : 2ADDC C |
 __offsets$games.sonic4.tails_anims$Ani_TailsAppendage$Duck : 2ADE3 C |
 __offsets$games.sonic4.tails_anims$Ani_TailsAppendage$Skid : 2ADEA C |
 __offsets$games.sonic4.tails_anims$Ani_TailsAppendage$GetUp : 2ADF0 C |
 __offsets$games.sonic4.tails_anims$Ani_TailsAppendage$Fly : 2ADF3 C |
 __offsets$games.sonic4.tails_anims$Ani_TailsAppendage$FlyTired : 2ADF7 C |
 __offsets$games.sonic4.tails_anims$Ani_TailsAppendage$Glide0 : 2ADFB C |
 __offsets$games.sonic4.tails_anims$Ani_TailsAppendage$Glide1 : 2ADFE C |
 __offsets$games.sonic4.tails_anims$Ani_TailsAppendage$Glide2 : 2AE01 C |
 __offsets$games.sonic4.tails_anims$Ani_TailsAppendage$Glide3 : 2AE04 C |
 __offsets$games.sonic4.tails_anims$Ani_TailsAppendage$Glide4 : 2AE07 C |
 __offsets$games.sonic4.tails_anims$Ani_TailsAppendage$GlideFall : 2AE0A C |
 __offsets$games.sonic4.tails_anims$Ani_TailsAppendage$Slide : 2AE0D C |
 __offsets$games.sonic4.tails_anims$Ani_TailsAppendage$SlideGetUp : 2AE10 C |
 __offsets$games.sonic4.tails_anims$Ani_TailsAppendage$GlideLand : 2AE13 C |
 __offsets$games.sonic4.tails_anims$Ani_TailsAppendage$Climb : 2AE16 C |
 __offsets$games.sonic4.tails_anims$Ani_TailsAppendage$Ledge : 2AE19 C |
 Ani_Knuckles : 2AE1C C |
 __align$games.sonic4.tails_anims$1 : 2AE1C C |
 __offsets$games.sonic4.knuckles_anims$Ani_Knuckles$Walk : 2AE4C C |
 __offsets$games.sonic4.knuckles_anims$Ani_Knuckles$Run : 2AE56 C |
 __offsets$games.sonic4.knuckles_anims$Ani_Knuckles$Roll : 2AE5C C |
 __offsets$games.sonic4.knuckles_anims$Ani_Knuckles$Spindash : 2AE66 C |
 __offsets$games.sonic4.knuckles_anims$Ani_Knuckles$Push : 2AE72 C |
 __offsets$games.sonic4.knuckles_anims$Ani_Knuckles$Wait : 2AE78 C |
 __offsets$games.sonic4.knuckles_anims$Ani_Knuckles$Balance : 2AF10 C |
 __offsets$games.sonic4.knuckles_anims$Ani_Knuckles$LookUp : 2AF3A C |
 __offsets$games.sonic4.knuckles_anims$Ani_Knuckles$Duck : 2AF3F C |
 __offsets$games.sonic4.knuckles_anims$Ani_Knuckles$Skid : 2AF44 C |
 __offsets$games.sonic4.knuckles_anims$Ani_Knuckles$GetUp : 2AF4B C |
 __offsets$games.sonic4.knuckles_anims$Ani_Knuckles$Fly : 2AF4E C |
 __offsets$games.sonic4.knuckles_anims$Ani_Knuckles$FlyTired : 2AF58 C |
 __offsets$games.sonic4.knuckles_anims$Ani_Knuckles$Glide0 : 2AF62 C |
 __offsets$games.sonic4.knuckles_anims$Ani_Knuckles$Glide1 : 2AF65 C |
 __offsets$games.sonic4.knuckles_anims$Ani_Knuckles$Glide2 : 2AF68 C |
 __offsets$games.sonic4.knuckles_anims$Ani_Knuckles$Glide3 : 2AF6B C |
 __offsets$games.sonic4.knuckles_anims$Ani_Knuckles$Glide4 : 2AF6E C |
 __offsets$games.sonic4.knuckles_anims$Ani_Knuckles$GlideFall : 2AF71 C |
 __offsets$games.sonic4.knuckles_anims$Ani_Knuckles$Slide : 2AF76 C |
 __offsets$games.sonic4.knuckles_anims$Ani_Knuckles$SlideGetUp : 2AF79 C |
 __offsets$games.sonic4.knuckles_anims$Ani_Knuckles$GlideLand : 2AF7D C |
 __offsets$games.sonic4.knuckles_anims$Ani_Knuckles$Climb : 2AF81 C |
 __offsets$games.sonic4.knuckles_anims$Ani_Knuckles$Ledge : 2AF84 C |
 Ani_Particle : 2AF88 C |
 __align$games.sonic4.knuckles_anims$0 : 2AF88 C |
 __offsets$games.sonic4.particle_anims$Ani_Particle$Flash : 2AF8A C |
 Ani_DustSpindash : 2AF90 C |
 __align$games.sonic4.particle_anims$0 : 2AF90 C |
 __offsets$games.sonic4.dust_anims$Ani_DustSpindash$Charge : 2AF92 C |
 Ani_DustPuff : 2AF9C C |
 __align$games.sonic4.dust_anims$0 : 2AF9C C |
 __offsets$games.sonic4.dust_anims$Ani_DustPuff$Puff : 2AF9E C |
 __align$games.sonic4.dust_anims$1 : 2AFA4 C |
 Map_Tails : 2AFB0 C |
 DPLC_Tails : 2CBA0 C |
 Art_Tails : 2D21A C |
 Map_TailsAppendage : 4987A C |
 DPLC_TailsAppendage : 49B42 C |
 Art_TailsAppendage : 49C4E C |
 Map_Knuckles : 4BF0E C |
 DPLC_Knuckles : 4DCB6 C |
 Art_Knuckles : 4E616 C |
 Pal_SonicTails : 6E596 C |
 Pal_Knuckles : 6E5B6 C |
 HeightMaps : 6E5E0 C |
 HeightMapsRot : 6F5E0 C |
 AngleTable : 705E0 C |
 SolidityTable : 706E0 C |
 Map_Sonic : 707E0 C |
 DPLC_Sonic : 72460 C |
 Art_Sonic : 72DA0 C |
 Dac_Temp_Blip : 90000 C |
 Dac_Kick : 98000 C |
 Dac_SharedBank_Start : 98000 C |
 __align$games.sonic4.dac_banks$0 : 98000 C |
 Song_MovingTrucks : A0630 C |
 SongTable : A5550 C |
 SongPatchTable : A555C C |
 Sfx_33 : A5570 C |
 GameState_ObjectTest_Init : A5E60 C |
 $games.sonic4.object_test_state$GameState_ObjectTest_Init$copy_pal : A5E6A C |
 $games.sonic4.object_test_state$GameState_ObjectTest_Init$spawn_emitters : A5ECA C |
 $games.sonic4.object_test_state$GameState_ObjectTest_Init$emitters_done : A5EEC C |
 EmitterPositions : A5EFC C |
 GameState_ObjectTest : A5F1C C |
 $games.sonic4.object_test_state$GameState_ObjectTest$no_peak_run : A5F4A C |
 $games.sonic4.object_test_state$GameState_ObjectTest$no_peak_touch : A5F6E C |
 $games.sonic4.object_test_state$GameState_ObjectTest$no_peak_render : A5F92 C |
 $games.sonic4.object_test_state$GameState_ObjectTest$no_peak_frame : A5FAC C |
 GameState_ObjectTestChurn_Init : A5FCA C |
 $games.sonic4.object_test_state$GameState_ObjectTestChurn_Init$copy_pal : A5FD4 C |
 $games.sonic4.object_test_state$GameState_ObjectTestChurn_Init$spawn_churn : A6032 C |
 $games.sonic4.object_test_state$GameState_ObjectTestChurn_Init$churn_done : A606C C |
 GameState_ObjectTestChurn : A607C C |
 TestObjectList : A6092 C |
 TestObjectList_Term : A618C C |
 TestPalette : A6190 C |
 ObjDef_Enemy : A61B0 C |
 ObjDef_Parent : A61CA C |
 GameState_OJZScroll_Init : A61E4 C |
 $games.sonic4.ojz_scroll_test$GameState_OJZScroll_Init$copy_bgnd : A61FC C |
 $games.sonic4.ojz_scroll_test$GameState_OJZScroll_Init$copy_ojz : A620E C |
 $games.sonic4.ojz_scroll_test$asm3$cap_x_lo : A62BE C |
 $games.sonic4.ojz_scroll_test$asm3$cap_x_hi : A62C8 C |
 $games.sonic4.ojz_scroll_test$asm3$cap_y_lo : A62D6 C |
 $games.sonic4.ojz_scroll_test$asm3$cap_y_hi : A62E0 C |
 $games.sonic4.ojz_scroll_test$asm6$ccam_x_lo : A6304 C |
 $games.sonic4.ojz_scroll_test$asm6$ccam_x_hi : A630E C |
 $games.sonic4.ojz_scroll_test$asm6$ccam_y_lo : A6322 C |
 $games.sonic4.ojz_scroll_test$asm6$ccam_y_hi : A632C C |
 $games.sonic4.ojz_scroll_test$GameState_OJZScroll_Init$no_boot_override : A6334 C |
 $games.sonic4.ojz_scroll_test$asm10$wait_z80 : A6342 C |
 $games.sonic4.ojz_scroll_test$GameState_OJZScroll_Init$copy_marker : A635C C |
 $games.sonic4.ojz_scroll_test$GameState_OJZScroll_Init$init_bootat_no_parallax : A63B6 C |
 $games.sonic4.ojz_scroll_test$GameState_OJZScroll_Init$init_use_act_config : A63C4 C |
 $games.sonic4.ojz_scroll_test$GameState_OJZScroll_Init$init_have_config : A63CC C |
 GameState_OJZScroll_Update : A63F6 C |
 $games.sonic4.ojz_scroll_test$GameState_OJZScroll_Update$skip_camera_update : A6418 C |
 $games.sonic4.ojz_scroll_test$GameState_OJZScroll_Update$no_page_audit : A6438 C |
 $games.sonic4.ojz_scroll_test$GameState_OJZScroll_Update$skip_entity_scan : A6442 C |
 $games.sonic4.ojz_scroll_test$GameState_OJZScroll_Update$skip_rings : A6458 C |
 $games.sonic4.ojz_scroll_test$GameState_OJZScroll_Update$anchor_not_up : A649A C |
 $games.sonic4.ojz_scroll_test$GameState_OJZScroll_Update$anchor_not_down : A64A2 C |
 $games.sonic4.ojz_scroll_test$GameState_OJZScroll_Update$anchor_lo_ok : A64CA C |
 $games.sonic4.ojz_scroll_test$GameState_OJZScroll_Update$anchor_pop_unclamped : A64CE C |
 $games.sonic4.ojz_scroll_test$GameState_OJZScroll_Update$anchor_do_set : A64D0 C |
 $games.sonic4.ojz_scroll_test$GameState_OJZScroll_Update$no_anchor_nudge : A64D8 C |
 $games.sonic4.ojz_scroll_test$GameState_OJZScroll_Update$marker_id_ok : A64E2 C |
 Debug_CharacterHotkey : A6502 C |
 $games.sonic4.ojz_scroll_test$Debug_CharacterHotkey$no_wrap : A653C C |
 $diag15$games.sonic4.ojz_scroll_test$raise : A6546 C |
 $diag15$games.sonic4.ojz_scroll_test$skip : A6598 C |
 $games.sonic4.ojz_scroll_test$asm16$blk_resolved : A65BC C |
 $games.sonic4.ojz_scroll_test$Debug_CharacterHotkey$done : A65C8 C |
 Debug_Warp_Consume : A65CA C |
 $games.sonic4.ojz_scroll_test$asm18$cap_x_lo : A65DC C |
 $games.sonic4.ojz_scroll_test$asm18$cap_x_hi : A65E6 C |
 $games.sonic4.ojz_scroll_test$asm18$cap_y_lo : A65F4 C |
 $games.sonic4.ojz_scroll_test$asm18$cap_y_hi : A65FE C |
 $games.sonic4.ojz_scroll_test$asm21$ccam_x_lo : A664A C |
 $games.sonic4.ojz_scroll_test$asm21$ccam_x_hi : A6654 C |
 $games.sonic4.ojz_scroll_test$asm21$ccam_y_lo : A6668 C |
 $games.sonic4.ojz_scroll_test$asm21$ccam_y_hi : A6672 C |
 $games.sonic4.ojz_scroll_test$Debug_Warp_Consume$done : A66C2 C |
 Debug_SceneCycleHotkey : A66C4 C |
 $games.sonic4.ojz_scroll_test$Debug_SceneCycleHotkey$not_forward : A66E8 C |
 $games.sonic4.ojz_scroll_test$Debug_SceneCycleHotkey$not_back : A66F0 C |
 $games.sonic4.ojz_scroll_test$Debug_SceneCycleHotkey$no_underflow : A6702 C |
 $games.sonic4.ojz_scroll_test$Debug_SceneCycleHotkey$no_overflow : A670A C |
 $diag25$games.sonic4.ojz_scroll_test$raise : A6714 C |
 $diag25$games.sonic4.ojz_scroll_test$skip : A676E C |
 $games.sonic4.ojz_scroll_test$Debug_SceneCycleHotkey$done : A6782 C |
 $games.sonic4.ojz_scroll_test$Debug_SceneCycleHotkey$scene_table : A6784 C |
 Debug_BandDemoHotkey : A67D4 C |
 $diag27$games.sonic4.ojz_scroll_test$raise : A6806 C |
 $diag27$games.sonic4.ojz_scroll_test$skip : A6860 C |
 $games.sonic4.ojz_scroll_test$Debug_BandDemoHotkey$no_wrap : A686E C |
 $games.sonic4.ojz_scroll_test$Debug_BandDemoHotkey$not_on : A6880 C |
 $games.sonic4.ojz_scroll_test$Debug_BandDemoHotkey$done : A6890 C |
 $games.sonic4.ojz_scroll_test$Debug_BandDemoHotkey$raster_table : A6892 C |
 OJZ_SectionMarkerColors : A689A C |
 PlayerMarkerTile : A68AC C |
 TestArt : A692C C |
 TestArt_Square2 : A69AC C |
 TestArt_Ring : A6A2C C |
 Replay_OJZ_Fixture : A6C30 C |
 __align$games.sonic4.replay_fixture$0 : A6C30 C |
 Replay_OJZ_Slide_Fixture : A6D40 C |
 __align$games.sonic4.replay_fixture$1 : A6D40 C |
 BusError : A6E90 C |
 AddressError : A6EA8 C |
 IllegalInstr : A6EC4 C |
 ZeroDivide : A6EE6 C |
 ChkInstr : A6F00 C |
 TrapvInstr : A6F1E C |
 PrivilegeViol : A6F3E C |
 Trace : A6F60 C |
 Line1010Emu : A6F74 C |
 Line1111Emu : A6F94 C |
 ErrorExcept : A6FB4 C |
 ErrorTrap : A6FD2 C |
 ErrorHandlerBlob : A6FEA C |
 EndOfRom : A7F40 C |
 Tile_Cache_Nametable : FFFF0000 C |
 Tile_Cache_Collision : FFFF2580 C |
 Block_Stage_Buffers : FFFF3842 C |
 Block_Stage_Bucket : FFFF6842 C |
 Block_Stage_Chain : FFFF6942 C |
 Cache_Spec_Gen_Ring : FFFF6982 C |
 Cache_Spec_Window : FFFF6992 C |
 Cache_Spec_Blocked : FFFF6994 C |
 Cache_Spec_Skips : FFFF6996 C |
 Pfx_Memo_Mask : FFFF6998 C |
 Cs_Memo_Mask : FFFF699A C |
 Page_Table : FFFF699C C |
 Page_Frames : FFFF6A9C C |
 Page_Queued_Bits : FFFF6B14 C |
 Art_Staging_Buffer : FFFF6B34 C |
 Lower_RAM_End : FFFF7334 C |
 RAM_Start : FFFF8000 C |
 VBlank_Flag : FFFF8000 C |
 Frame_Counter : FFFF8002 C |
 Logic_Tick : FFFF8004 C |
 Game_State : FFFF8008 C |
 Game_State_ID : FFFF800C C |
 Game_State_Init : FFFF800D C |
 VDP_Shadow_Table : FFFF800E C |
 Hardware_Region : FFFF8026 C |
 Region_Flags : FFFF8027 C |
 Ctrl_1_Held : FFFF8028 C |
 Ctrl_1_Press : FFFF8029 C |
 Ctrl_2_Held : FFFF802A C |
 Ctrl_2_Press : FFFF802B C |
 Ctrl_1_Press_Accum : FFFF802C C |
 Ctrl_2_Press_Accum : FFFF802D C |
 Ctrl_1_Ext_Held : FFFF802E C |
 Ctrl_1_Ext_Press : FFFF802F C |
 Ctrl_2_Ext_Held : FFFF8030 C |
 Ctrl_2_Ext_Press : FFFF8031 C |
 Ctrl_1_Ext_Press_Accum : FFFF8032 C |
 Ctrl_2_Ext_Press_Accum : FFFF8033 C |
 Pad_1_Type : FFFF8034 C |
 Pad_2_Type : FFFF8035 C |
 Input_Source : FFFF8036 C |
 Replay_Exit_Request : FFFF8037 C |
 Replay_Done : FFFF8038 C |
 Replay_Hold : FFFF8039 C |
 Replay_Prev : FFFF803A C |
 Replay_Ptr : FFFF803C C |
 RNG_Seed : FFFF8040 C |
 VInt_Ptr : FFFF8044 C |
 VBlank_Ready : FFFF8048 C |
 DMA_Critical : FFFF804A C |
 DMA_Queue : FFFF804A C |
 DMA_Critical_End : FFFF80BA C |
 DMA_Important : FFFF80BA C |
 DMA_Deferrable : FFFF8162 C |
 DMA_Important_End : FFFF8162 C |
 DMA_Critical_Slot : FFFF820A C |
 DMA_Deferrable_End : FFFF820A C |
 DMA_Queue_End : FFFF820A C |
 DMA_Important_Slot : FFFF820C C |
 DMA_Deferrable_Slot : FFFF820E C |
 DMA_Budget_Default : FFFF8210 C |
 DMA_Budget_Remaining : FFFF8212 C |
 DMA_Enq_Bytes_Frame : FFFF8214 C |
 Palette_Buffer : FFFF8216 C |
 Palette_Dirty : FFFF8296 C |
 Sprite_Table_Buffer : FFFF8298 C |
 Sprite_Table_Dirty : FFFF8518 C |
 Sprite_Emit_Active : FFFF8519 C |
 Hscroll_Buffer : FFFF851A C |
 Vscroll_Factor : FFFF889C C |
 Parallax_Deform_Phase_FG : FFFF88A0 C |
 Parallax_State : FFFF88A0 C |
 Parallax_Deform_Phase_BG : FFFF88A2 C |
 Parallax_V_Deform_Phase_BG : FFFF88A4 C |
 Parallax_Current_Scroll_A : FFFF88A6 C |
 Parallax_Current_Scroll_B : FFFF88C6 C |
 Parallax_Current_Vscroll_BG : FFFF88E6 C |
 Parallax_Current_Config : FFFF88E8 C |
 Parallax_Target_Config : FFFF88EC C |
 Parallax_Transition_Frames : FFFF88F0 C |
 Parallax_Snap_Pending : FFFF88F1 C |
 Parallax_Prev_Sec_X : FFFF88F2 C |
 Parallax_Prev_Sec_Y : FFFF88F3 C |
 Parallax_Vscroll_Column_Buf : FFFF88F4 C |
 Parallax_Curve_Carry : FFFF8944 C |
 Parallax_Drift_Acc : FFFF8944 C |
 Parallax_Shadow_Bands : FFFF8948 C |
 Parallax_Shadow_Scroll_A : FFFF8A88 C |
 Parallax_Shadow_Scroll_B : FFFF8AA8 C |
 Parallax_State_End : FFFF8AC8 C |
 Raster_Program : FFFF8AC8 C |
 Raster_State : FFFF8AC8 C |
 Raster_Cursor : FFFF8ACC C |
 Raster_Pending : FFFF8AD0 C |
 Raster_Line : FFFF8AD4 C |
 Raster_Buf_A : FFFF8AD6 C |
 Raster_Buf_B : FFFF8B56 C |
 Raster_Active_Buf : FFFF8BD6 C |
 Raster_Dense_Lines : FFFF8BDA C |
 Raster_Dense_Cursor : FFFF8BDC C |
 Raster_Dense_Cmd : FFFF8BE0 C |
 Raster_Dense_Mode : FFFF8BE4 C |
 Raster_Ramp_Acc : FFFF8BE6 C |
 Raster_Ramp_Step : FFFF8BEA C |
 Effects_World_Y : FFFF8BEE C |
 Effects_Screen_L : FFFF8BF6 C |
 Effects_Offscreen_Entry : FFFF8BFE C |
 Raster_Patch_Tab : FFFF8C02 C |
 Pal_Base : FFFF8C06 C |
 Palette_State : FFFF8C06 C |
 Raster_State_End : FFFF8C06 C |
 Pal_Target : FFFF8C66 C |
 Pal_Variant_Stage : FFFF8CC6 C |
 Pal_Variant_Ptr : FFFF8DC6 C |
 Pal_Cycle_Script : FFFF8DCE C |
 Pal_Cycle_Timers : FFFF8DD2 C |
 Pal_Fade_Frames : FFFF8DD6 C |
 Pal_Op : FFFF8DD7 C |
 Pal_Op_Step : FFFF8DD8 C |
 Pal_Op_Timer : FFFF8DD9 C |
 Pal_Active : FFFF8DDA C |
 Pal_Base_Dirty : FFFF8DDB C |
 Pal_Compose_Lines : FFFF8DDC C |
 Pal_Fade_Request : FFFF8DDD C |
 BgAnim_LastStep : FFFF8DDE C |
 Palette_State_End : FFFF8DDE C |
 Static_Pal_Line0 : FFFF8DE6 C |
 Static_Pal_Line1 : FFFF8DF4 C |
 Static_Pal_Line2 : FFFF8E02 C |
 Static_Pal_Ship : FFFF8E10 C |
 Static_Pal_Line3 : FFFF8E1E C |
 Static_Sprite_DMA : FFFF8E2C C |
 Static_Hscroll_Line : FFFF8E3A C |
 DMA_Bytes_ThisFrame : FFFF8E48 C |
 DMA_Peak_Critical : FFFF8E4A C |
 DMA_Peak_Important : FFFF8E4C C |
 DMA_Peak_Deferrable : FFFF8E4E C |
 DMA_Overflow_Count : FFFF8E50 C |
 Dbg_DMA_Enq_Capped : FFFF8E52 C |
 Lag_Frame_Count : FFFF8E54 C |
 Prof_RunObjects : FFFF8E58 C |
 Prof_TouchResponse : FFFF8E5A C |
 Prof_RenderSprites : FFFF8E5C C |
 Prof_FrameTotal : FFFF8E5E C |
 Prof_Peak_RunObjects : FFFF8E60 C |
 Prof_Peak_Touch : FFFF8E62 C |
 Prof_Peak_Render : FFFF8E64 C |
 Prof_Peak_Frame : FFFF8E66 C |
 Prof_Dynamic_Used : FFFF8E68 C |
 Prof_Effect_Used : FFFF8E6A C |
 Debug_Scene_Freeze : FFFF8E6C C |
 Dbg_PageIn_Preempts : FFFF8E6E C |
 Dbg_PageIn_Flushes : FFFF8E70 C |
 Dbg_PageIn_Resumes : FFFF8E72 C |
 Dbg_PageCache_Demands : FFFF8E74 C |
 Dbg_PageCache_Prefetches : FFFF8E76 C |
 Dbg_PageIn_PfxSkips : FFFF8E78 C |
 Dbg_PageIn_Deferred : FFFF8E7A C |
 Dbg_Cam_Clamp_Frames : FFFF8E7C C |
 Dbg_PageIn_BaseCorrupt : FFFF8E7E C |
 Cache_Stall_Watchdog : FFFF8E80 C |
 Page_Audit_Ticks : FFFF8E82 C |
 Page_Audit_Scratch : FFFF8E84 C |
 Page_Audit_Snapshot : FFFF8EA2 C |
 Object_RAM : FFFF8ED6 C |
 Player_1 : FFFF8ED6 C |
 Player_2 : FFFF8F26 C |
 Dynamic_Slots : FFFF8F76 C |
 System_Slots : FFFF9BF6 C |
 Effect_Slots : FFFF9E76 C |
 Dynamic_Free_Stack : FFFFA376 C |
 Object_RAM_End : FFFFA376 C |
 Dynamic_Free_SP : FFFFA3C6 C |
 Effect_Free_Stack : FFFFA3C8 C |
 Effect_Free_SP : FFFFA3E8 C |
 Sprite_Bands : FFFFA3EA C |
 Sprite_Band_Counts : FFFFA5EA C |
 Sprites_Rendered : FFFFA5F2 C |
 Sprite_Cycle_Counter : FFFFA5F4 C |
 SpriteMask_Y : FFFFA5F6 C |
 SpriteMask_Height : FFFFA5F8 C |
 SpriteMask_After_Band : FFFFA5FA C |
 Scanline_Band_Sprites : FFFFA5FC C |
 Camera_X : FFFFA604 C |
 Camera_Y : FFFFA608 C |
 Camera_X_Biased : FFFFA60C C |
 Camera_Y_Biased : FFFFA60E C |
 Game_Paused : FFFFA610 C |
 Plane_Buffer : FFFFA612 C |
 Plane_Buffer_Ptr : FFFFAC12 C |
 Pos_table : FFFFAC14 C |
 H_scroll_frame_offset : FFFFAD14 C |
 Camera_Deadzone_Base : FFFFAD16 C |
 Camera_Lookahead : FFFFAD18 C |
 Camera_Pan_Offset : FFFFAD1A C |
 Camera_X_Max : FFFFAD1C C |
 Camera_Y_Max : FFFFAD1E C |
 Camera_Target : FFFFAD20 C |
 Camera_Curl_Offset : FFFFAD22 C |
 Camera_Hold_Frames : FFFFAD24 C |
 Camera_Art_Hold : FFFFAD25 C |
 Cache_Left_Col : FFFFAD26 C |
 Cache_Head_Col : FFFFAD28 C |
 Cache_Top_Row : FFFFAD2A C |
 Cache_Bottom_Row : FFFFAD2C C |
 Cache_Origin_Col : FFFFAD2E C |
 Cache_Origin_Row : FFFFAD30 C |
 Cache_Fill_Last_Frame : FFFFAD32 C |
 Cache_Fill_Resume_Col : FFFFAD34 C |
 Cache_Fill_Resume_Row : FFFFAD36 C |
 Cache_Art_Stall : FFFFAD38 C |
 Page_Free_Head : FFFFAD3A C |
 Cache_Fill_Budget : FFFFAD3C C |
 Cache_Fill_RowResume_Row : FFFFAD3E C |
 Cache_Fill_RowResume_Col : FFFFAD40 C |
 Cache_Fill_Rows_Left : FFFFAD42 C |
 Cache_Prev_Cam_Row : FFFFAD44 C |
 Cache_Prev_Cam_X : FFFFAD46 C |
 Cache_H_Pfx_Dir : FFFFAD48 C |
 Cache_H_Pfx_Accum : FFFFAD4A C |
 Cache_Pfx_Row_Target : FFFFAD4C C |
 Cache_Pfx_Col_Target : FFFFAD4E C |
 Cache_Pfx_Skip_Armed : FFFFAD50 C |
 Cache_Pfx_Lag_Flag : FFFFAD52 C |
 Block_Stage_Keys : FFFFAD54 C |
 Block_Stage_Next : FFFFAD94 C |
 Section_Top_Row_Written : FFFFAD96 C |
 Section_Bottom_Row_Written : FFFFAD98 C |
 Section_Plane_Dirty : FFFFAD9A C |
 Section_Right_Col_Written : FFFFAD9C C |
 Section_Left_Col_Written : FFFFAD9E C |
 Section_Fwd_Neighbor_Data : FFFFADA0 C |
 Section_Bwd_Neighbor_Data : FFFFADA4 C |
 Tile_Override_Table : FFFFADA8 C |
 Ring_Buffer : FFFFAE08 C |
 Ring_Count : FFFFB108 C |
 Ring_HighWater : FFFFB109 C |
 Ring_Add_Dropped : FFFFB10A C |
 Entity_Scan_State : FFFFB10C C |
 Ring_Counter : FFFFB174 C |
 Ring_Anim_Frame : FFFFB176 C |
 Ring_Anim_Timer : FFFFB177 C |
 Entity_Window_Active : FFFFB178 C |
 Entity_Window_Center_ID : FFFFB179 C |
 Entity_Window_Anchor : FFFFB17A C |
 Entity_Window_OriginX : FFFFB17C C |
 Entity_Window_OriginY : FFFFB17E C |
 Entity_Loaded_Masks : FFFFB180 C |
 Entity_Mask_Scratch : FFFFB200 C |
 Camera_Y_Coarse_Prev : FFFFB284 C |
 Ring_Collected_Window : FFFFB286 C |
 Ring_Collected_Park : FFFFB3BA C |
 Collected_Park_Next : FFFFB43E C |
 Current_Act_Ptr : FFFFB440 C |
 Ring_Sfx_Speaker : FFFFB444 C |
 Sfx_Ring_Buf : FFFFB446 C |
 Sfx_Ring_Wr : FFFFB44E C |
 Sfx_Ring_Rd : FFFFB44F C |
 Sound_Dbg_Mirror : FFFFB450 C |
 Dynamic_Live : FFFFB500 C |
 Dynamic_Live_Count : FFFFB550 C |
 Dynamic_Live_Dirty : FFFFB552 C |
 Dynamic_Live_Walking : FFFFB553 C |
 Dynamic_Live_Pending : FFFFB554 C |
 Dynamic_Live_Pending_Count : FFFFB564 C |
 Block_Stage_Gen : FFFFB566 C |
 Pfx_Memo_Row : FFFFB568 C |
 Pfx_Memo_L16 : FFFFB56A C |
 Pfx_Memo_H16 : FFFFB56C C |
 Pfx_Memo_Gen : FFFFB56E C |
 Cs_Memo_Col : FFFFB570 C |
 Cs_Memo_T16 : FFFFB572 C |
 Cs_Memo_B16 : FFFFB574 C |
 Cs_Memo_Gen : FFFFB576 C |
 HBlank_Vector_Slot : FFFFB578 C |
 Block_Stage_Ptrs : FFFFB57E C |
 Block_Stage_Maps : FFFFB5BE C |
 Cache_Cur_LocalMap : FFFFB5FE C |
 Block_Stage_ZeroPage : FFFFB602 C |
 PageIn_Saved_D0 : FFFFB902 C |
 PageIn_Saved_D1 : FFFFB906 C |
 PageIn_Saved_D2 : FFFFB90A C |
 PageIn_Saved_A0 : FFFFB90E C |
 PageIn_Saved_A1 : FFFFB912 C |
 PageIn_Saved_A2 : FFFFB916 C |
 PageIn_Saved_A3 : FFFFB91A C |
 PageIn_Saved_PC : FFFFB91E C |
 PageIn_Saved_SR : FFFFB922 C |
 PageIn_InFlight : FFFFB924 C |
 PageIn_Suspended : FFFFB925 C |
 PageIn_Staging_Busy : FFFFB926 C |
 PageIn_Land_Pending : FFFFB927 C |
 PageIn_Queue_Count : FFFFB928 C |
 PageIn_Cur_Flags : FFFFB929 C |
 PageIn_Queue : FFFFB92A C |
 PageIn_Cur_Dest : FFFFB94A C |
 PageIn_Cur_Bytes : FFFFB94C C |
 PageIn_Cur_Page : FFFFB94E C |
 PageIn_Cur_Frame : FFFFB950 C |
 PageIn_Bulk_Drain : FFFFB951 C |
 PageIn_Pool_Table : FFFFB952 C |
 PageIn_Pool_Pages : FFFFB956 C |
 PageIn_Fully_Resident : FFFFB958 C |
 PageCache_Direct_Map : FFFFB959 C |
 PageIn_Last_Frame : FFFFB95A C |
 PageIn_Prev_Lagged : FFFFB95C C |
 PageIn_Pfx_Skip_Armed : FFFFB95E C |
 Page_Pfx_Budget : FFFFB960 C |
 Act_Art_Budget : FFFFB962 C |
 Art_Budget_Remaining : FFFFB964 C |
 Ctrl_1_Held_Raw : FFFFB966 C |
 Ctrl_2_Held_Raw : FFFFB967 C |
 Ctrl_1_Ext_Held_Raw : FFFFB968 C |
 Ctrl_2_Ext_Held_Raw : FFFFB969 C |
 Palette_Ship_Snap : FFFFB96A C |
 Replay_Record_Idx : FFFFB9EA C |
 Replay_Check_Idx : FFFFB9EC C |
 Replay_Record_Buf : FFFFB9EE C |
 Replay_Check_Log : FFFFD9EE C |
 Sprite_Owner : FFFFE1EE C |
 Dbg_Music_On : FFFFE28E C |
 Engine_RAM_End : FFFFE28E C |
 Dbg_Sfx_Sel : FFFFE290 C |
 Cheat_Flags : FFFFE292 C |
 Character_ID : FFFFE294 C |
 Player_Chardef : FFFFE296 C |
 Player_Blocks : FFFFE29A C |
 Player_Death_Pending : FFFFE2C2 C |
 Player_Bound_Right : FFFFE2C4 C |
 Player_Bound_Bottom : FFFFE2C6 C |
 Player_Pos_Ring : FFFFE400 C |
 Player_Stat_Ring : FFFFE500 C |
 Player_Ring_Index : FFFFE600 C |
 Warp_Req_X : FFFFE602 C |
 Warp_Req_Y : FFFFE604 C |
 Warp_Req_Flag : FFFFE606 C |
 Boot_At_X : FFFFE608 C |
 Boot_At_Y : FFFFE60A C |
 Boot_At_Flag : FFFFE60C C |
 Debug_Scene_Index : FFFFE60D C |
 Debug_Raster_Index : FFFFE60E C |
 Game_RAM_End : FFFFE610 C |

   2732 symbols
    0 unused symbols

  Equate Table (name = value; values, not addresses):
  ---------------------------------------------------

EQU AF_BACK = $000000FE
EQU AF_CALLBACK = $000000FA
EQU AF_CHANGE = $000000FD
EQU AF_COLLISION = $000000F8
EQU AF_DELETE = $000000FB
EQU AF_END = $000000FF
EQU AF_ROUTINE = $000000FC
EQU AF_SET_FIELD = $000000F7
EQU AF_SOUND = $000000F9
EQU ALIVE_SLOT = $00A01F10
EQU ANIM_BALANCE = $00000006
EQU ANIM_CLIMB = $00000016
EQU ANIM_COUNT = $00000018
EQU ANIM_DUCK = $00000008
EQU ANIM_FLY = $0000000B
EQU ANIM_FLY_TIRED = $0000000C
EQU ANIM_GETUP = $0000000A
EQU ANIM_GLIDEFALL = $00000012
EQU ANIM_GLIDE_0 = $0000000D
EQU ANIM_GLIDE_1 = $0000000E
EQU ANIM_GLIDE_2 = $0000000F
EQU ANIM_GLIDE_3 = $00000010
EQU ANIM_GLIDE_4 = $00000011
EQU ANIM_GLIDE_LAND = $00000015
EQU ANIM_IDLE = $00000005
EQU ANIM_LEDGE = $00000017
EQU ANIM_LOOKUP = $00000007
EQU ANIM_PUSH = $00000004
EQU ANIM_ROLL = $00000002
EQU ANIM_RUN = $00000001
EQU ANIM_RUN_THRESHOLD = $00000600
EQU ANIM_SKID = $00000009
EQU ANIM_SLIDE = $00000013
EQU ANIM_SLIDE_GETUP = $00000014
EQU ANIM_SPINDASH = $00000003
EQU ANIM_WALK = $00000000
EQU ANI_DUST_PUFF = $0002AF9C
EQU ANI_DUST_SPINDASH = $0002AF90
EQU ANI_PARTICLE = $0002AF88
EQU ANI_TAILS_APPENDAGE = $0002AD8A
EQU ART_DUST = $0002A048
EQU ART_HDR_SIZE = $00000004
EQU ART_HDR_VERSION = $00000003
EQU ART_HOLD_X_BIT = $00000000
EQU ART_HOLD_Y_BIT = $00000001
EQU ART_PAGE_FLAG_PINNED = $00000001
EQU ART_PAGE_FLAG_PINNED_BIT = $00000000
EQU ART_PAGE_FORM_RAW = $00000001
EQU ART_PAGE_FORM_ZX0 = $00000000
EQU ART_POOL_PAGE_BYTES = $00000800
EQU ART_POOL_PAGE_BYTES_SHIFT = $0000000B
EQU ART_POOL_PAGE_TILES = $00000040
EQU ART_STAGING_BUFFER_SIZE = $00000800
EQU ART_TAILS_APPENDAGE = $00049C4E
EQU ART_VER_S4LZ = $00000001
EQU ART_VER_ZX0 = $00000002
EQU Act_act_art_budget = $00000026
EQU Act_act_art_pool_pages = $0000001E
EQU Act_act_art_pool_table = $0000001A
EQU Act_act_bg_layout = $0000000E
EQU Act_act_bg_tiles = $00000012
EQU Act_act_parallax_config = $00000016
EQU Act_act_sec_local_maps = $00000022
EQU Act_edge_mode = $00000020
EQU Act_grid_h = $00000006
EQU Act_grid_w = $00000004
EQU Act_len = $00000028
EQU Act_pad_21 = $00000021
EQU Act_sec_grid_ptr = $00000000
EQU Act_start_local_x = $00000008
EQU Act_start_local_y = $0000000A
EQU Act_start_sec_x = $0000000C
EQU Act_start_sec_y = $0000000D
EQU BALL_X_RADIUS = $00000007
EQU BALL_Y_RADIUS = $0000000E
EQU BGANIM_MAX_BANDS = $00000004
EQU BG_TILE_BASE_SLOT = $00000400
EQU BG_TILE_BASE_VRAM = $00008000
EQU BG_TILE_CAPACITY = $000001C0
EQU BLOCKS_PER_SECTION_AXIS = $00000010
EQU BLOCKS_PER_SECTION_SHIFT = $00000004
EQU BLOCK_COLL_COLS = $00000010
EQU BLOCK_COLL_PLANE_SIZE = $00000080
EQU BLOCK_COLL_ROWS = $00000008
EQU BLOCK_COLL_SIZE = $00000100
EQU BLOCK_DECOMP_BUDGET = $00000006
EQU BLOCK_INDEX_ENTRIES = $00000100
EQU BLOCK_INDEX_SIZE = $00000400
EQU BLOCK_NT_SIZE = $00000200
EQU BLOCK_RAW_SIZE = $00000300
EQU BLOCK_SPEC_LEAD_TICKS = $00000008
EQU BLOCK_SPEC_REARM = $00000008
EQU BLOCK_STAGE_BUCKETS = $00000100
EQU BLOCK_STAGE_SLOTS = $00000010
EQU BLOCK_TILE_SHIFT = $00000004
EQU BLOCK_TILE_SIZE = $00000010
EQU BUTTON_A = $00000040
EQU BUTTON_B = $00000010
EQU BUTTON_B_BIT = $00000004
EQU BUTTON_C = $00000020
EQU BUTTON_DOWN = $00000002
EQU BUTTON_DOWN_BIT = $00000001
EQU BUTTON_EXT_MODE = $00000008
EQU BUTTON_EXT_X = $00000004
EQU BUTTON_EXT_Y = $00000002
EQU BUTTON_EXT_Z = $00000001
EQU BUTTON_LEFT = $00000004
EQU BUTTON_LEFT_BIT = $00000002
EQU BUTTON_RIGHT = $00000008
EQU BUTTON_RIGHT_BIT = $00000003
EQU BUTTON_START = $00000080
EQU BUTTON_START_BIT = $00000007
EQU BUTTON_UP = $00000001
EQU BUTTON_UP_BIT = $00000000
EQU CAM_LOOKAHEAD_THRESHOLD = $00000600
EQU CAM_MAX_Y_STEP = $00000010
EQU CAM_PAN_LIMIT = $00000040
EQU CAM_PAN_SPEED = $00000002
EQU CAM_SCREEN_HALF_H = $00000070
EQU CAM_SCREEN_HALF_W = $000000A0
EQU CHARDEF_TAILS = $00011FC0
EQU CHAR_COUNT = $00000003
EQU CHAR_KNUCKLES = $00000002
EQU CHAR_SONIC = $00000000
EQU CHAR_TAILS = $00000001
EQU CHEAT_DEBUG_FLY = $00000001
EQU CLAMP_MARGIN_TILES = $00000004
EQU COLLECTED_BITMASK_OFFSET = $00000002
EQU COLLECTED_EMPTY_TAG = $000000FF
EQU COLLECTED_MASK_BYTES = $00000010
EQU COLLECTED_PARK_ENTRY_SIZE = $00000021
EQU COLLECTED_PARK_SLOTS = $00000004
EQU COLLECTED_SLOT_SIZE = $00000022
EQU COLLISION_BOSS = $00000002
EQU COLLISION_BUBBLE = $00000006
EQU COLLISION_CELL_SHIFT = $00000004
EQU COLLISION_ENEMY = $00000001
EQU COLLISION_HURT = $00000003
EQU COLLISION_MONITOR = $00000004
EQU COLLISION_NONE = $00000000
EQU COLLISION_PROJECTILE = $00000007
EQU COLLISION_RING = $00000005
EQU COLLISION_SOLID = $00000008
EQU COLLISION_SOLID_BREAK = $00000009
EQU COLLISION_SOLID_HURT = $0000000B
EQU COLLISION_SPRING = $0000000A
EQU COLLISION_TOUCH = $0000000C
EQU CRAM = $0000002B
EQU CTRL_SLOT = $00A01F07
EQU CTYPE_AIR = $00000000
EQU CULL_DISTANCE_X = $00000300
EQU CULL_DISTANCE_Y = $00000200
EQU DEBUGGER__EXTENSIONS__BTN_A_DEBUGGER = $000A7E56
EQU DEBUGGER__EXTENSIONS__BTN_B_DEBUGGER = $000A7EA2
EQU DEBUGGER__EXTENSIONS__BTN_C_DEBUGGER = $00000000
EQU DEBUGGER__EXTENSIONS__ENABLE = $00000001
EQU DEBUGGER__SHOW_SR_USP = $00000000
EQU DEBUGGER__STR_OFFSET_SELECTOR = $000A72F6
EQU DMA = $00000027
EQU DMAEntry_Command = $0000000A
EQU DMAEntry_Reg93 = $00000002
EQU DMAEntry_Reg94 = $00000000
EQU DMAEntry_Reg95 = $00000008
EQU DMAEntry_Reg96 = $00000006
EQU DMAEntry_Reg97 = $00000004
EQU DMAEntry_SizeH = $00000001
EQU DMAEntry_SizeL = $00000003
EQU DMAEntry_SrcH = $00000005
EQU DMAEntry_SrcL = $00000009
EQU DMAEntry_SrcM = $00000007
EQU DMAEntry_len = $0000000E
EQU DMA_BUDGET_BLANKED_INIT = $00002000
EQU DMA_BUDGET_NTSC = $00001800
EQU DMA_BUDGET_PAL = $00002D80
EQU DMA_CRITICAL_SLOTS = $00000008
EQU DMA_DEFERRABLE_SLOTS = $0000000C
EQU DMA_ENQ_BYTE_CAP = $00003000
EQU DMA_IMPORTANT_SLOTS = $0000000C
EQU DMA_TOTAL_SLOTS = $00000020
EQU DPLC_DUST = $0002A01E
EQU DPLC_TAILS_APPENDAGE = $00049B42
EQU DUR_DYNAMIC = $000000FF
EQU EDGE_CLAMP = $00000000
EQU EDGE_KILL = $00000002
EQU EDGE_WRAP_V = $00000001
EQU EFFECT_DUST_BAND = $00000005
EQU EFFECT_INSTA_SHIELD_BAND = $00000005
EQU EFFECT_RING_SPARKLE_BAND = $00000005
EQU ENTITY_DESPAWN_BUFFER = $00000200
EQU ENTITY_DESPAWN_BUFFER_Y = $00000180
EQU ENTITY_LOADED_OBJ_OFFSET = $00000010
EQU ENTITY_LOADED_SLOT_SIZE = $00000020
EQU ENTITY_LOAD_BUFFER = $00000180
EQU ENTITY_LOAD_BUFFER_Y = $00000100
EQU ENTITY_RESCAN_COARSE_MASK = $0000FF80
EQU ENTITY_RESCAN_ROW_SIZE = $00000080
EQU EditorScenes_OJZ_Act1_Bindings = $00000002
EQU EditorScenes_OJZ_Act1_Count = $00000002
EQU EntityScanState_ess_entry_idx = $00000013
EQU EntityScanState_ess_obj_next_x = $00000018
EQU EntityScanState_ess_obj_right_idx = $00000002
EQU EntityScanState_ess_origin_x = $00000010
EQU EntityScanState_ess_origin_y = $00000014
EQU EntityScanState_ess_ring_next_x = $00000016
EQU EntityScanState_ess_ring_right_idx = $00000000
EQU EntityScanState_ess_rom_obj_ptr = $00000008
EQU EntityScanState_ess_rom_ring_ptr = $00000004
EQU EntityScanState_ess_rom_type_tbl_ptr = $0000000C
EQU EntityScanState_ess_section_id = $00000012
EQU EntityScanState_len = $0000001A
EQU FADE_SLOT = $00A01F05
EQU FRAME_BBOX_X_MAX = $00000001
EQU FRAME_BBOX_X_MIN = $00000000
EQU FRAME_BBOX_Y_MAX = $00000003
EQU FRAME_BBOX_Y_MIN = $00000002
EQU FRAME_PIECES = $00000006
EQU FRAME_PIECE_COUNT = $00000004
EQU GS_BOOT = $00000000
EQU GS_IDLE = $00000001
EQU GS_OBJECT_TEST = $00000002
EQU GS_OJZ_SCROLL_TEST = $00000003
EQU HASH_P1_ANIM = $FFFF8EF4
EQU HASH_P1_ANIMSUB = $FFFF8EEE
EQU HASH_P1_CUSTOM = $FFFF8F06
EQU HASH_P1_CUSTOM_TAIL = $FFFF8F22
EQU HASH_P1_DISPLAY = $FFFF8EEA
EQU HASH_P1_ENTITY = $FFFF8F00
EQU HASH_P1_INTERACT = $FFFF8F24
EQU HASH_P1_MOTION = $FFFF8ED8
EQU HASH_P1_RENDER = $FFFF8EE4
EQU HW_EXPANSION_CTRL = $00A1000D
EQU HW_EXPANSION_CTRL_FULL = $00A1000C
EQU HW_PORT_1_CTRL = $00A10009
EQU HW_PORT_1_DATA = $00A10003
EQU HW_PORT_2_CTRL = $00A1000B
EQU HW_PORT_2_DATA = $00A10005
EQU HW_PORT_A_CTRL_FULL = $00A10008
EQU HW_PORT_EXP_DATA = $00A10007
EQU HW_VERSION = $00A10001
EQU H_PFX_HYST = $00000010
EQU INPUT_LIVE = $00000000
EQU INPUT_PLAYBACK = $00000001
EQU INPUT_RECORD = $00000002
EQU INSTASHIELD_ATTACKING = $00000001
EQU INSTASHIELD_READY = $00000000
EQU INSTASHIELD_SPENT = $00000002
EQU INSTASHIELD_SUPPRESS_MASK = $00000073
EQU JINGLE_SLOT = $00A01F08
EQU KILLED_BITMASK_OFFSET = $00000012
EQU MAP_DUST_PUFF = $00029FDE
EQU MAP_DUST_SPINDASH = $00029F6E
EQU MAP_TAILS_APPENDAGE = $0004987A
EQU MAX_ACT_SECTIONS = $00000030
EQU MAX_LIST_ENTRIES = $00000080
EQU MAX_PARALLAX_BANDS = $00000010
EQU MAX_TRACKED_SECTIONS = $00000004
EQU MAX_VDP_SPRITES = $00000050
EQU MDDBG__Art1bpp_Font = $000A733A
EQU MDDBG__Console_GetPosAsXY = $000A7AE8
EQU MDDBG__Console_Init = $000A7A24
EQU MDDBG__Console_InitShared = $000A7A64
EQU MDDBG__Console_Reset = $000A7A62
EQU MDDBG__Console_SetBasePattern = $000A7B3C
EQU MDDBG__Console_SetPosAsXY = $000A7AB4
EQU MDDBG__Console_SetPosAsXY_Stack = $000A7AAE
EQU MDDBG__Console_SetWidth = $000A7B58
EQU MDDBG__Console_StartNewLine = $000A7B0E
EQU MDDBG__Console_Write = $000A7B7C
EQU MDDBG__Console_WriteLine = $000A7B78
EQU MDDBG__Console_WriteLine_Formatted = $000A7C42
EQU MDDBG__Console_WriteLine_WithPattern = $000A7B76
EQU MDDBG__Console_Write_Formatted = $000A7C46
EQU MDDBG__Debugger_AddressRegisters = $000A7E56
EQU MDDBG__Debugger_Backtrace = $000A7EA2
EQU MDDBG__Decomp1bpp = $000A7C76
EQU MDDBG__ErrorHandler = $000A6FEA
EQU MDDBG__ErrorHandler_ClearConsole = $000A7D4C
EQU MDDBG__ErrorHandler_ConsoleConfig_Initial = $000A72C2
EQU MDDBG__ErrorHandler_ConsoleConfig_Shared = $000A72C6
EQU MDDBG__ErrorHandler_ConsoleOnly = $000A7D26
EQU MDDBG__ErrorHandler_ExtraDebuggerList = $000A7E4A
EQU MDDBG__ErrorHandler_PagesController = $000A7DB0
EQU MDDBG__ErrorHandler_PauseConsole = $000A7D76
EQU MDDBG__ErrorHandler_SetupVDP = $000A723A
EQU MDDBG__ErrorHandler_VDPConfig = $000A7270
EQU MDDBG__ErrorHandler_VDPConfig_Nametables = $000A7286
EQU MDDBG__Error_DrawOffsetLocation = $000A71A2
EQU MDDBG__Error_DrawOffsetLocation2 = $000A71A6
EQU MDDBG__Error_DrawOffsetLocation__inj = $000A71AC
EQU MDDBG__Error_IdleLoop = $000A7112
EQU MDDBG__Error_InitConsole = $000A712C
EQU MDDBG__Error_MaskStackBoundaries = $000A7138
EQU MDDBG__FormatString = $000A794A
EQU MDDBG__GetSymbolByOffset = $000A7634
EQU MDDBG__KDebug_FlushLine = $000A7CEA
EQU MDDBG__KDebug_Write = $000A7CF8
EQU MDDBG__KDebug_WriteLine = $000A7CF4
EQU MDDBG__KDebug_WriteLine_Formatted = $000A7C92
EQU MDDBG__KDebug_Write_Formatted = $000A7C96
EQU MDDBG__Str_OffsetLocation_24bit = $000A72F6
EQU MDDBG__Str_OffsetLocation_32bit = $000A72FF
EQU MDDBG__VSync = $000A7E10
EQU MUSIC_SLOT = $00A01F02
EQU NT_ATTR_MASK = $0000F800
EQU NT_TILE_MASK = $000007FF
EQU NUM_DYNAMIC = $00000028
EQU NUM_DYNAMIC_PENDING = $00000008
EQU NUM_EFFECTS = $00000010
EQU NUM_PLAYERS = $00000002
EQU NUM_SYSTEM = $00000008
EQU NUM_TOTAL_SLOTS = $00000042
EQU OBJ_CODE_BANK = $00000001
EQU OBJ_ENTRY_SIZE = $00000006
EQU OEF_ANY_Y = $0000000F
EQU OEF_SUBTYPE_MASK = $000000FF
EQU OEF_TYPE_MASK = $0000001F
EQU OEF_TYPE_SHIFT = $00000008
EQU OEF_XFLIP = $0000000D
EQU OEF_YFLIP = $0000000E
EQU OJZ_Sec4_Blocks = $0001A89C
EQU PAD_3BTN = $00000000
EQU PAD_6BTN = $00000001
EQU PAGECACHE_AUDIT_INTERVAL = $00000080
EQU PAGEIN_QUEUE_SLOTS = $00000008
EQU PAGE_FRAMES = $0000000E
EQU PAGE_FRAMES_CLAMP = $0000000E
EQU PAGE_FRAMES_MAX = $0000000F
EQU PAGE_FRAME_TILE_MASK = $0000003F
EQU PAGE_FRAME_TILE_SHIFT = $00000006
EQU PAGE_NOT_RESIDENT = $000000FF
EQU PAGE_PREFETCH_MAX = $00000002
EQU PAGE_TABLE_MAX = $00000100
EQU PARALLAX_ANCHOR_NONE = $000000FF
EQU PARALLAX_LERP_SHIFT = $00000004
EQU PARALLAX_TRANS_DEFAULT = $00000010
EQU PARAM_BANK = $00A01CA6
EQU PARAM_FLAGS = $00A01CA9
EQU PARAM_PATCHPTR_HI = $00A01CAB
EQU PARAM_PATCHPTR_LO = $00A01CAA
EQU PARAM_PTR_HI = $00A01CA8
EQU PARAM_PTR_LO = $00A01CA7
EQU PF_EVICTABLE = $00000002
EQU PF_EVICTABLE_BIT = $00000001
EQU PF_PINNED = $00000001
EQU PF_PINNED_BIT = $00000000
EQU PGRQ_BULK = $00000002
EQU PGRQ_BULK_BIT = $00000001
EQU PGRQ_DEMAND = $00000001
EQU PGRQ_DEMAND_BIT = $00000000
EQU PGRQ_PREFETCH = $00000000
EQU PHYS_ACCEL = $0000000C
EQU PHYS_AIR_ACCEL = $00000018
EQU PHYS_DECEL = $00000080
EQU PHYS_FALL_ANGLE = $00000030
EQU PHYS_FALL_CAP = $00000F00
EQU PHYS_FRICTION = $0000000C
EQU PHYS_GRAVITY = $00000038
EQU PHYS_GSP_CAP = $00001000
EQU PHYS_JUMP_BUFFER = $00000002
EQU PHYS_JUMP_FORCE = $00000680
EQU PHYS_JUMP_HEADROOM = $00000006
EQU PHYS_JUMP_RELEASE_CAP = $FFFFFC00
EQU PHYS_JUMP_SKIP_CLEARANCE = $00000008
EQU PHYS_KEEP_ROLL_MIN = $00000400
EQU PHYS_MOVE_LOCK_TIME = $0000001E
EQU PHYS_ROLL_DECEL = $00000020
EQU PHYS_ROLL_FORCE_MIN = $00000200
EQU PHYS_ROLL_FRICTION = $00000006
EQU PHYS_ROLL_START_MIN = $00000100
EQU PHYS_SKID_MIN = $00000400
EQU PHYS_SLIP_ANGLE = $00000018
EQU PHYS_SLIP_NUDGE = $00000080
EQU PHYS_SLIP_SPEED = $00000280
EQU PHYS_SLOPE_ROLL_DOWN = $00000050
EQU PHYS_SLOPE_ROLL_UP = $00000014
EQU PHYS_SLOPE_STAND_MIN = $0000000D
EQU PHYS_SLOPE_WALK = $00000020
EQU PHYS_TOP_SPEED = $00000600
EQU PHYS_UNROLL_MAX = $00000080
EQU PING_SLOT = $00A01F00
EQU PLANE_BUFFER_SIZE = $00000600
EQU PLANE_H_CELLS = $00000040
EQU PLANE_V_CELLS = $00000040
EQU PLAYER_1_X_POS = $FFFF8ED8
EQU PLAYER_1_X_VEL = $FFFF8EE0
EQU PLAYER_1_Y_POS = $FFFF8EDC
EQU PLAYER_1_Y_VEL = $FFFF8EE2
EQU PLAYER_PRIORITY_BAND = $00000004
EQU PLAYER_X_RADIUS = $00000009
EQU PLAYER_Y_RADIUS = $00000013
EQU POOL_TILE_CEILING = $00000380
EQU PRIORITY_BANDS = $00000008
EQU PSG_PORT = $00C00011
EQU PSTATE_AIR = $00000006
EQU PSTATE_AIRBALL = $0000000C
EQU PSTATE_CLIMB = $00000016
EQU PSTATE_COUNT = $0000000D
EQU PSTATE_FLY = $0000000E
EQU PSTATE_GLIDE = $00000010
EQU PSTATE_GLIDEFALL = $00000012
EQU PSTATE_GROUND = $00000000
EQU PSTATE_JUMP = $00000008
EQU PSTATE_LEDGE = $00000018
EQU PSTATE_ROLL = $00000002
EQU PSTATE_ROLLJUMP = $0000000A
EQU PSTATE_SLIDE = $00000014
EQU PSTATE_SPINDASH = $00000004
EQU PUSH_RADIUS = $0000000A
EQU READ = $0000000C
EQU REPLAY_CHECK_MASK = $0000003F
EQU REPLAY_ESCAPE = $000000FF
EQU REPLAY_HEADER_LEN = $00000014
EQU REPLAY_OP_CHECK = $00000001
EQU REPLAY_OP_END = $00000000
EQU REPLAY_RECORD_TICKS = $00002000
EQU RF_COORDMODE = $00000003
EQU RF_MULTISPRITE = $00000004
EQU RF_ONSCREEN = $00000000
EQU RF_PRIORITY_MASK = $000000E0
EQU RF_PRIORITY_SHIFT = $00000005
EQU RF_XFLIP = $00000001
EQU RF_YFLIP = $00000002
EQU RING_ANIM_FRAMES = $00000004
EQU RING_ANIM_SPEED = $00000008
EQU RING_BUFFER_ENTRY_SIZE = $00000006
EQU RING_HEIGHT = $00000010
EQU RING_WIDTH = $00000010
EQU SAMPLE_SLOT = $00A01F01
EQU SCANLINE_BANDS = $00000007
EQU SCANLINE_SPRITE_LIMIT = $00000018
EQU SCREEN_HEIGHT = $000000E0
EQU SCREEN_LAST_COL_MAX = $00000028
EQU SCREEN_LAST_ROW_MAX = $0000001C
EQU SCREEN_TILES_H = $0000001C
EQU SCREEN_TILES_W = $00000028
EQU SCREEN_WIDTH = $00000140
EQU SECTION_H_REACH_COLS_MAX = $00000029
EQU SECTION_H_REACH_PX = $00000147
EQU SECTION_SIZE = $00000800
EQU SECTION_SIZE_SHIFT = $0000000B
EQU SECTION_V_REACH_PX = $000000E7
EQU SECTION_V_REACH_ROWS_MAX = $0000001D
EQU SEC_VOID = $000000FF
EQU SFXID_DASH = $000000B6
EQU SFXID_DEATH = $00000035
EQU SFXID_FLYING = $000000BA
EQU SFXID_FLY_TIRED = $000000BB
EQU SFXID_GLIDE_LAND = $0000004C
EQU SFXID_GRAB = $0000004A
EQU SFXID_GROUND_SLIDE = $0000007E
EQU SFXID_INSTASHIELD = $00000042
EQU SFXID_JUMP = $00000062
EQU SFXID_REV_LOOP = $000000AB
EQU SFXID_RINGLOSS = $000000B9
EQU SFXID_RING_LEFT = $00000034
EQU SFXID_RING_RIGHT = $00000033
EQU SFXID_ROLL = $0000003C
EQU SFXID_SKID = $00000036
EQU SFXID_SPINDASH = $000000AB
EQU SFXPRI_DASH = $00000040
EQU SFXPRI_DEATH = $00000060
EQU SFXPRI_FLY = $00000008
EQU SFXPRI_GLIDE_LAND = $00000030
EQU SFXPRI_GRAB = $00000030
EQU SFXPRI_INSTASHIELD = $00000020
EQU SFXPRI_JUMP = $00000020
EQU SFXPRI_RING = $00000010
EQU SFXPRI_RINGLOSS = $00000060
EQU SFXPRI_ROLL = $00000030
EQU SFXPRI_SKID = $00000030
EQU SFXPRI_SLIDE = $00000008
EQU SFXPRI_SPINDASH = $00000040
EQU SFX_COUNT = $0000000F
EQU SFX_ID_BASE = $00000033
EQU SFX_SLOT = $00A01F03
EQU SFX_TABLE_LEN = $00000089
EQU SLOT_TAG_LEFT = $00000000
EQU SLOT_TAG_LOWER_L = $00000002
EQU SLOT_TAG_LOWER_R = $00000003
EQU SLOT_TAG_RIGHT = $00000001
EQU SND_DMA_ACTIVE_SLOT = $00A01F04
EQU SOLID_ALL = $00000003
EQU SOLID_LRB = $00000002
EQU SOLID_NONE = $00000000
EQU SOLID_TOP = $00000001
EQU SONG_COUNT = $00000003
EQU SONG_DRUMTEST = $00000002
EQU SONG_HCZ2 = $00000003
EQU SONG_MOVINGTRUCKS = $00000001
EQU SONG_PATCH_TABLE = $000A555C
EQU SONG_TABLE = $000A5550
EQU SPINDASH_BASE = $00000800
EQU SPINDASH_CHARGE_MAX = $00000800
EQU SPINDASH_CHARGE_STEP = $00000200
EQU SPRITES_PER_BAND = $00000020
EQU SPRITE_CULL_MARGIN = $00000020
EQU SRC_HSCROLL = $007FC28D
EQU SRC_PAL_LINE0 = $007FC10B
EQU SRC_PAL_LINE1 = $007FC11B
EQU SRC_PAL_LINE2 = $007FC12B
EQU SRC_PAL_LINE3 = $007FC13B
EQU SRC_SPRITE_TABLE = $007FC14C
EQU SST_CUSTOM_SIZE = $00000022
EQU SST_TEMPLATE_SIZE = $00000018
EQU SST_TEMPLATE_START = $0000000A
EQU SST_angle = $0000001F
EQU SST_anim = $00000018
EQU SST_anim_frame = $00000021
EQU SST_anim_table = $0000001A
EQU SST_anim_timer = $00000022
EQU SST_art_tile = $00000014
EQU SST_code_addr = $00000000
EQU SST_collision_resp = $0000000F
EQU SST_entity_list_index = $0000002C
EQU SST_entity_section_id = $0000002B
EQU SST_frame_off = $0000002E
EQU SST_height_pixels = $00000017
EQU SST_interact = $0000004E
EQU SST_layer = $0000002D
EQU SST_len = $00000050
EQU SST_mapping_frame = $00000023
EQU SST_mappings = $00000010
EQU SST_parent_ptr = $00000026
EQU SST_prev_anim = $00000020
EQU SST_prev_frame = $00000024
EQU SST_render_flags = $0000000E
EQU SST_sibling_ptr = $00000028
EQU SST_slot_tag = $0000002A
EQU SST_sprite_piece_count = $00000025
EQU SST_sst_custom = $00000030
EQU SST_status = $0000001E
EQU SST_subtype = $00000019
EQU SST_width_pixels = $00000016
EQU SST_x_pos = $00000002
EQU SST_x_vel = $0000000A
EQU SST_y_pos = $00000006
EQU SST_y_vel = $0000000C
EQU ST2_BUBLSHIELD = $00000006
EQU ST2_FIRESHIELD = $00000004
EQU ST2_INVINCIBLE = $00000001
EQU ST2_LTNGSHIELD = $00000005
EQU ST2_SHIELD = $00000000
EQU ST2_SPEEDSHOES = $00000002
EQU STALL_WATCHDOG_FRAMES = $0000012C
EQU STAT_COMM = $00A01F16
EQU STAT_FADE_BUSY = $00A01F18
EQU STAT_SEQ_ACTIVE = $00A01F15
EQU STRESS_EVICT_FRAMES = $00000009
EQU ST_IN_AIR = $00000003
EQU ST_ON_OBJECT = $00000005
EQU ST_PUSHING = $00000006
EQU ST_ROLLING = $00000004
EQU ST_UNDERWATER = $00000007
EQU ST_XFLIP = $00000001
EQU ST_YFLIP = $00000002
EQU SYSTEM_STACK = $FFFFFF00
EQU SceneBudget_Axis1_MaxCycles_X100 = $0041379D
EQU SceneBudget_Axis1_Pool = $0001F400
EQU SceneBudget_Axis1_Reservation = $00005EC1
EQU SceneBudget_Axis2_MaxBytes = $00000380
EQU SceneBudget_Axis2_Pool = $00001D64
EQU SceneBudget_Axis2_Reservation = $00000870
EQU SceneBudget_Axis3_MaxCycles = $00000857
EQU SceneBudget_Axis3_Pool = $00004718
EQU SceneBudget_Axis3_Reservation = $00002058
EQU SceneBudget_Axis5_LinePixelPool = $00000140
EQU SceneBudget_Axis5_LinePixelReservation = $00000020
EQU SceneBudget_Axis5_LineSpritePool = $00000014
EQU SceneBudget_Axis5_LineSpriteReservation = $00000002
EQU SceneBudget_Axis5_MaxLinePixels = $00000000
EQU SceneBudget_Axis5_MaxLineSprites = $00000000
EQU SceneBudget_Axis5_MaxTableSlots = $00000000
EQU SceneBudget_Axis5_TableSlotPool = $00000050
EQU SceneBudget_Axis5_TableSlotReservation = $00000003
EQU SceneBudget_CapsFolded = $0000001E
EQU SceneBudget_SceneCount = $00000014
EQU Sec_len = $00000042
EQU Sec_sec_anim_blocks = $00000030
EQU Sec_sec_bg_layout = $0000001C
EQU Sec_sec_block_dict = $0000002C
EQU Sec_sec_block_dict_len = $00000040
EQU Sec_sec_block_index = $00000000
EQU Sec_sec_camera_lookahead = $0000003D
EQU Sec_sec_effects = $00000034
EQU Sec_sec_flags = $00000038
EQU Sec_sec_music = $0000003A
EQU Sec_sec_objects = $00000004
EQU Sec_sec_pal = $00000010
EQU Sec_sec_pal_cycle = $00000024
EQU Sec_sec_parallax_config = $00000014
EQU Sec_sec_pcfg_pad_3C = $0000003C
EQU Sec_sec_pcfg_pad_3E = $0000003E
EQU Sec_sec_pcfg_pad_3F = $0000003F
EQU Sec_sec_plc = $0000000C
EQU Sec_sec_raster_table = $00000018
EQU Sec_sec_rings = $00000008
EQU Sec_sec_sound_bank = $00000028
EQU Sec_sec_type_table = $00000020
EQU TEMPO_SLOT = $00A01F06
EQU TILE_CACHE_COLL_PLANES = $00000002
EQU TILE_CACHE_COLL_ROWS = $0000001E
EQU TILE_CACHE_COLL_SIZE = $00000960
EQU TILE_CACHE_COLS = $00000050
EQU TILE_CACHE_MARGIN_H = $00000014
EQU TILE_CACHE_MARGIN_V = $00000010
EQU TILE_CACHE_NT_SIZE = $00002580
EQU TILE_CACHE_ROWS = $0000003C
EQU TILE_CACHE_STRIDE = $00000050
EQU TILE_SIZE = $00000020
EQU TMSS_REGISTER = $00A14000
EQU VDP_CTRL = $00C00004
EQU VDP_DATA = $00C00000
EQU VDP_HV_COUNTER = $00C00008
EQU VDP_REG_0C_BOOT = $00000081
EQU VDP_SPRITE_X_OFFSET = $00000080
EQU VDP_SPRITE_Y_OFFSET = $00000080
EQU VDP_Shadow_len = $00000013
EQU VDP_Shadow_vdp_bgcolor = $00000007
EQU VDP_Shadow_vdp_hint_rate = $0000000A
EQU VDP_Shadow_vdp_hscroll = $0000000D
EQU VDP_Shadow_vdp_increment = $0000000F
EQU VDP_Shadow_vdp_mode1 = $00000000
EQU VDP_Shadow_vdp_mode2 = $00000001
EQU VDP_Shadow_vdp_mode3 = $0000000B
EQU VDP_Shadow_vdp_mode4 = $0000000C
EQU VDP_Shadow_vdp_nametable_gen = $0000000E
EQU VDP_Shadow_vdp_plane_a = $00000002
EQU VDP_Shadow_vdp_plane_b = $00000004
EQU VDP_Shadow_vdp_plane_size = $00000010
EQU VDP_Shadow_vdp_sprite = $00000005
EQU VDP_Shadow_vdp_sprite_gen = $00000006
EQU VDP_Shadow_vdp_unused08 = $00000008
EQU VDP_Shadow_vdp_unused09 = $00000009
EQU VDP_Shadow_vdp_window = $00000003
EQU VDP_Shadow_vdp_window_h = $00000011
EQU VDP_Shadow_vdp_window_v = $00000012
EQU VFILL_ROWS_PER_FRAME = $00000002
EQU VRAM = $00000021
EQU VRAM_DUST_PUFF = $00000380
EQU VRAM_DUST_SPINDASH = $00000390
EQU VRAM_HSCROLL_TABLE = $0000BC00
EQU VRAM_INSTA_SHIELD = $000003A0
EQU VRAM_PLANE_A = $0000C000
EQU VRAM_PLANE_B = $0000E000
EQU VRAM_PLANE_B_BYTES = $0000E000
EQU VRAM_RING_SPARKLE = $0000039C
EQU VRAM_SPRITE_TABLE = $0000B800
EQU VRAM_TAILS_APPENDAGE = $000005D4
EQU VRAM_TEST_MARKER = $000003F8
EQU VRAM_TEST_OBJ = $000003E0
EQU VRAM_TEST_SONIC = $000003C0
EQU VRAM_WINDOW = $0000F000
EQU VSRAM = $00000025
EQU WRITE = $00000007
EQU YM2612_A0 = $00A04000
EQU YM2612_A1 = $00A04002
EQU YM2612_D0 = $00A04001
EQU YM2612_D1 = $00A04003
EQU Z80_BUS_REQUEST = $00A11100
EQU Z80_IDLE_SIZE = $00000028
EQU Z80_RAM = $00A00000
EQU Z80_RAM_END = $00A02000
EQU Z80_RESET = $00A11200
EQU Z80_SOUND_SIZE = $00001896
EQU __Aeon_AS_Carrier = $00000000
EQU _eh_address_error = $00000001
EQU _eh_align_offset = $00000080
EQU _eh_enter_console = $00000040
EQU _eh_hide_caller = $00000004
EQU _eh_return = $00000020
EQU _eh_show_sr_usp = $00000002
EQU _pl_state = $00000032
EQU band_entry_band_deform_shift_a = $00000007
EQU band_entry_band_deform_shift_b = $00000008
EQU band_entry_band_factor_a_s1 = $00000002
EQU band_entry_band_factor_a_s2 = $00000003
EQU band_entry_band_factor_b_s1 = $00000004
EQU band_entry_band_factor_b_s2 = $00000005
EQU band_entry_band_factor_ops = $00000006
EQU band_entry_band_phase_offset = $00000009
EQU band_entry_band_top_plane = $00000000
EQU band_entry_len = $0000000A
EQU bin = $000000A0
EQU byte = $00000000
EQU cr = $000000E6
EQU dec = $00000090
EQU endl = $000000E0
EQU forced = $00000004
EQU hex = $00000080
EQU long = $00000003
EQU pal0 = $000000E8
EQU pal1 = $000000EA
EQU pal2 = $000000EC
EQU pal3 = $000000EE
EQU parallax_config_len = $0000001E
EQU parallax_config_pcfg_anchor_ch = $0000000B
EQU parallax_config_pcfg_anchor_dsa = $0000001A
EQU parallax_config_pcfg_anchor_dsb = $0000001B
EQU parallax_config_pcfg_band_count = $00000000
EQU parallax_config_pcfg_deform_speed_bg = $0000000A
EQU parallax_config_pcfg_deform_speed_fg = $00000009
EQU parallax_config_pcfg_deform_table_bg = $00000010
EQU parallax_config_pcfg_deform_table_fg = $0000000C
EQU parallax_config_pcfg_layer_mask = $00000002
EQU parallax_config_pcfg_pad_29 = $0000001D
EQU parallax_config_pcfg_transition = $00000008
EQU parallax_config_pcfg_v_center_y = $00000004
EQU parallax_config_pcfg_v_deform_shift_bg = $00000019
EQU parallax_config_pcfg_v_deform_speed_bg = $00000018
EQU parallax_config_pcfg_v_deform_table_bg = $00000014
EQU parallax_config_pcfg_v_factor_bg = $00000001
EQU parallax_config_pcfg_v_factor_fg = $0000001C
EQU parallax_config_pcfg_v_offset = $00000006
EQU setoff = $000000F4
EQU setpat = $000000F8
EQU setw = $000000F0
EQU setx = $000000FA
EQU signed = $00000008
EQU split = $00000008
EQU str = $000000D0
EQU sym = $000000B0
EQU symdisp = $000000C0
EQU weak = $00000008
EQU word = $00000001

   724 equates
