(0) 1/0 :        Vectors:
(0) 2/100 :        GameHeader:
(0) 3/18E :        Checksum:
(0) 4/190 :        _header_tail:
(0) 5/200 :        EntryPoint:
(0) 6/214 :        $engine.boot$EntryPoint$wait_dma:
(0) 7/214 :        $engine.boot$EntryPoint$warm_boot:
(0) 8/220 :        $engine.boot$EntryPoint$cold_boot:
(0) 9/236 :        $engine.boot$EntryPoint$no_tmss:
(0) 10/24A :        $engine.boot$EntryPoint$vdp_loop:
(0) 11/264 :        $engine.boot$EntryPoint$wait_z80:
(0) 12/26C :        $engine.boot$EntryPoint$load_z80:
(0) 13/276 :        $engine.boot$EntryPoint$ym_delay:
(0) 14/282 :        $engine.boot$EntryPoint$clear_ram:
(0) 15/288 :        $engine.boot$EntryPoint$wait_fill:
(0) 16/296 :        $engine.boot$EntryPoint$silence_psg:
(0) 17/2A4 :        $engine.boot$EntryPoint$clear_cram:
(0) 18/2AE :        $engine.boot$EntryPoint$clear_vsram:
(0) 19/2BC :        $engine.boot$asm1$wait_z80:
(0) 20/2D2 :        $engine.boot$EntryPoint$keyoff_part1:
(0) 21/2DE :        $engine.boot$EntryPoint$keyoff_part2:
(0) 22/332 :        $engine.boot$EntryPoint$pal:
(0) 23/338 :        $engine.boot$EntryPoint$region_done:
(0) 24/3A0 :        BootData:
(0) 25/3BA :        BootData_VDPRegs:
(0) 26/3D6 :        Z80_Sound_Start:
(0) 27/1BEA :        Z80_Sound_End:
(0) 28/1BEA :        __align$engine.boot_data$0:
(0) 29/1BF0 :        BootData_PostBlob:
(0) 30/1BFE :        BootData_End:
(0) 31/1C00 :        VDP_Shadow_Init:
(0) 32/1C0A :        $engine.vdp_init$VDP_Shadow_Init$copy:
(0) 33/1C12 :        Flush_VDP_Shadow:
(0) 34/1C22 :        $engine.vdp_init$Flush_VDP_Shadow$loop:
(0) 35/1C30 :        Set_VDP_Reg:
(0) 36/1C3A :        Init_DMA_Queue:
(0) 37/1D58 :        QueueDMA_Critical:
(0) 38/1D62 :        QueueDMA_Important:
(0) 39/1D6C :        QueueDMA_Deferrable:
(0) 40/1D74 :        QueueDMA_Deferrable.transfer:
(0) 41/1DAA :        $engine.dma_queue$QueueDMA_Deferrable$finish_entry:
(0) 42/1DCA :        $engine.dma_queue$QueueDMA_Deferrable$full:
(0) 43/1DD2 :        $engine.dma_queue$QueueDMA_Deferrable$byte_capped:
(0) 44/1DDA :        $engine.dma_queue$QueueDMA_Deferrable$split:
(0) 45/1E24 :        $engine.dma_queue$QueueDMA_Deferrable$split_reject:
(0) 46/1E32 :        Process_DMA_Critical:
(0) 47/1E3E :        $engine.dma_queue$Process_DMA_Critical$jump_table:
(0) 48/1E3E :        $engine.dma_queue$Process_DMA_Critical$slot_0:
(0) 49/1E4C :        $engine.dma_queue$Process_DMA_Critical$slot_1:
(0) 50/1E5A :        $engine.dma_queue$Process_DMA_Critical$slot_2:
(0) 51/1E68 :        $engine.dma_queue$Process_DMA_Critical$slot_3:
(0) 52/1E76 :        $engine.dma_queue$Process_DMA_Critical$slot_4:
(0) 53/1E84 :        $engine.dma_queue$Process_DMA_Critical$slot_5:
(0) 54/1E92 :        $engine.dma_queue$Process_DMA_Critical$slot_6:
(0) 55/1EA0 :        $engine.dma_queue$Process_DMA_Critical$slot_7:
(0) 56/1EAE :        $engine.dma_queue$Process_DMA_Critical$slot_8:
(0) 57/1EB8 :        $engine.dma_queue$Process_DMA_Critical$drain_8:
(0) 58/1EC0 :        $engine.dma_queue$Process_DMA_Critical$drain_7:
(0) 59/1EC8 :        $engine.dma_queue$Process_DMA_Critical$drain_6:
(0) 60/1ED0 :        $engine.dma_queue$Process_DMA_Critical$drain_5:
(0) 61/1ED8 :        $engine.dma_queue$Process_DMA_Critical$drain_4:
(0) 62/1EE0 :        $engine.dma_queue$Process_DMA_Critical$drain_3:
(0) 63/1EE8 :        $engine.dma_queue$Process_DMA_Critical$drain_2:
(0) 64/1EF0 :        $engine.dma_queue$Process_DMA_Critical$drain_1:
(0) 65/1EFE :        $engine.dma_queue$Process_DMA_Critical$done:
(0) 66/1F00 :        Process_DMA_Important:
(0) 67/1F12 :        $engine.dma_queue$Process_DMA_Important$done:
(0) 68/1F14 :        Process_DMA_Deferrable:
(0) 69/1F26 :        $engine.dma_queue$Process_DMA_Deferrable$done:
(0) 70/1F28 :        Drain_Budgeted_Queue:
(0) 71/1F30 :        $engine.dma_queue$Drain_Budgeted_Queue$loop:
(0) 72/1F52 :        $engine.dma_queue$Drain_Budgeted_Queue$out_of_budget:
(0) 73/1F56 :        $engine.dma_queue$Drain_Budgeted_Queue$compact:
(0) 74/1F64 :        $engine.dma_queue$Drain_Budgeted_Queue$no_drain:
(0) 75/1F70 :        Init_SpriteTable:
(0) 76/1F7A :        $engine.buffers$Init_SpriteTable$loop:
(0) 77/1F92 :        BuildStaticDMA:
(0) 78/2020 :        Build_DMA_Entry:
(0) 79/2034 :        PlaneMapToVRAM:
(0) 80/2044 :        $engine.buffers$PlaneMapToVRAM$row:
(0) 81/2048 :        $engine.buffers$PlaneMapToVRAM$cell:
(0) 82/2056 :        Enqueue_Dirty_Buffers:
(0) 83/2084 :        $engine.buffers$asm5$drop:
(0) 84/2088 :        $engine.buffers$asm5$done:
(0) 85/20A8 :        $engine.buffers$Enqueue_Dirty_Buffers$skip_pal0:
(0) 86/20CE :        $engine.buffers$asm6$drop:
(0) 87/20D2 :        $engine.buffers$asm6$done:
(0) 88/20F2 :        $engine.buffers$Enqueue_Dirty_Buffers$skip_pal1:
(0) 89/2118 :        $engine.buffers$asm7$drop:
(0) 90/211C :        $engine.buffers$asm7$done:
(0) 91/213C :        $engine.buffers$Enqueue_Dirty_Buffers$skip_pal2:
(0) 92/2162 :        $engine.buffers$asm8$drop:
(0) 93/2166 :        $engine.buffers$asm8$done:
(0) 94/2186 :        $engine.buffers$Enqueue_Dirty_Buffers$no_pal:
(0) 95/2186 :        $engine.buffers$Enqueue_Dirty_Buffers$skip_pal3:
(0) 96/21B8 :        $engine.buffers$Enqueue_Dirty_Buffers$ship_reg:
(0) 97/21C2 :        $engine.buffers$Enqueue_Dirty_Buffers$ship_dma:
(0) 98/21E2 :        $engine.buffers$asm9$drop:
(0) 99/21E6 :        $engine.buffers$Enqueue_Dirty_Buffers$no_ship:
(0) 100/21E6 :        $engine.buffers$asm9$done:
(0) 101/2212 :        $engine.buffers$asm10$drop:
(0) 102/2216 :        $engine.buffers$asm10$done:
(0) 103/221C :        $engine.buffers$Enqueue_Dirty_Buffers$no_spr:
(0) 104/2242 :        $engine.buffers$asm11$drop:
(0) 105/2246 :        $engine.buffers$Enqueue_Dirty_Buffers$hs_done:
(0) 106/2246 :        $engine.buffers$asm11$done:
(0) 107/2250 :        VBlank_Handler:
(0) 108/227A :        $engine.vblank$VBlank_Handler$no_bookmark:
(0) 109/2288 :        $engine.vblank$VBlank_Handler$lag:
(0) 110/228C :        $engine.vblank$VBlank_Handler$done:
(0) 111/2298 :        VInt_Level:
(0) 112/22A0 :        $engine.vblank$asm2$wait_z80:
(0) 113/22E6 :        $engine.vblank$VInt_Level$charge_critical:
(0) 114/22F8 :        $engine.vblank$VInt_Level$charged_critical:
(0) 115/2308 :        $engine.vblank$VInt_Level$budget_floored:
(0) 116/2328 :        $engine.vblank$VInt_Level$staging_idle:
(0) 117/2334 :        $engine.vblank$asm4$wait_z80:
(0) 118/239E :        VInt_Lag:
(0) 119/23A6 :        $engine.vblank$asm7$wait_z80:
(0) 120/23DC :        $engine.vblank$asm9$wait_z80:
(0) 121/2406 :        VSync_Wait:
(0) 122/2420 :        $engine.vblank$VSync_Wait$wait:
(0) 123/2430 :        HBlank_Install:
(0) 124/244C :        HBlank_Uninstall:
(0) 125/2460 :        Read_Controllers:
(0) 126/2468 :        $engine.controllers$asm1$wait_z80:
(0) 127/24D4 :        $engine.controllers$Read_Controllers$read_pad_6:
(0) 128/253C :        $engine.controllers$Read_Controllers$socd_lr_ok:
(0) 129/254C :        $engine.controllers$Read_Controllers$socd_ud_ok:
(0) 130/256A :        $engine.controllers$Read_Controllers$three_button:
(0) 131/256E :        GameLoop:
(0) 132/2588 :        GameState_Idle:
(0) 133/2590 :        Input_Tick:
(0) 134/259C :        $engine.replay$Input_Tick$live:
(0) 135/259E :        $engine.replay$Input_Tick$playback:
(0) 136/25AA :        $engine.replay$Input_Tick$no_exit:
(0) 137/25B0 :        $engine.replay$Input_Tick$fetch:
(0) 138/25B4 :        $engine.replay$Input_Tick$fetch_a0:
(0) 139/25CA :        $engine.replay$Input_Tick$pair:
(0) 140/25D4 :        $engine.replay$Input_Tick$hold:
(0) 141/25DC :        $engine.replay$Input_Tick$apply:
(0) 142/25F2 :        $engine.replay$Input_Tick$end:
(0) 143/25FC :        $engine.replay$Input_Tick$bad_stream:
(0) 144/25FE :        Replay_Hash:
(0) 145/2604 :        $engine.replay$Replay_Hash$hash_next:
(0) 146/260C :        $engine.replay$Replay_Hash$hash_fold:
(0) 147/2616 :        $engine.replay$Replay_Hash$hash_wtail:
(0) 148/2640 :        $engine.replay$Replay_Hash$int_fold:
(0) 149/2676 :        $engine.replay$Replay_Hash$hash_table:
(0) 150/26E0 :        S4LZ_DecompressDict:
(0) 151/26E4 :        S4LZ_Decompress:
(0) 152/26EC :        $engine.s4lz$S4LZ_Decompress$token_loop:
(0) 153/2726 :        $engine.s4lz$S4LZ_Decompress$lit_end:
(0) 154/2726 :        $engine.s4lz$S4LZ_Decompress$no_literals:
(0) 155/2736 :        $engine.s4lz$S4LZ_Decompress$offmark_zero:
(0) 156/2740 :        $engine.s4lz$S4LZ_Decompress$have_offset:
(0) 157/274A :        $engine.s4lz$S4LZ_Decompress$src_in_dest:
(0) 158/2774 :        $engine.s4lz$S4LZ_Decompress$match_end:
(0) 159/2778 :        $engine.s4lz$S4LZ_Decompress$lit_extended:
(0) 160/277C :        $engine.s4lz$S4LZ_Decompress$lit_dbf_loop:
(0) 161/2784 :        $engine.s4lz$S4LZ_Decompress$match_extended:
(0) 162/2788 :        $engine.s4lz$S4LZ_Decompress$match_dbf_loop:
(0) 163/2792 :        $engine.s4lz$S4LZ_Decompress$stream_done:
(0) 164/27A2 :        $engine.s4lz$S4LZ_Decompress$return:
(0) 165/27A4 :        TileDelta_Undo:
(0) 166/27B2 :        $engine.s4lz$TileDelta_Undo$tile_loop:
(0) 167/27D6 :        $engine.s4lz$TileDelta_Undo$done:
(0) 168/27D8 :        ZX0R_Decompress:
(0) 169/27DC :        $engine.zx0_resume$ZX0R_Decompress$literals:
(0) 170/27DE :        $engine.zx0_resume$ZX0R_Decompress$lit_elias:
(0) 171/27E6 :        $engine.zx0_resume$ZX0R_Decompress$lit_got:
(0) 172/27EE :        $engine.zx0_resume$ZX0R_Decompress$lit_done:
(0) 173/27F0 :        $engine.zx0_resume$ZX0R_Decompress$copy_lits:
(0) 174/27FA :        $engine.zx0_resume$ZX0R_Decompress$rep_match:
(0) 175/27FC :        $engine.zx0_resume$ZX0R_Decompress$rep_elias:
(0) 176/2804 :        $engine.zx0_resume$ZX0R_Decompress$rep_got:
(0) 177/280C :        $engine.zx0_resume$ZX0R_Decompress$do_copy:
(0) 178/280E :        $engine.zx0_resume$ZX0R_Decompress$do_copy_offs:
(0) 179/2812 :        $engine.zx0_resume$ZX0R_Decompress$copy_match:
(0) 180/281C :        $engine.zx0_resume$ZX0R_Decompress$get_offset:
(0) 181/281E :        $engine.zx0_resume$ZX0R_Decompress$off_elias:
(0) 182/2826 :        $engine.zx0_resume$ZX0R_Decompress$off_got:
(0) 183/282E :        $engine.zx0_resume$ZX0R_Decompress$off_done:
(0) 184/283E :        $engine.zx0_resume$ZX0R_Decompress$len_elias:
(0) 185/2842 :        $engine.zx0_resume$ZX0R_Decompress$len_loop:
(0) 186/284A :        $engine.zx0_resume$ZX0R_Decompress$len_got:
(0) 187/284E :        $engine.zx0_resume$ZX0R_Decompress$done:
(0) 188/2850 :        GetSineCosine:
(0) 189/2850 :        ZX0R_Decompress.__end:
(0) 190/2868 :        Sine_Table:
(0) 191/2AE8 :        GetArcTan:
(0) 192/2B00 :        $engine.math$GetArcTan$abs_x_ok:
(0) 193/2B06 :        $engine.math$GetArcTan$abs_y_ok:
(0) 194/2B16 :        $engine.math$GetArcTan$fold:
(0) 195/2B20 :        $engine.math$GetArcTan$quadrant:
(0) 196/2B2A :        $engine.math$GetArcTan$x_pos:
(0) 197/2B34 :        $engine.math$GetArcTan$y_pos:
(0) 198/2B3A :        $engine.math$GetArcTan$zero:
(0) 199/2B44 :        ArcTan_Table:
(0) 200/2C48 :        Perform_DPLC:
(0) 201/2C64 :        $engine.objects.dplc$asm1$entry_loop:
(0) 202/2C98 :        $engine.objects.dplc$asm1$done:
(0) 203/2C9A :        Perform_DPLC_Deferrable:
(0) 204/2CB6 :        $engine.objects.dplc$asm3$entry_loop:
(0) 205/2CEA :        $engine.objects.dplc$asm3$done:
(0) 206/2CF0 :        InitObjectRAM:
(0) 207/2CFA :        $engine.objects.core$InitObjectRAM$clear:
(0) 208/2D0C :        $engine.objects.core$InitObjectRAM$push_dyn:
(0) 209/2D28 :        $engine.objects.core$InitObjectRAM$push_eff:
(0) 210/2D42 :        AllocDynamic:
(0) 211/2D84 :        $engine.objects.core$AllocDynamic$append:
(0) 212/2D9E :        $engine.objects.core$AllocDynamic$latch_full:
(0) 213/2DA2 :        $engine.objects.core$AllocDynamic$full:
(0) 214/2DA6 :        AllocEffect:
(0) 215/2DBC :        $engine.objects.core$AllocEffect$full:
(0) 216/2DC0 :        DeleteObject:
(0) 217/2DD6 :        $engine.objects.core$DeleteObject$no_cascade:
(0) 218/2DEA :        $engine.objects.core$DeleteObject$check_effect:
(0) 219/2DF0 :        $engine.objects.core$DeleteObject$effect_pool:
(0) 220/2DFC :        $engine.objects.core$DeleteObject$dynamic_pool:
(0) 221/2E1A :        $engine.objects.core$DeleteObject$dyn_zero_scan:
(0) 222/2E24 :        $engine.objects.core$DeleteObject$dyn_zero_hit:
(0) 223/2E26 :        $engine.objects.core$DeleteObject$dyn_zero_pending:
(0) 224/2E32 :        $engine.objects.core$DeleteObject$dyn_pend_scan:
(0) 225/2E3C :        $engine.objects.core$DeleteObject$dyn_pend_hit:
(0) 226/2E3E :        $engine.objects.core$DeleteObject$dyn_zero_done:
(0) 227/2E40 :        $engine.objects.core$DeleteObject$clear_slot:
(0) 228/2E6E :        CompactDynamicLive:
(0) 229/2E7E :        $engine.objects.core$CompactDynamicLive$loop:
(0) 230/2E8A :        $engine.objects.core$CompactDynamicLive$next:
(0) 231/2E8E :        $engine.objects.core$CompactDynamicLive$recount:
(0) 232/2EA2 :        DrainDynamicPending:
(0) 233/2EB8 :        $engine.objects.core$DrainDynamicPending$loop:
(0) 234/2EC6 :        $engine.objects.core$DrainDynamicPending$next:
(0) 235/2ECA :        $engine.objects.core$DrainDynamicPending$clear:
(0) 236/2ED0 :        RunObjects:
(0) 237/2F04 :        $engine.objects.core$RunObjects$reconcile:
(0) 238/2F0A :        $engine.objects.core$RunObjects$no_reconcile:
(0) 239/2F0C :        $engine.objects.core$RunObjects$always_loop:
(0) 240/2F0C :        $engine.objects.core$RunObjects$run_always:
(0) 241/2F18 :        $engine.objects.core$RunObjects$always_next:
(0) 242/2F22 :        $engine.objects.core$RunObjects$run_culled:
(0) 243/2F2E :        $engine.objects.core$RunObjects$culled_loop:
(0) 244/2F44 :        $engine.objects.core$asm28$abs:
(0) 245/2F56 :        $engine.objects.core$asm29$abs:
(0) 246/2F6A :        $engine.objects.core$RunObjects$culled_next:
(0) 247/2F6E :        $engine.objects.core$RunObjects$culled_done:
(0) 248/2F70 :        Debug_AssertObjLoop:
(0) 249/2F70 :        RunObjects_Frozen:
(0) 250/2F86 :        $engine.objects.core$RunObjects_Frozen$frozen_dyn_loop:
(0) 251/2F92 :        $engine.objects.core$RunObjects_Frozen$frozen_dyn_next:
(0) 252/2F96 :        $engine.objects.core$RunObjects_Frozen$frozen_dyn_done:
(0) 253/2FA2 :        $engine.objects.core$RunObjects_Frozen$frozen_fixed:
(0) 254/2FA2 :        $engine.objects.core$RunObjects_Frozen$frozen_fixed_loop:
(0) 255/2FA8 :        $engine.objects.core$RunObjects_Frozen$frozen_fixed_next:
(0) 256/2FB2 :        ObjectMove:
(0) 257/2FCC :        ObjectMoveX:
(0) 258/2FDA :        ObjectMoveY:
(0) 259/2FF0 :        InitSpriteSystem:
(0) 260/3004 :        Draw_Sprite:
(0) 261/3016 :        $engine.objects.sprites$Draw_Sprite$no_parent:
(0) 262/3072 :        $engine.objects.sprites$Draw_Sprite$screen_coords:
(0) 263/3090 :        $engine.objects.sprites$Draw_Sprite$cascade:
(0) 264/309E :        $engine.objects.sprites$Draw_Sprite$band_has_room:
(0) 265/30B8 :        $engine.objects.sprites$Draw_Sprite$all_bands_full:
(0) 266/30BA :        $engine.objects.sprites$Draw_Sprite$offscreen:
(0) 267/30C2 :        Render_Sprites:
(0) 268/30EC :        $engine.objects.sprites$Render_Sprites$band_loop:
(0) 269/3116 :        $engine.objects.sprites$Render_Sprites$reverse_band:
(0) 270/3120 :        $engine.objects.sprites$Render_Sprites$object_loop:
(0) 271/3176 :        $engine.objects.sprites$Render_Sprites$screen_pos:
(0) 272/3186 :        $engine.objects.sprites$Render_Sprites$have_pos:
(0) 273/31B6 :        $engine.objects.sprites$Render_Sprites$budget_ok:
(0) 274/31CE :        $engine.objects.sprites$Render_Sprites$multi_sprite:
(0) 275/31DA :        $engine.objects.sprites$Render_Sprites$sibling_loop:
(0) 276/3226 :        $engine.objects.sprites$Render_Sprites$child_screen_pos:
(0) 277/3236 :        $engine.objects.sprites$Render_Sprites$child_have_pos:
(0) 278/324A :        $engine.objects.sprites$Render_Sprites$sibling_advance:
(0) 279/3250 :        $engine.objects.sprites$Render_Sprites$multi_done:
(0) 280/3252 :        $engine.objects.sprites$Render_Sprites$next_object:
(0) 281/3258 :        $engine.objects.sprites$Render_Sprites$next_band:
(0) 282/326A :        $engine.objects.sprites$Render_Sprites$no_mask_insert:
(0) 283/3276 :        $engine.objects.sprites$Render_Sprites$done:
(0) 284/329C :        $engine.objects.sprites$Render_Sprites$empty_table:
(0) 285/32BE :        $engine.objects.sprites$Render_Sprites$still_empty:
(0) 286/32C4 :        $engine.objects.sprites$Render_Sprites$band_limit_pop:
(0) 287/32C8 :        CellOffsets_XFlip:
(0) 288/32D8 :        Emit_ObjectPieces:
(0) 289/32F0 :        $engine.objects.sprites$Emit_ObjectPieces$pieces_unflipped:
(0) 290/32F2 :        $engine.objects.sprites$asm4$piece_loop:
(0) 291/330E :        $engine.objects.sprites$asm9$x_ok:
(0) 292/331A :        $engine.objects.sprites$Emit_ObjectPieces$pieces_xflip:
(0) 293/331C :        $engine.objects.sprites$asm10$piece_loop:
(0) 294/334A :        $engine.objects.sprites$asm15$x_ok:
(0) 295/3356 :        $engine.objects.sprites$Emit_ObjectPieces$pieces_yflip:
(0) 296/3358 :        $engine.objects.sprites$asm16$piece_loop:
(0) 297/3386 :        $engine.objects.sprites$asm21$x_ok:
(0) 298/3392 :        $engine.objects.sprites$Emit_ObjectPieces$pieces_xyflip:
(0) 299/3394 :        $engine.objects.sprites$asm22$piece_loop:
(0) 300/33D0 :        $engine.objects.sprites$asm27$x_ok:
(0) 301/33DC :        InsertSpriteMasks:
(0) 302/33E6 :        $engine.objects.sprites$InsertSpriteMasks$mask_loop:
(0) 303/3408 :        $engine.objects.sprites$InsertSpriteMasks$masks_done:
(0) 304/3410 :        AnimateSprite:
(0) 305/3448 :        $engine.objects.animate$asm1$rt_static:
(0) 306/3460 :        $engine.objects.animate$AnimateSprite$set_frame:
(0) 307/3468 :        $engine.objects.animate$AnimateSprite$done:
(0) 308/346A :        $engine.objects.animate$AnimateSprite$anim_changed:
(0) 309/3486 :        $engine.objects.animate$asm2$rt_static:
(0) 310/3498 :        $engine.objects.animate$AnimateSprite$control_code:
(0) 311/34AC :        $engine.objects.animate$AnimateSprite$cc_table:
(0) 312/34D0 :        $engine.objects.animate$AnimateSprite$cc_end:
(0) 313/34E4 :        $engine.objects.animate$AnimateSprite$cc_back:
(0) 314/3502 :        $engine.objects.animate$AnimateSprite$cc_change:
(0) 315/350E :        $engine.objects.animate$AnimateSprite$cc_routine:
(0) 316/3514 :        $engine.objects.animate$AnimateSprite$cc_delete:
(0) 317/3518 :        $engine.objects.animate$AnimateSprite$evt_callback:
(0) 318/3536 :        $engine.objects.animate$AnimateSprite$evt_cb_done:
(0) 319/353C :        $engine.objects.animate$AnimateSprite$evt_sound:
(0) 320/354A :        $engine.objects.animate$AnimateSprite$evt_collision:
(0) 321/3556 :        $engine.objects.animate$AnimateSprite$evt_set_field:
(0) 322/3566 :        $engine.objects.animate$AnimateSprite$after_event:
(0) 323/357C :        RefreshSpritePieceCount:
(0) 324/359E :        $engine.objects.animate$asm4$no_mappings:
(0) 325/35A2 :        $engine.objects.animate$asm4$rpc_done:
(0) 326/35A4 :        TouchResponse:
(0) 327/35AE :        $engine.objects.collision$TouchResponse$player_loop:
(0) 328/35D4 :        $engine.objects.collision$TouchResponse$dyn_loop:
(0) 329/35FE :        $engine.objects.collision$asm2$aov:
(0) 330/3622 :        $engine.objects.collision$asm4$aov:
(0) 331/364C :        $engine.objects.collision$asm1$overlap_done:
(0) 332/3654 :        $engine.objects.collision$TouchResponse$dyn_next:
(0) 333/3658 :        $engine.objects.collision$TouchResponse$dyn_done:
(0) 334/3660 :        $engine.objects.collision$TouchResponse$fixed_loop:
(0) 335/3684 :        $engine.objects.collision$asm7$aov:
(0) 336/36A8 :        $engine.objects.collision$asm9$aov:
(0) 337/36D2 :        $engine.objects.collision$asm6$overlap_done:
(0) 338/36DA :        $engine.objects.collision$TouchResponse$fixed_next:
(0) 339/36E2 :        $engine.objects.collision$TouchResponse$next_player:
(0) 340/36EE :        Touch_HandlerTable:
(0) 341/3722 :        Touch_Boss:
(0) 342/3722 :        Touch_Bubble:
(0) 343/3722 :        Touch_Enemy:
(0) 344/3722 :        Touch_Monitor:
(0) 345/3722 :        Touch_None:
(0) 346/3722 :        Touch_Projectile:
(0) 347/3722 :        Touch_Ring:
(0) 348/3722 :        Touch_SolidBreak:
(0) 349/3722 :        Touch_SolidHurt:
(0) 350/3722 :        Touch_Spring:
(0) 351/3722 :        Touch_Touch:
(0) 352/3724 :        Touch_Hurt:
(0) 353/3726 :        Touch_Solid:
(0) 354/3730 :        $engine.objects.collision$asm25$abs:
(0) 355/373A :        $engine.objects.collision$asm26$abs:
(0) 356/3760 :        $engine.objects.collision$Touch_Solid$solid_top:
(0) 357/378A :        $engine.objects.collision$Touch_Solid$solid_side:
(0) 358/379A :        $engine.objects.collision$Touch_Solid$solid_push_left:
(0) 359/37A2 :        $engine.objects.collision$Touch_Solid$solid_done:
(0) 360/37A4 :        RingBuffer_Add:
(0) 361/37D8 :        $engine.objects.rings$RingBuffer_Add$not_record:
(0) 362/37DE :        $engine.objects.rings$RingBuffer_Add$full:
(0) 363/37E8 :        RingBuffer_Remove:
(0) 364/381A :        $engine.objects.rings$RingBuffer_Remove$done:
(0) 365/381C :        RingBuffer_Clear:
(0) 366/382A :        DrawRings:
(0) 367/3844 :        $engine.objects.rings$DrawRings$frame_ok:
(0) 368/3848 :        $engine.objects.rings$DrawRings$no_anim_tick:
(0) 369/3876 :        $engine.objects.rings$DrawRings$ring_loop:
(0) 370/38B0 :        $engine.objects.rings$DrawRings$x_ok:
(0) 371/38B2 :        $engine.objects.rings$DrawRings$skip_ring:
(0) 372/38B8 :        $engine.objects.rings$DrawRings$done:
(0) 373/38BA :        RingCollision:
(0) 374/38C2 :        $engine.objects.rings$RingCollision$player_loop:
(0) 375/38E8 :        $engine.objects.rings$RingCollision$ring_loop:
(0) 376/38FC :        $engine.objects.rings$asm5$aov:
(0) 377/3918 :        $engine.objects.rings$asm7$aov:
(0) 378/393E :        $engine.objects.rings$RingCollision$no_loaded_bit:
(0) 379/3952 :        $engine.objects.rings$RingCollision$no_hit:
(0) 380/3958 :        $engine.objects.rings$RingCollision$next_player:
(0) 381/3964 :        Collected_Init:
(0) 382/396A :        $engine.objects.entity_window$Collected_Init$loop:
(0) 383/39A0 :        $engine.objects.entity_window$Collected_Init$park_loop:
(0) 384/39B2 :        Collected_FindSlot:
(0) 385/39B8 :        $engine.objects.entity_window$Collected_FindSlot$scan:
(0) 386/39C8 :        $engine.objects.entity_window$Collected_FindSlot$found:
(0) 387/39CC :        Collected_CheckRing:
(0) 388/39E2 :        $engine.objects.entity_window$Collected_CheckRing$uncollected:
(0) 389/39E6 :        Collected_MarkRing:
(0) 390/39F8 :        $engine.objects.entity_window$Collected_MarkRing$done:
(0) 391/39FA :        Killed_CheckObject:
(0) 392/3A10 :        $engine.objects.entity_window$Killed_CheckObject$alive:
(0) 393/3A14 :        Killed_MarkObject:
(0) 394/3A3C :        $engine.objects.entity_window$Killed_MarkObject$markdone:
(0) 395/3A3E :        Collected_ClaimSlot:
(0) 396/3A4A :        $engine.objects.entity_window$Collected_ClaimSlot$find:
(0) 397/3A5C :        $engine.objects.entity_window$Collected_ClaimSlot$claim:
(0) 398/3A86 :        $engine.objects.entity_window$Collected_ClaimSlot$already_owned:
(0) 399/3A8A :        Collected_ParkSlot:
(0) 400/3AAE :        $engine.objects.entity_window$Collected_ParkSlot$park:
(0) 401/3AB6 :        $engine.objects.entity_window$Collected_ParkSlot$reuse_scan:
(0) 402/3AD0 :        $engine.objects.entity_window$Collected_ParkSlot$index_step:
(0) 403/3AD8 :        $engine.objects.entity_window$Collected_ParkSlot$index_done:
(0) 404/3AE8 :        $engine.objects.entity_window$Collected_ParkSlot$write:
(0) 405/3AF2 :        $engine.objects.entity_window$Collected_ParkSlot$copy_ring:
(0) 406/3B00 :        $engine.objects.entity_window$Collected_ParkSlot$copy_killed:
(0) 407/3B0A :        Collected_UnparkSlot:
(0) 408/3B10 :        $engine.objects.entity_window$Collected_UnparkSlot$scan:
(0) 409/3B1E :        $engine.objects.entity_window$Collected_UnparkSlot$hit:
(0) 410/3B2A :        $engine.objects.entity_window$Collected_UnparkSlot$copy_ring:
(0) 411/3B38 :        $engine.objects.entity_window$Collected_UnparkSlot$copy_killed:
(0) 412/3B42 :        Collected_UpdateCenter:
(0) 413/3B50 :        $engine.objects.entity_window$Collected_UpdateCenter$div_center:
(0) 414/3B5A :        $engine.objects.entity_window$Collected_UpdateCenter$div_center_done:
(0) 415/3B60 :        $engine.objects.entity_window$Collected_UpdateCenter$slot_loop:
(0) 416/3B6E :        $engine.objects.entity_window$Collected_UpdateCenter$div_slot:
(0) 417/3B78 :        $engine.objects.entity_window$Collected_UpdateCenter$div_slot_done:
(0) 418/3B7E :        $engine.objects.entity_window$asm12$abs:
(0) 419/3B8A :        $engine.objects.entity_window$asm13$abs:
(0) 420/3B90 :        $engine.objects.entity_window$Collected_UpdateCenter$evict:
(0) 421/3BBC :        $engine.objects.entity_window$Collected_UpdateCenter$slot_next:
(0) 422/3BC6 :        EntityLoaded_Test:
(0) 423/3BDA :        EntityLoaded_Set:
(0) 424/3BEE :        EntityLoaded_Clear:
(0) 425/3C02 :        EntityWindow_EntryForSection:
(0) 426/3C08 :        $engine.objects.entity_window$EntityWindow_EntryForSection$efs_loop:
(0) 427/3C1C :        $engine.objects.entity_window$EntityWindow_EntryForSection$efs_found:
(0) 428/3C20 :        EntityWindow_InitSection:
(0) 429/3C34 :        $engine.objects.entity_window$EntityWindow_InitSection$clear_mask:
(0) 430/3C3A :        $engine.objects.entity_window$EntityWindow_InitSection$same_section:
(0) 431/3C6C :        EntityWindow_DeriveWindow:
(0) 432/3C7C :        $engine.objects.entity_window$EntityWindow_DeriveWindow$x0_ok:
(0) 433/3C8A :        $engine.objects.entity_window$EntityWindow_DeriveWindow$y0_ok:
(0) 434/3C90 :        EntityWindow_BuildEntries:
(0) 435/3CB0 :        $engine.objects.entity_window$EntityWindow_BuildEntries$entry_loop:
(0) 436/3CE4 :        $engine.objects.entity_window$EntityWindow_BuildEntries$x_done:
(0) 437/3CF2 :        $engine.objects.entity_window$EntityWindow_BuildEntries$y_done:
(0) 438/3D06 :        $engine.objects.entity_window$EntityWindow_BuildEntries$void_entry:
(0) 439/3D10 :        $engine.objects.entity_window$EntityWindow_BuildEntries$next_entry:
(0) 440/3D22 :        EntityWindow_Init:
(0) 441/3D34 :        $engine.objects.entity_window$EntityWindow_Init$clear_loaded:
(0) 442/3D42 :        $engine.objects.entity_window$EntityWindow_Init$clear_scan:
(0) 443/3D8C :        EntityWindow_Scan:
(0) 444/3DB8 :        $engine.objects.entity_window$EntityWindow_Scan$no_rescan:
(0) 445/3DC8 :        $engine.objects.entity_window$EntityWindow_Scan$slide:
(0) 446/3DD0 :        $engine.objects.entity_window$EntityWindow_Scan$no_slide:
(0) 447/3DDA :        $engine.objects.entity_window$EntityWindow_Scan$section_loop:
(0) 448/3DEC :        $engine.objects.entity_window$EntityWindow_Scan$skip_rings:
(0) 449/3DF8 :        $engine.objects.entity_window$EntityWindow_Scan$section_next:
(0) 450/3DF8 :        $engine.objects.entity_window$EntityWindow_Scan$skip_objs:
(0) 451/3E04 :        $engine.objects.entity_window$EntityWindow_Scan$scan_done:
(0) 452/3E0C :        EntityWindow_TrySpawnRing:
(0) 453/3E7A :        $engine.objects.entity_window$EntityWindow_TrySpawnRing$gated:
(0) 454/3E7E :        $engine.objects.entity_window$EntityWindow_TrySpawnRing$out_of_band:
(0) 455/3E80 :        EntityWindow_ScanRingsRight:
(0) 456/3E94 :        $engine.objects.entity_window$EntityWindow_ScanRingsRight$loop:
(0) 457/3EAA :        $engine.objects.entity_window$EntityWindow_ScanRingsRight$at_edge:
(0) 458/3EB2 :        $engine.objects.entity_window$EntityWindow_ScanRingsRight$at_terminator:
(0) 459/3EBC :        EntityWindow_PopulateSectionRings:
(0) 460/3ED4 :        $engine.objects.entity_window$EntityWindow_PopulateSectionRings$pfind:
(0) 461/3EE6 :        $engine.objects.entity_window$EntityWindow_PopulateSectionRings$pfound:
(0) 462/3EEC :        $engine.objects.entity_window$EntityWindow_PopulateSectionRings$ploop:
(0) 463/3EFA :        $engine.objects.entity_window$EntityWindow_PopulateSectionRings$pdone:
(0) 464/3EFC :        EntityWindow_TrySpawnObject:
(0) 465/3F22 :        $engine.objects.entity_window$EntityWindow_TrySpawnObject$y_ok:
(0) 466/3F8E :        $engine.objects.entity_window$EntityWindow_TrySpawnObject$tag_plain:
(0) 467/3FAA :        $engine.objects.entity_window$EntityWindow_TrySpawnObject$gated:
(0) 468/3FAE :        $engine.objects.entity_window$EntityWindow_TrySpawnObject$out_of_band:
(0) 469/3FB0 :        EntityWindow_ScanObjectsRight:
(0) 470/3FCA :        $engine.objects.entity_window$EntityWindow_ScanObjectsRight$obj_loop:
(0) 471/3FDE :        $engine.objects.entity_window$EntityWindow_ScanObjectsRight$obj_at_edge:
(0) 472/3FE8 :        $engine.objects.entity_window$EntityWindow_ScanObjectsRight$obj_at_terminator:
(0) 473/3FF4 :        EntityWindow_RescanY:
(0) 474/4000 :        $engine.objects.entity_window$EntityWindow_RescanY$entry_loop:
(0) 475/400C :        $engine.objects.entity_window$EntityWindow_RescanY$entry_next:
(0) 476/4018 :        $engine.objects.entity_window$EntityWindow_RescanY$done:
(0) 477/401A :        EntityWindow_RescanRings:
(0) 478/4028 :        $engine.objects.entity_window$EntityWindow_RescanRings$loop:
(0) 479/4038 :        $engine.objects.entity_window$EntityWindow_RescanRings$done:
(0) 480/403A :        EntityWindow_RescanObjects:
(0) 481/404A :        $engine.objects.entity_window$EntityWindow_RescanObjects$loop:
(0) 482/405A :        $engine.objects.entity_window$EntityWindow_RescanObjects$done:
(0) 483/405C :        EntityWindow_DespawnRings:
(0) 484/4076 :        $engine.objects.entity_window$EntityWindow_DespawnRings$loop:
(0) 485/408E :        $engine.objects.entity_window$EntityWindow_DespawnRings$check_active:
(0) 486/40AA :        $engine.objects.entity_window$EntityWindow_DespawnRings$check_y:
(0) 487/40C2 :        $engine.objects.entity_window$EntityWindow_DespawnRings$remove:
(0) 488/40DC :        $engine.objects.entity_window$EntityWindow_DespawnRings$clr_ring_skip:
(0) 489/40E2 :        $engine.objects.entity_window$EntityWindow_DespawnRings$next:
(0) 490/40E6 :        $engine.objects.entity_window$EntityWindow_DespawnRings$done:
(0) 491/40E8 :        EntityWindow_DespawnObjects:
(0) 492/40F0 :        $engine.objects.entity_window$EntityWindow_DespawnObjects$have_live:
(0) 493/40F6 :        $engine.objects.entity_window$EntityWindow_DespawnObjects$loop:
(0) 494/4108 :        $engine.objects.entity_window$EntityWindow_DespawnObjects$check_active:
(0) 495/4124 :        $engine.objects.entity_window$EntityWindow_DespawnObjects$check_y:
(0) 496/4142 :        $engine.objects.entity_window$EntityWindow_DespawnObjects$despawn:
(0) 497/4160 :        $engine.objects.entity_window$EntityWindow_DespawnObjects$clr_obj_skip:
(0) 498/416C :        $engine.objects.entity_window$EntityWindow_DespawnObjects$next:
(0) 499/4172 :        EntityWindow_MigrateMasks:
(0) 500/4174 :        $engine.objects.entity_window$EntityWindow_MigrateMasks$new_loop:
(0) 501/4194 :        $engine.objects.entity_window$EntityWindow_MigrateMasks$old_loop:
(0) 502/41A2 :        $engine.objects.entity_window$EntityWindow_MigrateMasks$match:
(0) 503/41B6 :        $engine.objects.entity_window$EntityWindow_MigrateMasks$copy:
(0) 504/41BC :        $engine.objects.entity_window$EntityWindow_MigrateMasks$new_next:
(0) 505/41C6 :        EntityWindow_Slide:
(0) 506/41E0 :        $engine.objects.entity_window$EntityWindow_Slide$snapshot:
(0) 507/4224 :        $engine.objects.entity_window$EntityWindow_Slide$populate_loop:
(0) 508/4236 :        $engine.objects.entity_window$EntityWindow_Slide$old_id_scan:
(0) 509/4244 :        $engine.objects.entity_window$EntityWindow_Slide$populate_next:
(0) 510/4260 :        PopulateSpawnedPieceCount:
(0) 511/4284 :        $engine.objects.children$asm1$no_mappings:
(0) 512/4288 :        $engine.objects.children$asm1$rpc_done:
(0) 513/428C :        CreateChild_Normal:
(0) 514/4298 :        $engine.objects.children$CreateChild_Normal$child_loop:
(0) 515/42EA :        $engine.objects.children$CreateChild_Normal$alloc_fail:
(0) 516/42EC :        $engine.objects.children$CreateChild_Normal$done:
(0) 517/42F2 :        CreateChild_Complex:
(0) 518/42FE :        $engine.objects.children$CreateChild_Complex$child_loop:
(0) 519/4368 :        $engine.objects.children$CreateChild_Complex$alloc_fail:
(0) 520/436A :        $engine.objects.children$CreateChild_Complex$done:
(0) 521/4370 :        CreateChild_FlipAware:
(0) 522/437C :        $engine.objects.children$CreateChild_FlipAware$no_flip:
(0) 523/4388 :        $engine.objects.children$CreateChild_FlipAware$child_loop:
(0) 524/43F6 :        $engine.objects.children$CreateChild_FlipAware$rf_no_flip:
(0) 525/4406 :        $engine.objects.children$CreateChild_FlipAware$alloc_fail:
(0) 526/4408 :        $engine.objects.children$CreateChild_FlipAware$done:
(0) 527/440E :        CreateChild_Linked:
(0) 528/4428 :        $engine.objects.children$CreateChild_Linked$spawn_loop:
(0) 529/447A :        $engine.objects.children$CreateChild_Linked$first_child:
(0) 530/447E :        $engine.objects.children$CreateChild_Linked$linked:
(0) 531/4488 :        $engine.objects.children$CreateChild_Linked$link_fail:
(0) 532/4496 :        $engine.objects.children$CreateChild_Linked$done:
(0) 533/4498 :        DeleteChildren:
(0) 534/44A4 :        $engine.objects.children$DeleteChildren$walk_chain:
(0) 535/44B4 :        $engine.objects.children$DeleteChildren$done:
(0) 536/44B6 :        CreateEffect_Normal:
(0) 537/44BE :        $engine.objects.children$CreateEffect_Normal$effect_loop:
(0) 538/4506 :        $engine.objects.children$CreateEffect_Normal$alloc_fail:
(0) 539/4508 :        $engine.objects.children$CreateEffect_Normal$done:
(0) 540/450A :        CreateEffect_Simple:
(0) 541/451A :        $engine.objects.children$CreateEffect_Simple$spawn_loop:
(0) 542/4548 :        $engine.objects.children$CreateEffect_Simple$done:
(0) 543/454A :        $engine.objects.children$CreateEffect_Simple$alloc_fail:
(0) 544/4550 :        Load_Object:
(0) 545/45B8 :        $engine.objects.load_object$Load_Object$no_piece_count:
(0) 546/45BC :        $engine.objects.load_object$Load_Object$alloc_fail:
(0) 547/45C4 :        $engine.objects.load_object$Load_ObjectList$loop:
(0) 548/45C4 :        Load_ObjectList:
(0) 549/45D6 :        $engine.objects.load_object$Load_ObjectList$done:
(0) 550/45D8 :        Plane_Buffer_Reset:
(0) 551/45E0 :        Draw_TileColumn:
(0) 552/4616 :        $engine.plane_buffer$Draw_TileColumn$col_nowrap:
(0) 553/4674 :        $engine.plane_buffer$Draw_TileColumn$pA_clamp:
(0) 554/4680 :        $engine.plane_buffer$Draw_TileColumn$pA_zero:
(0) 555/4686 :        $engine.plane_buffer$Draw_TileColumn$pA_zend:
(0) 556/46AC :        $engine.plane_buffer$Draw_TileColumn$pB_dok:
(0) 557/46B8 :        $engine.plane_buffer$Draw_TileColumn$pB_zfill:
(0) 558/46C0 :        $engine.plane_buffer$Draw_TileColumn$pB_allz:
(0) 559/46C4 :        $engine.plane_buffer$Draw_TileColumn$pB_az:
(0) 560/46CA :        $engine.plane_buffer$Draw_TileColumn$no_pB:
(0) 561/46CA :        $engine.plane_buffer$Draw_TileColumn$pB_zend:
(0) 562/46D8 :        $engine.plane_buffer$Draw_TileColumn$sz_ok:
(0) 563/46E0 :        $engine.plane_buffer$Draw_TileColumn$done:
(0) 564/46E2 :        $engine.plane_buffer$Draw_TileColumn$copy_col_run:
(0) 565/46FC :        $engine.plane_buffer$Draw_TileColumn$ccr_drain:
(0) 566/470A :        $engine.plane_buffer$Draw_TileColumn$ccr_quad:
(0) 567/4720 :        $engine.plane_buffer$Draw_TileColumn$ccr_rem_entry:
(0) 568/4726 :        $engine.plane_buffer$Draw_TileColumn$ccr_rem:
(0) 569/4730 :        $engine.plane_buffer$Draw_TileColumn$ccr_drained:
(0) 570/4732 :        $engine.plane_buffer$Draw_TileColumn$ccr_ret:
(0) 571/4734 :        Draw_TileRow_FromCache:
(0) 572/477C :        $engine.plane_buffer$Draw_TileRow_FromCache$row_nowrap:
(0) 573/479C :        $engine.plane_buffer$Draw_TileRow_FromCache$r_clamp_ok:
(0) 574/47C4 :        $engine.plane_buffer$Draw_TileRow_FromCache$row_emit_done:
(0) 575/47D4 :        $engine.plane_buffer$Draw_TileRow_FromCache$done:
(0) 576/47D6 :        $engine.plane_buffer$Draw_TileRow_FromCache$emit_row_run:
(0) 577/47E0 :        $engine.plane_buffer$Draw_TileRow_FromCache$err_nonneg:
(0) 578/47EA :        $engine.plane_buffer$Draw_TileRow_FromCache$err_norm:
(0) 579/4804 :        $engine.plane_buffer$Draw_TileRow_FromCache$err_run1:
(0) 580/480A :        $engine.plane_buffer$Draw_TileRow_FromCache$err_run1_tail:
(0) 581/4812 :        $engine.plane_buffer$Draw_TileRow_FromCache$err_run1_done:
(0) 582/4814 :        $engine.plane_buffer$Draw_TileRow_FromCache$err_single:
(0) 583/481C :        $engine.plane_buffer$Draw_TileRow_FromCache$err_run2:
(0) 584/4822 :        $engine.plane_buffer$Draw_TileRow_FromCache$err_run2_tail:
(0) 585/482A :        $engine.plane_buffer$Draw_TileRow_FromCache$err_ret:
(0) 586/482C :        Draw_BG_TileColumn:
(0) 587/4852 :        $engine.plane_buffer$Draw_BG_TileColumn$have_layout:
(0) 588/486E :        $engine.plane_buffer$Draw_BG_TileColumn$copy:
(0) 589/4884 :        $engine.plane_buffer$Draw_BG_TileColumn$done:
(0) 590/4886 :        VInt_DrawLevel:
(0) 591/489A :        $engine.plane_buffer$VInt_DrawLevel$next:
(0) 592/48B2 :        $engine.plane_buffer$VInt_DrawLevel$drain_row:
(0) 593/48BA :        $engine.plane_buffer$VInt_DrawLevel$col_entry:
(0) 594/48D6 :        $engine.plane_buffer$VInt_DrawLevel$drain_col:
(0) 595/48DC :        $engine.plane_buffer$VInt_DrawLevel$dc_tail:
(0) 596/48E6 :        $engine.plane_buffer$VInt_DrawLevel$done:
(0) 597/4900 :        Tile_Cache_GetTile:
(0) 598/4912 :        $engine.tile_cache$Tile_Cache_GetTile$col_nowrap:
(0) 599/4924 :        $engine.tile_cache$Tile_Cache_GetTile$row_nowrap:
(0) 600/493C :        BlockStage_PtrTable:
(0) 601/497C :        TileCache_FindStagedBlock:
(0) 602/4994 :        $engine.tile_cache$TileCache_FindStagedBlock$chain:
(0) 603/49AA :        $engine.tile_cache$TileCache_FindStagedBlock$miss:
(0) 604/49AE :        $engine.tile_cache$TileCache_FindStagedBlock$hit:
(0) 605/49C4 :        TileCache_InvalidateStaging:
(0) 606/49CA :        $engine.tile_cache$TileCache_InvalidateStaging$inv:
(0) 607/49E4 :        $engine.tile_cache$TileCache_InvalidateStaging$inv_maps:
(0) 608/49F4 :        $engine.tile_cache$TileCache_InvalidateStaging$inv_bucket:
(0) 609/4A06 :        $engine.tile_cache$TileCache_InvalidateStaging$inv_chain:
(0) 610/4A30 :        $engine.tile_cache$TileCache_InvalidateStaging$inv_spec_ring:
(0) 611/4A44 :        TileCache_DecompressBlock:
(0) 612/4A5E :        $engine.tile_cache$TileCache_DecompressBlock$rr_ok:
(0) 613/4A84 :        $engine.tile_cache$TileCache_DecompressBlock$idx_unlink_step:
(0) 614/4A9E :        $engine.tile_cache$TileCache_DecompressBlock$idx_unlink_lost:
(0) 615/4AA0 :        $engine.tile_cache$TileCache_DecompressBlock$idx_unlink_found:
(0) 616/4AAA :        $engine.tile_cache$TileCache_DecompressBlock$idx_link:
(0) 617/4B46 :        $engine.tile_cache$TileCache_DecompressBlock$raw_direct:
(0) 618/4B5A :        $engine.tile_cache$TileCache_DecompressBlock$empty_block:
(0) 619/4B7A :        Blank_Local_Map:
(0) 620/4B7A :        __align$engine.tile_cache$0:
(0) 621/4B7C :        TileCache_CopyBlockColumn:
(0) 622/4B8A :        $engine.tile_cache$TileCache_CopyBlockColumn$col_nowrap:
(0) 623/4B98 :        $engine.tile_cache$TileCache_CopyBlockColumn$row_nowrap:
(0) 624/4BDA :        $engine.tile_cache$TileCache_CopyBlockColumn$nt_one_run:
(0) 625/4BDC :        $engine.tile_cache$TileCache_CopyBlockColumn$nt_run2:
(0) 626/4C12 :        $engine.tile_cache$TileCache_CopyBlockColumn$coll_run1:
(0) 627/4C34 :        $engine.tile_cache$TileCache_CopyBlockColumn$coll_one_run:
(0) 628/4C36 :        $engine.tile_cache$TileCache_CopyBlockColumn$coll_run2:
(0) 629/4C38 :        $engine.tile_cache$TileCache_CopyBlockColumn$coll_run2_loop:
(0) 630/4C4C :        $engine.tile_cache$TileCache_CopyBlockColumn$done_coll:
(0) 631/4C50 :        Tile_Cache_Init:
(0) 632/4C60 :        $engine.tile_cache$Tile_Cache_Init$left_ok:
(0) 633/4CC0 :        $engine.tile_cache$Tile_Cache_Init$top_ok:
(0) 634/4CDC :        TileCache_FillAll:
(0) 635/4CF2 :        $engine.tile_cache$TileCache_FillAll$zero_nt:
(0) 636/4D02 :        $engine.tile_cache$TileCache_FillAll$zero_coll:
(0) 637/4D28 :        $engine.tile_cache$TileCache_FillAll$block_row_loop:
(0) 638/4D2C :        $engine.tile_cache$TileCache_FillAll$block_col_loop:
(0) 639/4D62 :        $engine.tile_cache$TileCache_FillAll$fill_copy_col:
(0) 640/4D7E :        $engine.tile_cache$TileCache_FillAll$fill_no_clip:
(0) 641/4D9C :        $engine.tile_cache$TileCache_FillAll$fill_rows_ok:
(0) 642/4DAE :        $engine.tile_cache$TileCache_FillAll$fill_skip_col:
(0) 643/4DD6 :        TileCache_WarmupBelowRow:
(0) 644/4DFC :        $engine.tile_cache$TileCache_WarmupBelowRow$scan:
(0) 645/4E40 :        $engine.tile_cache$TileCache_WarmupBelowRow$next:
(0) 646/4E46 :        $engine.tile_cache$TileCache_WarmupBelowRow$done:
(0) 647/4E48 :        Tile_Cache_Fill:
(0) 648/4E66 :        $engine.tile_cache$Tile_Cache_Fill$fg_on_time:
(0) 649/4E6A :        $engine.tile_cache$Tile_Cache_Fill$fg_lag_done:
(0) 650/4EAA :        $engine.tile_cache$Tile_Cache_Fill$spec_rearm_test:
(0) 651/4EB0 :        $engine.tile_cache$Tile_Cache_Fill$spec_down:
(0) 652/4EB8 :        $engine.tile_cache$Tile_Cache_Fill$spec_rearm:
(0) 653/4EBE :        $engine.tile_cache$Tile_Cache_Fill$spec_gate_done:
(0) 654/4F10 :        $engine.tile_cache$Tile_Cache_Fill$row_pending_stale:
(0) 655/4F16 :        $engine.tile_cache$Tile_Cache_Fill$no_row_pending:
(0) 656/4F3A :        $engine.tile_cache$Tile_Cache_Fill$pending_row_ok:
(0) 657/4F46 :        $engine.tile_cache$Tile_Cache_Fill$pending_stale:
(0) 658/4F4C :        $engine.tile_cache$Tile_Cache_Fill$no_pending:
(0) 659/4F5E :        $engine.tile_cache$Tile_Cache_Fill$h_left_pos:
(0) 660/4F80 :        $engine.tile_cache$Tile_Cache_Fill$h_clamp_ok:
(0) 661/4F84 :        $engine.tile_cache$Tile_Cache_Fill$h_right_fill:
(0) 662/4F9C :        $engine.tile_cache$Tile_Cache_Fill$h_no_evict:
(0) 663/4FB4 :        $engine.tile_cache$Tile_Cache_Fill$h_right_done:
(0) 664/4FBA :        $engine.tile_cache$Tile_Cache_Fill$h_left_fill:
(0) 665/4FD0 :        $engine.tile_cache$Tile_Cache_Fill$h_no_evict_left:
(0) 666/4FE0 :        $engine.tile_cache$Tile_Cache_Fill$h_origin_ok:
(0) 667/4FF4 :        $engine.tile_cache$Tile_Cache_Fill$h_left_done:
(0) 668/4FF4 :        $engine.tile_cache$Tile_Cache_Fill$v_section:
(0) 669/5006 :        $engine.tile_cache$Tile_Cache_Fill$v_top_pos:
(0) 670/502C :        $engine.tile_cache$Tile_Cache_Fill$v_clamp_ok:
(0) 671/5034 :        $engine.tile_cache$Tile_Cache_Fill$v_bottom_fill:
(0) 672/5052 :        $engine.tile_cache$Tile_Cache_Fill$v_no_evict:
(0) 673/506C :        $engine.tile_cache$Tile_Cache_Fill$v_bottom_done:
(0) 674/5072 :        $engine.tile_cache$Tile_Cache_Fill$v_top_fill:
(0) 675/5098 :        $engine.tile_cache$Tile_Cache_Fill$v_no_evict_up:
(0) 676/50CA :        $engine.tile_cache$Tile_Cache_Fill$v_top_done:
(0) 677/50E0 :        $engine.tile_cache$Tile_Cache_Fill$pfx_no_recent_lag:
(0) 678/50E4 :        $engine.tile_cache$Tile_Cache_Fill$pfx_gate_ok:
(0) 679/5132 :        $engine.tile_cache$Tile_Cache_Fill$pfx_up:
(0) 680/5144 :        $engine.tile_cache$Tile_Cache_Fill$pfx_go:
(0) 681/51AA :        $engine.tile_cache$Tile_Cache_Fill$pfx_scan_begin:
(0) 682/51B4 :        $engine.tile_cache$Tile_Cache_Fill$pfx_scan:
(0) 683/51F2 :        $engine.tile_cache$Tile_Cache_Fill$pfx_next:
(0) 684/51F8 :        $engine.tile_cache$Tile_Cache_Fill$pfx_stage:
(0) 685/5202 :        $engine.tile_cache$Tile_Cache_Fill$pfx_record:
(0) 686/522A :        $engine.tile_cache$Tile_Cache_Fill$row_done:
(0) 687/524C :        $engine.tile_cache$Tile_Cache_Fill$cs_first_left:
(0) 688/524E :        $engine.tile_cache$Tile_Cache_Fill$cs_first_set:
(0) 689/5258 :        $engine.tile_cache$Tile_Cache_Fill$cs_have_latch:
(0) 690/5260 :        $engine.tile_cache$Tile_Cache_Fill$cs_opp_ready:
(0) 691/526E :        $engine.tile_cache$Tile_Cache_Fill$cs_accum_ok:
(0) 692/5280 :        $engine.tile_cache$Tile_Cache_Fill$cs_latched:
(0) 693/529A :        $engine.tile_cache$Tile_Cache_Fill$cs_left:
(0) 694/52AA :        $engine.tile_cache$Tile_Cache_Fill$cs_have_col:
(0) 695/5324 :        $engine.tile_cache$Tile_Cache_Fill$cs_scan_begin:
(0) 696/532E :        $engine.tile_cache$Tile_Cache_Fill$cs_scan:
(0) 697/536C :        $engine.tile_cache$Tile_Cache_Fill$cs_next:
(0) 698/5372 :        $engine.tile_cache$Tile_Cache_Fill$cs_stage:
(0) 699/537C :        $engine.tile_cache$Tile_Cache_Fill$cs_record:
(0) 700/53A4 :        $engine.tile_cache$Tile_Cache_Fill$col_done:
(0) 701/53F2 :        $engine.tile_cache$Tile_Cache_Fill$fill_return:
(0) 702/53F4 :        TileCache_FillColumn:
(0) 703/540E :        $engine.tile_cache$TileCache_FillColumn$fc_block_loop:
(0) 704/540E :        $engine.tile_cache$TileCache_FillColumn$fc_from_top:
(0) 705/5450 :        $engine.tile_cache$TileCache_FillColumn$fc_have_block:
(0) 706/547E :        $engine.tile_cache$TileCache_FillColumn$fc_rows_ok:
(0) 707/549E :        $engine.tile_cache$TileCache_FillColumn$fc_budget_out:
(0) 708/54CA :        $engine.tile_cache$TileCache_FillColumn$fc_no_xhold:
(0) 709/54CA :        $engine.tile_cache$asm17$no_hold:
(0) 710/54CE :        $engine.tile_cache$TileCache_FillColumn$fc_complete:
(0) 711/54D8 :        TileCache_FillRow:
(0) 712/54F2 :        $engine.tile_cache$TileCache_FillRow$fr_row_nowrap:
(0) 713/5508 :        $engine.tile_cache$TileCache_FillRow$fr_no_coll:
(0) 714/5538 :        $engine.tile_cache$TileCache_FillRow$fr_block_loop:
(0) 715/5538 :        $engine.tile_cache$TileCache_FillRow$fr_from_left:
(0) 716/557C :        $engine.tile_cache$TileCache_FillRow$fr_have_block:
(0) 717/55B6 :        $engine.tile_cache$TileCache_FillRow$fr_iclo_done:
(0) 718/55C6 :        $engine.tile_cache$TileCache_FillRow$fr_ichi_head:
(0) 719/55D6 :        $engine.tile_cache$TileCache_FillRow$fr_ichi_done:
(0) 720/55FE :        $engine.tile_cache$TileCache_FillRow$fr_nt_ncalc:
(0) 721/560A :        $engine.tile_cache$TileCache_FillRow$fr_nt_emit:
(0) 722/562E :        $engine.tile_cache$TileCache_FillRow$fr_nt_empty:
(0) 723/5652 :        $engine.tile_cache$TileCache_FillRow$fr_ci_iclo:
(0) 724/5662 :        $engine.tile_cache$TileCache_FillRow$fr_ci_head:
(0) 725/5672 :        $engine.tile_cache$TileCache_FillRow$fr_ci_ichi:
(0) 726/5698 :        $engine.tile_cache$TileCache_FillRow$fr_ci_ncalc:
(0) 727/56A4 :        $engine.tile_cache$TileCache_FillRow$fr_ci_emit:
(0) 728/56B8 :        $engine.tile_cache$TileCache_FillRow$fr_ci_run1:
(0) 729/56D2 :        $engine.tile_cache$TileCache_FillRow$fr_ci_run2:
(0) 730/56DA :        $engine.tile_cache$TileCache_FillRow$fr_next_block:
(0) 731/56F0 :        $engine.tile_cache$TileCache_FillRow$fr_budget_out:
(0) 732/571E :        $engine.tile_cache$TileCache_FillRow$fr_no_yhold:
(0) 733/571E :        $engine.tile_cache$asm22$no_hold:
(0) 734/5722 :        $engine.tile_cache$TileCache_FillRow$fr_done:
(0) 735/572E :        $engine.tile_cache$TileCache_FillRow$fr_early_out:
(0) 736/5732 :        TileCache_HSlide:
(0) 737/574A :        $engine.tile_cache$TileCache_HSlide$nowrap:
(0) 738/574E :        $engine.tile_cache$TileCache_HSlide$done:
(0) 739/5750 :        TileCache_VSlide:
(0) 740/5766 :        $engine.tile_cache$TileCache_VSlide$vslide_nowrap:
(0) 741/576A :        $engine.tile_cache$TileCache_VSlide$vslide_done:
(0) 742/576C :        TileCache_VSlideUp:
(0) 743/5780 :        $engine.tile_cache$TileCache_VSlideUp$vsu_nowrap:
(0) 744/5784 :        $engine.tile_cache$TileCache_VSlideUp$vsu_done:
(0) 745/5790 :        Collision_GetType:
(0) 746/57B0 :        $engine.collision_lookup$Collision_GetType$col_nowrap:
(0) 747/57D6 :        $engine.collision_lookup$Collision_GetType$row_nowrap:
(0) 748/57E8 :        $engine.collision_lookup$Collision_GetType$plane_selected:
(0) 749/57F4 :        $engine.collision_lookup$Collision_GetType$cgt_air:
(0) 750/5800 :        Collision_ProbeDown:
(0) 751/5820 :        $games.sonic4.player_sensors$asm1$done:
(0) 752/5826 :        $games.sonic4.player_sensors$asm1$empty_fwd:
(0) 753/5840 :        $games.sonic4.player_sensors$asm1$nothing:
(0) 754/5848 :        $games.sonic4.player_sensors$asm1$full_back:
(0) 755/5860 :        $games.sonic4.player_sensors$asm1$back_supplied:
(0) 756/586E :        $games.sonic4.player_sensors$asm1$cell:
(0) 757/58B2 :        $games.sonic4.player_sensors$asm1$cl_hanging:
(0) 758/58C0 :        $games.sonic4.player_sensors$asm1$cl_air:
(0) 759/58C8 :        Collision_ProbeUp:
(0) 760/58EC :        $games.sonic4.player_sensors$asm12$done:
(0) 761/58F2 :        $games.sonic4.player_sensors$asm12$empty_fwd:
(0) 762/5910 :        $games.sonic4.player_sensors$asm12$nothing:
(0) 763/5918 :        $games.sonic4.player_sensors$asm12$full_back:
(0) 764/5930 :        $games.sonic4.player_sensors$asm12$back_supplied:
(0) 765/5942 :        $games.sonic4.player_sensors$asm12$cell:
(0) 766/5988 :        $games.sonic4.player_sensors$asm12$cl_hanging:
(0) 767/599A :        $games.sonic4.player_sensors$asm12$cl_air:
(0) 768/59A2 :        Collision_ProbeRight:
(0) 769/59C2 :        $games.sonic4.player_sensors$asm23$done:
(0) 770/59C8 :        $games.sonic4.player_sensors$asm23$empty_fwd:
(0) 771/59E2 :        $games.sonic4.player_sensors$asm23$nothing:
(0) 772/59EA :        $games.sonic4.player_sensors$asm23$full_back:
(0) 773/5A02 :        $games.sonic4.player_sensors$asm23$back_supplied:
(0) 774/5A10 :        $games.sonic4.player_sensors$asm23$cell:
(0) 775/5A56 :        $games.sonic4.player_sensors$asm23$cl_hanging:
(0) 776/5A64 :        $games.sonic4.player_sensors$asm23$cl_air:
(0) 777/5A6C :        Collision_ProbeLeft:
(0) 778/5A90 :        $games.sonic4.player_sensors$asm34$done:
(0) 779/5A96 :        $games.sonic4.player_sensors$asm34$empty_fwd:
(0) 780/5AB4 :        $games.sonic4.player_sensors$asm34$nothing:
(0) 781/5ABC :        $games.sonic4.player_sensors$asm34$full_back:
(0) 782/5AD4 :        $games.sonic4.player_sensors$asm34$back_supplied:
(0) 783/5AE6 :        $games.sonic4.player_sensors$asm34$cell:
(0) 784/5B2A :        $games.sonic4.player_sensors$asm34$cl_hanging:
(0) 785/5B3C :        $games.sonic4.player_sensors$asm34$cl_air:
(0) 786/5B44 :        Player_SensorPair:
(0) 787/5B6A :        $games.sonic4.player_sensors$Player_SensorPair$b_wins:
(0) 788/5B6C :        Player_SensorFloor:
(0) 789/5B7C :        $games.sonic4.player_sensors$Player_SensorFloor$terrain:
(0) 790/5B82 :        Player_SensorCeiling:
(0) 791/5B86 :        Player_SensorSurface:
(0) 792/5BBA :        $games.sonic4.player_sensors$Player_SensorSurface$case_table:
(0) 793/5BC2 :        $games.sonic4.player_sensors$Player_SensorSurface$probe_down:
(0) 794/5BD4 :        $games.sonic4.player_sensors$Player_SensorSurface$probe_up:
(0) 795/5BE6 :        $games.sonic4.player_sensors$Player_SensorSurface$probe_left:
(0) 796/5BF6 :        $games.sonic4.player_sensors$Player_SensorSurface$probe_right:
(0) 797/5C04 :        $games.sonic4.player_sensors$Player_SensorSurface$pair:
(0) 798/5C2A :        $games.sonic4.player_sensors$Player_SensorSurface$diff_pos:
(0) 799/5C30 :        $games.sonic4.player_sensors$Player_SensorSurface$substitute:
(0) 800/5C32 :        $games.sonic4.player_sensors$Player_SensorSurface$keep:
(0) 801/5C34 :        Player_SensorWallAt:
(0) 802/5C3C :        Player_SensorWallDir:
(0) 803/5C52 :        $games.sonic4.player_sensors$Player_SensorWallDir$dir_table:
(0) 804/5C5A :        $games.sonic4.player_sensors$Player_SensorWallDir$down:
(0) 805/5C62 :        $games.sonic4.player_sensors$Player_SensorWallDir$up:
(0) 806/5C6C :        $games.sonic4.player_sensors$Player_SensorWallDir$right:
(0) 807/5C76 :        $games.sonic4.player_sensors$Player_SensorWallDir$left:
(0) 808/5C7C :        $games.sonic4.player_sensors$Player_SensorWallDir$resolve:
(0) 809/5C84 :        $games.sonic4.player_sensors$Player_SensorWallDir$keep:
(0) 810/5C86 :        Player_AtLedgeEdge:
(0) 811/5C98 :        $games.sonic4.player_sensors$Player_AtLedgeEdge$no_owner:
(0) 812/5C9C :        $games.sonic4.player_sensors$Player_AtLedgeEdge$found:
(0) 813/5CA8 :        $games.sonic4.player_sensors$asm51$abs:
(0) 814/5CB8 :        $games.sonic4.player_sensors$Player_AtLedgeEdge$terrain:
(0) 815/5CDE :        $games.sonic4.player_sensors$Player_AtLedgeEdge$face_left:
(0) 816/5CE2 :        $games.sonic4.player_sensors$Player_AtLedgeEdge$single:
(0) 817/5CF0 :        $games.sonic4.player_sensors$Player_AtLedgeEdge$at_edge:
(0) 818/5CF4 :        Section_Init:
(0) 819/5D00 :        Section_FillInitial:
(0) 820/5D2A :        Section_FlatIDXY:
(0) 821/5D34 :        $engine.section$Section_FlatIDXY$fxy_mul:
(0) 822/5D3C :        $engine.section$Section_FlatIDXY$fxy_add_x:
(0) 823/5D44 :        Section_GetSecPtrXY:
(0) 824/5D74 :        $engine.section$Section_GetSecPtrXY$out_of_range:
(0) 825/5D7A :        Section_RedrawPlanes:
(0) 826/5D94 :        $engine.section$asm5$wait_z80:
(0) 827/5DCA :        $engine.section$Section_RedrawPlanes$pla_fill:
(0) 828/5DFC :        $engine.section$Section_RedrawPlanes$col_nowrap:
(0) 829/5E42 :        $engine.section$Section_RedrawPlanes$pA_clamp:
(0) 830/5E48 :        $engine.section$Section_RedrawPlanes$pA_data:
(0) 831/5E56 :        $engine.section$Section_RedrawPlanes$pa_nowrap:
(0) 832/5E5A :        $engine.section$Section_RedrawPlanes$pA_dskip:
(0) 833/5E64 :        $engine.section$Section_RedrawPlanes$pA_zero:
(0) 834/5E6A :        $engine.section$Section_RedrawPlanes$pA_zskip:
(0) 835/5E96 :        $engine.section$Section_RedrawPlanes$pB_dok:
(0) 836/5E9A :        $engine.section$Section_RedrawPlanes$pB_data:
(0) 837/5EA8 :        $engine.section$Section_RedrawPlanes$pb_nowrap:
(0) 838/5EB6 :        $engine.section$Section_RedrawPlanes$pB_zfill:
(0) 839/5EBE :        $engine.section$Section_RedrawPlanes$pB_allz:
(0) 840/5EC4 :        $engine.section$Section_RedrawPlanes$pB_az:
(0) 841/5ECA :        $engine.section$Section_RedrawPlanes$pB_skip:
(0) 842/5ECC :        $engine.section$Section_RedrawPlanes$pla_next:
(0) 843/5EF8 :        $engine.section$Section_RedrawPlanes$plb_use_act_layout:
(0) 844/5F02 :        $engine.section$Section_RedrawPlanes$plb_have_layout:
(0) 845/5F08 :        $engine.section$Section_RedrawPlanes$plb_col:
(0) 846/5F24 :        $engine.section$Section_RedrawPlanes$plb_word:
(0) 847/5F32 :        $engine.section$Section_RedrawPlanes$plb_done:
(0) 848/5F3E :        $engine.section$asm19$wait_z80:
(0) 849/5F6A :        $engine.section$Section_RedrawPlanes$track_right_ok:
(0) 850/5F74 :        $engine.section$Section_RedrawPlanes$track_left_ok:
(0) 851/5F76 :        Section_UpdateColumns:
(0) 852/5F9A :        $engine.section$Section_UpdateColumns$not_dirty:
(0) 853/5FC0 :        $engine.section$Section_UpdateColumns$right_clamp_ok:
(0) 854/5FCA :        $engine.section$Section_UpdateColumns$right_cache_ok:
(0) 855/5FD8 :        $engine.section$Section_UpdateColumns$right_wrap_ok:
(0) 856/5FDC :        $engine.section$Section_UpdateColumns$right_loop:
(0) 857/6006 :        $engine.section$Section_UpdateColumns$right_done:
(0) 858/601A :        $engine.section$Section_UpdateColumns$right_done_cache_ok:
(0) 859/6024 :        $engine.section$Section_UpdateColumns$left_clamp_skip:
(0) 860/6032 :        $engine.section$Section_UpdateColumns$left_cache_ok:
(0) 861/6044 :        $engine.section$Section_UpdateColumns$left_wrap_ok:
(0) 862/6048 :        $engine.section$Section_UpdateColumns$left_loop:
(0) 863/6072 :        $engine.section$Section_UpdateColumns$left_done:
(0) 864/6086 :        $engine.section$Section_UpdateColumns$left_done_cache_ok:
(0) 865/6090 :        $engine.section$Section_UpdateColumns$right_clamp_skip2:
(0) 866/60A8 :        $engine.section$Section_UpdateColumns$bot_cache_ok:
(0) 867/60AC :        $engine.section$Section_UpdateColumns$bot_loop:
(0) 868/60D6 :        $engine.section$Section_UpdateColumns$bot_done:
(0) 869/60EA :        $engine.section$Section_UpdateColumns$bot_done_cache_ok:
(0) 870/60F4 :        $engine.section$Section_UpdateColumns$top_row_clamp_skip:
(0) 871/6102 :        $engine.section$Section_UpdateColumns$top_cache_ok:
(0) 872/6106 :        $engine.section$Section_UpdateColumns$top_loop:
(0) 873/6130 :        $engine.section$Section_UpdateColumns$top_done:
(0) 874/6144 :        $engine.section$Section_UpdateColumns$top_done_cache_ok:
(0) 875/614E :        $engine.section$Section_UpdateColumns$bot_row_clamp_skip:
(0) 876/6160 :        Camera_Init:
(0) 877/61D4 :        $engine.camera$asm2$min_ok:
(0) 878/61DE :        $engine.camera$asm2$clamp:
(0) 879/61F2 :        $engine.camera$asm4$min_ok:
(0) 880/61FC :        $engine.camera$asm4$clamp:
(0) 881/6206 :        Camera_Update:
(0) 882/6216 :        $engine.camera$Camera_Update$no_freeze:
(0) 883/6252 :        $engine.camera$Camera_Update$x_scroll_right:
(0) 884/625C :        $engine.camera$Camera_Update$apply_x:
(0) 885/6268 :        $engine.camera$Camera_Update$x_done:
(0) 886/626C :        $engine.camera$Camera_Update$x_clamp:
(0) 887/6274 :        $engine.camera$asm7$min_ok:
(0) 888/627E :        $engine.camera$asm7$clamp:
(0) 889/6286 :        $engine.camera$Camera_Update$y_track:
(0) 890/62A8 :        $engine.camera$Camera_Update$no_curl_comp:
(0) 891/62C2 :        $engine.camera$Camera_Update$check_down:
(0) 892/62D2 :        $engine.camera$Camera_Update$jump_state:
(0) 893/62D8 :        $engine.camera$Camera_Update$land_lock:
(0) 894/62E0 :        $engine.camera$Camera_Update$down_ok:
(0) 895/62E8 :        $engine.camera$Camera_Update$apply_y:
(0) 896/62F2 :        $engine.camera$Camera_Update$y_step_hi_ok:
(0) 897/62FC :        $engine.camera$Camera_Update$y_step_lo_ok:
(0) 898/6308 :        $engine.camera$Camera_Update$clamp_y:
(0) 899/630C :        $engine.camera$Camera_Update$y_clamp:
(0) 900/6314 :        $engine.camera$asm9$min_ok:
(0) 901/631E :        $engine.camera$asm9$clamp:
(0) 902/6330 :        Parallax_Init:
(0) 903/633A :        $engine.parallax$Parallax_Init$zero:
(0) 904/635A :        Parallax_CheckBoundary:
(0) 905/637C :        $engine.parallax$Parallax_CheckBoundary$crossed:
(0) 906/6394 :        $engine.parallax$Parallax_CheckBoundary$no_crossing:
(0) 907/6396 :        Parallax_StartTransition:
(0) 908/63A8 :        $engine.parallax$Parallax_StartTransition$cap_transitions_stage_begin:
(0) 909/63BA :        $engine.parallax$Parallax_StartTransition$cap_transitions_stage_end:
(0) 910/63BA :        $engine.parallax$Parallax_StartTransition$instant:
(0) 911/63D2 :        $engine.parallax$Parallax_StartTransition$update_mode:
(0) 912/63D4 :        $engine.parallax$Parallax_StartTransition$cap_per_col_vsram_mode_begin:
(0) 913/63DE :        $engine.parallax$Parallax_StartTransition$cap_per_col_vsram_mode_end:
(0) 914/63DE :        $engine.parallax$Parallax_StartTransition$v_done:
(0) 915/63E2 :        $engine.parallax$Parallax_StartTransition$no_change:
(0) 916/63E4 :        $engine.parallax$Parallax_StartTransition$recross_current:
(0) 917/6400 :        $engine.parallax$Parallax_Active_Config$cap_transitions_select_begin:
(0) 918/6400 :        Parallax_Active_Config:
(0) 919/640C :        $engine.parallax$Parallax_Active_Config$use_target:
(0) 920/6412 :        $engine.parallax$Parallax_Active_Config$cap_transitions_select_end:
(0) 921/6412 :        Vscroll_Write:
(0) 922/6422 :        $engine.parallax$Vscroll_Write$cap_per_col_vsram_emit_begin:
(0) 923/6480 :        $engine.parallax$Vscroll_Write$cap_per_col_vsram_emit_end:
(0) 924/6480 :        $engine.parallax$Vscroll_Write$whole_plane:
(0) 925/6488 :        Parallax_Update:
(0) 926/64A6 :        $engine.parallax$Parallax_Update$use_target:
(0) 927/64AC :        $engine.parallax$Parallax_Update$use_current:
(0) 928/64B0 :        $engine.parallax$Parallax_Update$config_resolved:
(0) 929/64C2 :        $engine.parallax$Parallax_Update$mode3_shadow:
(0) 930/64E4 :        $engine.parallax$asm7$wait_z80:
(0) 931/6504 :        $engine.parallax$Parallax_Update$mode3_reg_live:
(0) 932/652A :        $engine.parallax$Parallax_Update$band_loop:
(0) 933/6558 :        $engine.parallax$Parallax_Update$snap_b:
(0) 934/655A :        $engine.parallax$Parallax_Update$write_b:
(0) 935/6560 :        $engine.parallax$Parallax_Update$band_disabled:
(0) 936/6564 :        $engine.parallax$Parallax_Update$band_done:
(0) 937/657C :        $engine.parallax$Parallax_Update$no_config:
(0) 938/657E :        Parallax_Step4_Fill:
(0) 939/6592 :        $engine.parallax$Parallax_Step4_Fill$find_k:
(0) 940/65A6 :        $engine.parallax$Parallax_Step4_Fill$found_k:
(0) 941/65BA :        $engine.parallax$Parallax_Step4_Fill$copy_band:
(0) 942/65E4 :        $engine.parallax$Parallax_Step4_Fill$not_first:
(0) 943/65EC :        $engine.parallax$Parallax_Step4_Fill$clamp_top:
(0) 944/65F6 :        $engine.parallax$Parallax_Step4_Fill$write_top:
(0) 945/6616 :        $engine.parallax$Parallax_Step4_Fill$no_wrap:
(0) 946/661A :        $engine.parallax$Parallax_Step4_Fill$cap_factor_curve_hoist_begin:
(0) 947/662E :        $engine.parallax$Parallax_Step4_Fill$curve_band:
(0) 948/6642 :        $engine.parallax$Parallax_Step4_Fill$curve_have_end:
(0) 949/6676 :        $engine.parallax$Parallax_Step4_Fill$curve_to_sub:
(0) 950/6678 :        $engine.parallax$Parallax_Step4_Fill$curve_to_negate:
(0) 951/667C :        $engine.parallax$Parallax_Step4_Fill$curve_to_zero:
(0) 952/667E :        $engine.parallax$Parallax_Step4_Fill$curve_spread:
(0) 953/6690 :        $engine.parallax$Parallax_Step4_Fill$curve_rem_ok:
(0) 954/6698 :        $engine.parallax$Parallax_Step4_Fill$curve_next:
(0) 955/66A4 :        $engine.parallax$Parallax_Step4_Fill$cap_factor_curve_hoist_end:
(0) 956/66B0 :        $engine.parallax$Parallax_Step4_Fill$cap_anchors_overlay_begin:
(0) 957/66EE :        $engine.parallax$Parallax_Step4_Fill$anchor_hi_ok:
(0) 958/66F4 :        $engine.parallax$Parallax_Step4_Fill$anchor_unclamped:
(0) 959/66FA :        $engine.parallax$Parallax_Step4_Fill$anchor_top:
(0) 960/66FC :        $engine.parallax$Parallax_Step4_Fill$anchor_nonneg:
(0) 961/6714 :        $engine.parallax$Parallax_Step4_Fill$anchor_find_k:
(0) 962/6726 :        $engine.parallax$Parallax_Step4_Fill$anchor_have_k:
(0) 963/6740 :        $engine.parallax$Parallax_Step4_Fill$anchor_shift_band:
(0) 964/676E :        $engine.parallax$Parallax_Step4_Fill$anchor_shift_scroll:
(0) 965/677A :        $engine.parallax$Parallax_Step4_Fill$anchor_no_shift:
(0) 966/67D2 :        $engine.parallax$Parallax_Step4_Fill$anchor_shift_write:
(0) 967/67F6 :        $engine.parallax$Parallax_Step4_Fill$cap_factor_curve_split_begin:
(0) 968/67FC :        $engine.parallax$Parallax_Step4_Fill$bands_ready:
(0) 969/67FC :        $engine.parallax$Parallax_Step4_Fill$cap_anchors_overlay_end:
(0) 970/67FC :        $engine.parallax$Parallax_Step4_Fill$cap_factor_curve_split_end:
(0) 971/6814 :        Parallax_Step5_Vscroll:
(0) 972/6838 :        $engine.parallax$Parallax_Step5_Vscroll$cap_transitions_lerp_begin:
(0) 973/684A :        $engine.parallax$Parallax_Step5_Vscroll$cap_transitions_lerp_end:
(0) 974/684A :        $engine.parallax$Parallax_Step5_Vscroll$v_snap:
(0) 975/684E :        $engine.parallax$Parallax_Step5_Vscroll$v_locked:
(0) 976/6852 :        $engine.parallax$Parallax_Step5_Vscroll$v_pack:
(0) 977/685A :        $engine.parallax$Parallax_Step5_Vscroll$v_clamp_hi:
(0) 978/6864 :        $engine.parallax$Parallax_Step5_Vscroll$v_pack_store:
(0) 979/6870 :        $engine.parallax$Parallax_Step5_Vscroll$cap_per_col_vsram_fill_begin:
(0) 980/689C :        $engine.parallax$Parallax_Step5_Vscroll$col:
(0) 981/68B6 :        $engine.parallax$Parallax_Step5_Vscroll$cap_per_col_vsram_fill_end:
(0) 982/68B6 :        $engine.parallax$Parallax_Step5_Vscroll$v_done:
(0) 983/68BA :        Decode_Factor_A:
(0) 984/68E8 :        $engine.parallax$Decode_Factor_A$a_sub:
(0) 985/68EA :        $engine.parallax$Decode_Factor_A$a_pop_d3:
(0) 986/68EC :        $engine.parallax$Decode_Factor_A$negate:
(0) 987/68F0 :        $engine.parallax$Decode_Factor_A$locked:
(0) 988/68F4 :        Decode_Factor_B:
(0) 989/6922 :        $engine.parallax$Decode_Factor_B$b_sub:
(0) 990/6924 :        $engine.parallax$Decode_Factor_B$b_pop_d3:
(0) 991/6926 :        $engine.parallax$Decode_Factor_B$negate:
(0) 992/692A :        $engine.parallax$Decode_Factor_B$locked:
(0) 993/692E :        Parallax_Fill_PerLine:
(0) 994/6936 :        $engine.parallax$Parallax_Fill_PerLine$cap_deform_tables_begin:
(0) 995/693E :        $engine.parallax$Parallax_Fill_PerLine$cap_deform_tables_end:
(0) 996/6940 :        $engine.parallax$Parallax_Fill_PerLine$next_band:
(0) 997/694C :        $engine.parallax$Parallax_Fill_PerLine$have_end:
(0) 998/6952 :        $engine.parallax$Parallax_Fill_PerLine$cap_factor_curve_band_begin:
(0) 999/6968 :        $engine.parallax$Parallax_Fill_PerLine$curve_continue:
(0) 1000/6970 :        $engine.parallax$Parallax_Fill_PerLine$curve_seeded:
(0) 1001/6998 :        $engine.parallax$Parallax_Fill_PerLine$lp_curve:
(0) 1002/69A8 :        $engine.parallax$Parallax_Fill_PerLine$lc_next:
(0) 1003/69B8 :        $engine.parallax$Parallax_Fill_PerLine$cap_deform_sample_begin:
(0) 1004/69B8 :        $engine.parallax$Parallax_Fill_PerLine$cap_factor_curve_band_end:
(0) 1005/69B8 :        $engine.parallax$Parallax_Fill_PerLine$curve_band_done:
(0) 1006/6A08 :        $engine.parallax$Parallax_Fill_PerLine$fg_inactive:
(0) 1007/6A32 :        $engine.parallax$Parallax_Fill_PerLine$lp_both:
(0) 1008/6A38 :        $engine.parallax$Parallax_Fill_PerLine$lb_line:
(0) 1009/6A72 :        $engine.parallax$Parallax_Fill_PerLine$band_fg_only:
(0) 1010/6A9E :        $engine.parallax$Parallax_Fill_PerLine$lf_run:
(0) 1011/6AAC :        $engine.parallax$Parallax_Fill_PerLine$lf_grp:
(0) 1012/6B10 :        $engine.parallax$Parallax_Fill_PerLine$lf_tail:
(0) 1013/6B16 :        $engine.parallax$Parallax_Fill_PerLine$lf_rem:
(0) 1014/6B26 :        $engine.parallax$Parallax_Fill_PerLine$lf_after:
(0) 1015/6B38 :        $engine.parallax$Parallax_Fill_PerLine$lp_bg:
(0) 1016/6B62 :        $engine.parallax$Parallax_Fill_PerLine$lg_run:
(0) 1017/6B70 :        $engine.parallax$Parallax_Fill_PerLine$lg_grp:
(0) 1018/6BD4 :        $engine.parallax$Parallax_Fill_PerLine$lg_tail:
(0) 1019/6BDA :        $engine.parallax$Parallax_Fill_PerLine$lg_rem:
(0) 1020/6BEA :        $engine.parallax$Parallax_Fill_PerLine$lg_after:
(0) 1021/6BFA :        $engine.parallax$Parallax_Fill_PerLine$cap_deform_sample_end:
(0) 1022/6BFA :        $engine.parallax$Parallax_Fill_PerLine$lp_flat:
(0) 1023/6C0E :        $engine.parallax$Parallax_Fill_PerLine$fl_line:
(0) 1024/6C22 :        $engine.parallax$Parallax_Fill_PerLine$fl_tail:
(0) 1025/6C28 :        $engine.parallax$Parallax_Fill_PerLine$fl_rem:
(0) 1026/6C2E :        $engine.parallax$Parallax_Fill_PerLine$band_done:
(0) 1027/6C46 :        Raster_Install:
(0) 1028/6C4C :        Raster_VBlank:
(0) 1029/6C70 :        $engine.effects.raster$Raster_VBlank$copy_program:
(0) 1030/6C88 :        $engine.effects.raster$Raster_VBlank$copy:
(0) 1031/6C8E :        $engine.effects.raster$Raster_VBlank$no_install:
(0) 1032/6CB4 :        $engine.effects.raster$Raster_VBlank$done:
(0) 1033/6CB6 :        Raster_HInt:
(0) 1034/6CE2 :        $engine.effects.raster$Raster_HInt$op_loop:
(0) 1035/6D06 :        $engine.effects.raster$Raster_HInt$op_reg:
(0) 1036/6D0E :        $engine.effects.raster$Raster_HInt$op_cram:
(0) 1037/6D12 :        $engine.effects.raster$Raster_HInt$cram_delay:
(0) 1038/6D18 :        $engine.effects.raster$Raster_HInt$cram_loop:
(0) 1039/6D26 :        $engine.effects.raster$Raster_HInt$op_region:
(0) 1040/6D2A :        $engine.effects.raster$Raster_HInt$region_delay:
(0) 1041/6D36 :        $engine.effects.raster$Raster_HInt$region_loop:
(0) 1042/6D4C :        $engine.effects.raster$Raster_HInt$op_run_gradient:
(0) 1043/6D60 :        $engine.effects.raster$Raster_HInt$op_run_ramp:
(0) 1044/6D76 :        $engine.effects.raster$Raster_HInt$advance:
(0) 1045/6D7E :        $engine.effects.raster$Raster_HInt$priming:
(0) 1046/6D8E :        $engine.effects.raster$Raster_HInt$op_pal_restore:
(0) 1047/6D92 :        $engine.effects.raster$Raster_HInt$restore_delay:
(0) 1048/6D9E :        $engine.effects.raster$Raster_HInt$restore_loop:
(0) 1049/6DB4 :        $engine.effects.raster$Raster_HInt$dense_body:
(0) 1050/6DDA :        $engine.effects.raster$Raster_HInt$ramp_body:
(0) 1051/6DFA :        $engine.effects.raster$Raster_HInt$dense_end:
(0) 1052/6DFE :        $engine.effects.raster$Raster_HInt$park:
(0) 1053/6E02 :        $engine.effects.raster$Raster_HInt$out:
(0) 1054/6E08 :        Raster_Program_None:
(0) 1055/6E0E :        Raster_InstallPatched:
(0) 1056/6E34 :        $engine.effects.raster$Raster_InstallPatched$no_ship:
(0) 1057/6E36 :        $engine.effects.raster$Raster_InstallPatched$ship_done:
(0) 1058/6E52 :        $engine.effects.raster$Raster_InstallPatched$no_build:
(0) 1059/6E58 :        Raster_BuildShipEntry:
(0) 1060/6E94 :        Raster_BuildSchedule:
(0) 1061/6EB0 :        $engine.effects.raster$Raster_BuildSchedule$dst_ready:
(0) 1062/6EC8 :        $engine.effects.raster$Raster_BuildSchedule$entry:
(0) 1063/6EE8 :        $engine.effects.raster$Raster_BuildSchedule$have_line:
(0) 1064/6F12 :        $engine.effects.raster$Raster_BuildSchedule$copy:
(0) 1065/6F18 :        $engine.effects.raster$Raster_BuildSchedule$next:
(0) 1066/6F44 :        $engine.effects.raster$Raster_BuildSchedule$swap:
(0) 1067/6F48 :        $engine.effects.raster$Raster_BuildSchedule$none:
(0) 1068/6F4A :        $engine.effects.raster$Raster_BuildSchedule$suppress:
(0) 1069/6F4E :        $engine.effects.raster$Raster_GetChannelBand$cap_anchors_band_begin:
(0) 1070/6F4E :        Raster_GetChannelBand:
(0) 1071/6F64 :        $engine.effects.raster$Raster_GetChannelBand$entry:
(0) 1072/6F70 :        $engine.effects.raster$Raster_GetChannelBand$none:
(0) 1073/6F78 :        $engine.effects.raster$Raster_GetChannelBand$found:
(0) 1074/6F80 :        $engine.effects.raster$Raster_GetChannelBand$cap_anchors_band_end:
(0) 1075/6F80 :        Effects_LatchWorldLines:
(0) 1076/6F8E :        $engine.effects.raster$Effects_LatchWorldLines$ch:
(0) 1077/6F9A :        Effects_SetWorldY:
(0) 1078/6FAA :        Palette_LoadPal:
(0) 1079/6FB6 :        $engine.effects.palette$Palette_LoadPal$copy_base:
(0) 1080/6FD0 :        $engine.effects.palette$Palette_LoadPal$load_target:
(0) 1081/6FDA :        $engine.effects.palette$Palette_LoadPal$copy_target:
(0) 1082/6FEE :        Palette_ArmFade:
(0) 1083/6FF6 :        Palette_SetOp:
(0) 1084/700C :        Palette_SetVariant:
(0) 1085/7032 :        $engine.effects.palette$Palette_SetVariant$none:
(0) 1086/7034 :        Palette_LoadCycle:
(0) 1087/7056 :        $engine.effects.palette$Palette_LoadCycle$zero:
(0) 1088/705C :        $engine.effects.palette$Palette_LoadCycle$done:
(0) 1089/705E :        Palette_Compose:
(0) 1090/7066 :        $engine.effects.palette$Palette_Compose$work:
(0) 1091/7086 :        $engine.effects.palette$Palette_Compose$base_copy:
(0) 1092/7094 :        $engine.effects.palette$Palette_Compose$cycling:
(0) 1093/709E :        $engine.effects.palette$Palette_Compose$fade:
(0) 1094/70A8 :        $engine.effects.palette$Palette_Compose$operators:
(0) 1095/70B2 :        $engine.effects.palette$Palette_Compose$variants:
(0) 1096/70CC :        $engine.effects.palette$Palette_Compose$done:
(0) 1097/70CE :        Palette_DoCycle:
(0) 1098/70E0 :        $engine.effects.palette$Palette_DoCycle$chan:
(0) 1099/70FC :        $engine.effects.palette$Palette_DoCycle$wait:
(0) 1100/7100 :        $engine.effects.palette$Palette_DoCycle$next:
(0) 1101/7106 :        $engine.effects.palette$Palette_DoCycle$ret:
(0) 1102/7114 :        $engine.effects.palette$Palette_DoCycle$ret_quiet:
(0) 1103/7116 :        Palette_RotateSpan:
(0) 1104/7144 :        $engine.effects.palette$Palette_RotateSpan$fwd:
(0) 1105/7150 :        $engine.effects.palette$Palette_RotateSpan$rev:
(0) 1106/7158 :        $engine.effects.palette$Palette_RotateSpan$rup:
(0) 1107/7162 :        $engine.effects.palette$Palette_RotateSpan$done:
(0) 1108/7164 :        Palette_DoFade:
(0) 1109/7178 :        $engine.effects.palette$Palette_DoFade$snap:
(0) 1110/7198 :        $engine.effects.palette$Palette_DoFade$step_frame:
(0) 1111/71A2 :        $engine.effects.palette$Palette_DoFade$noskip:
(0) 1112/71AE :        $engine.effects.palette$Palette_DoFade$word:
(0) 1113/71CE :        $engine.effects.palette$asm10$st_up:
(0) 1114/71D0 :        $engine.effects.palette$asm10$st_end:
(0) 1115/71EE :        $engine.effects.palette$asm11$st_up:
(0) 1116/71F0 :        $engine.effects.palette$asm11$st_end:
(0) 1117/7212 :        $engine.effects.palette$asm12$st_up:
(0) 1118/7214 :        $engine.effects.palette$asm12$st_end:
(0) 1119/722E :        Palette_DoOperator:
(0) 1120/725E :        $engine.effects.palette$Palette_DoOperator$neg_xor:
(0) 1121/7272 :        $engine.effects.palette$Palette_DoOperator$neg_tick:
(0) 1122/727E :        $engine.effects.palette$Palette_DoOperator$fade_dir:
(0) 1123/7296 :        $engine.effects.palette$Palette_DoOperator$have_tgt:
(0) 1124/729E :        $engine.effects.palette$Palette_DoOperator$fw_word:
(0) 1125/72B6 :        $engine.effects.palette$asm16$st_up:
(0) 1126/72B8 :        $engine.effects.palette$asm16$st_end:
(0) 1127/72D0 :        $engine.effects.palette$asm17$st_up:
(0) 1128/72D2 :        $engine.effects.palette$asm17$st_end:
(0) 1129/72EC :        $engine.effects.palette$asm18$st_up:
(0) 1130/72EE :        $engine.effects.palette$asm18$st_end:
(0) 1131/7318 :        $engine.effects.palette$Palette_DoOperator$ret:
(0) 1132/731A :        $engine.effects.palette$Palette_DoOperator$white_flash:
(0) 1133/7322 :        $engine.effects.palette$Palette_DoOperator$wf_fill:
(0) 1134/733C :        $engine.effects.palette$Palette_DoOperator$op_done_restore:
(0) 1135/735C :        Palette_DoVariants:
(0) 1136/736A :        $engine.effects.palette$Palette_DoVariants$slot1:
(0) 1137/7378 :        $engine.effects.palette$Palette_DoVariants$ret:
(0) 1138/737A :        Palette_DeriveVariant:
(0) 1139/7380 :        $engine.effects.palette$Palette_DeriveVariant$line:
(0) 1140/7396 :        $engine.effects.palette$Palette_DeriveVariant$entry:
(0) 1141/73B6 :        $engine.effects.palette$asm23$cl_pos:
(0) 1142/73BE :        $engine.effects.palette$asm23$cl_end:
(0) 1143/73E0 :        $engine.effects.palette$asm24$cl_pos:
(0) 1144/73E8 :        $engine.effects.palette$asm24$cl_end:
(0) 1145/740C :        $engine.effects.palette$asm25$cl_pos:
(0) 1146/7414 :        $engine.effects.palette$asm25$cl_end:
(0) 1147/7420 :        $engine.effects.palette$Palette_DeriveVariant$next_line:
(0) 1148/742C :        Pal_Cycle_None:
(0) 1149/742E :        Effects_ResolveParallax:
(0) 1150/743A :        $engine.effects.preset$Effects_ResolveParallax$no_sec_binding:
(0) 1151/744E :        $engine.effects.preset$Effects_ResolveParallax$act_default:
(0) 1152/7456 :        $engine.effects.preset$Effects_ResolveParallax$have_config:
(0) 1153/7458 :        Effects_InstallPreset:
(0) 1154/7470 :        $engine.effects.preset$Effects_InstallPreset$seed_anchor:
(0) 1155/7484 :        $engine.effects.preset$Effects_InstallPreset$no_fade_arm:
(0) 1156/74A4 :        $engine.effects.preset$Effects_InstallPreset$variant0_same:
(0) 1157/74B6 :        $engine.effects.preset$Effects_InstallPreset$variant1_same:
(0) 1158/74C6 :        $engine.effects.preset$Effects_InstallPreset$no_patch:
(0) 1159/74D4 :        $engine.effects.preset$Effects_InstallPreset$have_raster:
(0) 1160/74D8 :        $engine.effects.preset$Effects_InstallPreset$raster_done:
(0) 1161/74F0 :        Level_LoadArt:
(0) 1162/751C :        $engine.load_art$Level_LoadArt$streaming_pool:
(0) 1163/7536 :        $engine.load_art$Level_LoadArt$enq_loop:
(0) 1164/754A :        $engine.load_art$Level_LoadArt$enq_next:
(0) 1165/754E :        $engine.load_art$Level_LoadArt$drain_wait:
(0) 1166/7578 :        $engine.load_art$Level_LoadArt$bg:
(0) 1167/7592 :        $engine.load_art$Level_LoadArt$direct_scan:
(0) 1168/759C :        $engine.load_art$Level_LoadArt$direct_ok:
(0) 1169/75A0 :        $engine.load_art$Level_LoadArt$no_direct:
(0) 1170/75A8 :        PageIn_Process:
(0) 1171/75D4 :        $engine.page_in$PageIn_Process$lag_ontime:
(0) 1172/75DC :        $engine.page_in$PageIn_Process$frame_ticked:
(0) 1173/761C :        $engine.page_in$PageIn_Process$gate_reset:
(0) 1174/7620 :        $engine.page_in$PageIn_Process$start:
(0) 1175/7632 :        $engine.page_in$PageIn_Process$page_id_ok:
(0) 1176/768A :        $engine.page_in$PageIn_Process$raw:
(0) 1177/76AA :        $engine.page_in$PageIn_Process$raw_published:
(0) 1178/76B6 :        $engine.page_in$PageIn_Process$alloc_fail:
(0) 1179/76C2 :        $engine.page_in$PageIn_Process$idle:
(0) 1180/76C4 :        $engine.page_in$PageIn_Process$drop_degenerate:
(0) 1181/76C8 :        $engine.page_in$PageIn_Process$release_claim:
(0) 1182/76E0 :        $engine.page_in$PageIn_Process$claim_done:
(0) 1183/76E2 :        $engine.page_in$PageIn_Process$resume:
(0) 1184/76E6 :        $engine.page_in$PageIn_Process$after:
(0) 1185/76EA :        $engine.page_in$PageIn_Process$land:
(0) 1186/770A :        $engine.page_in$PageIn_Process$land_full:
(0) 1187/7710 :        $engine.page_in$PageIn_Process$queue_has_nonspec:
(0) 1188/771C :        $engine.page_in$PageIn_Process$qn_scan:
(0) 1189/7730 :        $engine.page_in$PageIn_Process$qn_found:
(0) 1190/7734 :        $engine.page_in$PageIn_Process$dequeue:
(0) 1191/7740 :        $engine.page_in$PageIn_Process$dq_scan:
(0) 1192/775A :        $engine.page_in$PageIn_Process$dq_found:
(0) 1193/7770 :        $engine.page_in$PageIn_Process$dq_shift:
(0) 1194/7776 :        $engine.page_in$PageIn_Process$dq_done:
(0) 1195/777C :        PageIn_BankRegs:
(0) 1196/77A2 :        PageIn_Resume:
(0) 1197/77CC :        PageIn_EnqueueLanding:
(0) 1198/77FA :        $engine.page_in$PageIn_EnqueueLanding$art_deferred:
(0) 1199/7800 :        $engine.page_in$PageIn_EnqueueLanding$dropped:
(0) 1200/7806 :        PageIn_Enqueue:
(0) 1201/783E :        $engine.page_in$PageIn_Enqueue$full:
(0) 1202/7844 :        PageIn_Flush:
(0) 1203/7894 :        PageCache_Init:
(0) 1204/78A8 :        $engine.page_cache$PageCache_Init$clr_table:
(0) 1205/78BA :        $engine.page_cache$PageCache_Init$clr_queued:
(0) 1206/78CC :        $engine.page_cache$PageCache_Init$init_frames:
(0) 1207/78F8 :        PageCache_Request:
(0) 1208/7900 :        $engine.page_cache$PageCache_Request$in_range:
(0) 1209/7928 :        $engine.page_cache$PageCache_Request$not_inflight:
(0) 1210/7942 :        $engine.page_cache$PageCache_Request$done:
(0) 1211/7944 :        PageCache_AllocFrame:
(0) 1212/7962 :        $engine.page_cache$PageCache_AllocFrame$from_lru:
(0) 1213/7972 :        $engine.page_cache$PageCache_AllocFrame$ev_scan:
(0) 1214/798A :        $engine.page_cache$PageCache_AllocFrame$ev_next:
(0) 1215/79C6 :        $engine.page_cache$PageCache_AllocFrame$detach:
(0) 1216/79E0 :        $engine.page_cache$PageCache_AllocFrame$thrash:
(0) 1217/79E6 :        PageCache_FreeFrame:
(0) 1218/7A00 :        PageCache_Publish:
(0) 1219/7A52 :        $engine.page_cache$PageCache_Publish$not_pinned:
(0) 1220/7A6C :        $engine.page_cache$PageCache_Publish$done:
(0) 1221/7A6E :        PageCache_PatchRun_Seq:
(0) 1222/7A90 :        $engine.page_cache$asm6$pw_new_blank:
(0) 1223/7A9E :        $engine.page_cache$asm6$pw_miss:
(0) 1224/7ABA :        $engine.page_cache$asm6$pw_word:
(0) 1225/7B06 :        $engine.page_cache$asm6$pw_ref_done:
(0) 1226/7B0C :        $engine.page_cache$asm6$pw_unref_old:
(0) 1227/7B2C :        $engine.page_cache$asm6$pw_next:
(0) 1228/7B3E :        $engine.page_cache$PageCache_PatchRun_Seq$direct:
(0) 1229/7B42 :        $engine.page_cache$asm8$pd_blank:
(0) 1230/7B46 :        $engine.page_cache$asm8$pd_word:
(0) 1231/7B60 :        $engine.page_cache$asm8$pd_next:
(0) 1232/7B72 :        PageCache_PatchRun_Col:
(0) 1233/7B94 :        $engine.page_cache$asm10$pw_new_blank:
(0) 1234/7BA2 :        $engine.page_cache$asm10$pw_miss:
(0) 1235/7BBE :        $engine.page_cache$asm10$pw_word:
(0) 1236/7C0A :        $engine.page_cache$asm10$pw_ref_done:
(0) 1237/7C10 :        $engine.page_cache$asm10$pw_unref_old:
(0) 1238/7C30 :        $engine.page_cache$asm10$pw_next:
(0) 1239/7C42 :        $engine.page_cache$PageCache_PatchRun_Col$direct:
(0) 1240/7C46 :        $engine.page_cache$asm12$pd_blank:
(0) 1241/7C4A :        $engine.page_cache$asm12$pd_word:
(0) 1242/7C64 :        $engine.page_cache$asm12$pd_next:
(0) 1243/7C76 :        PageCache_Prefetch:
(0) 1244/7CB8 :        $engine.page_cache$PageCache_Prefetch$row_scan:
(0) 1245/7CDC :        $engine.page_cache$PageCache_Prefetch$row_next:
(0) 1246/7CE2 :        $engine.page_cache$PageCache_Prefetch$col_strip:
(0) 1247/7CFE :        $engine.page_cache$PageCache_Prefetch$col_scan:
(0) 1248/7D24 :        $engine.page_cache$PageCache_Prefetch$col_next:
(0) 1249/7D2A :        $engine.page_cache$PageCache_Prefetch$strips_done:
(0) 1250/7D2E :        $engine.page_cache$PageCache_Prefetch$ret:
(0) 1251/7D30 :        $engine.page_cache$PageCache_Prefetch$scan_block:
(0) 1252/7D3A :        $engine.page_cache$PageCache_Prefetch$sb_loop:
(0) 1253/7D70 :        $engine.page_cache$PageCache_Prefetch$sb_next:
(0) 1254/7D74 :        $engine.page_cache$PageCache_Prefetch$sb_done:
(0) 1255/7D76 :        PageCache_Audit:
(0) 1256/7D76 :        PageCache_ResetRefcounts:
(0) 1257/7D80 :        BG_Init:
(0) 1258/7DA4 :        $engine.bg$BG_Init$bg_len_ok:
(0) 1259/7DB2 :        $engine.bg$asm1$wait_z80:
(0) 1260/7DD4 :        $engine.bg$BG_Init$tile_copy:
(0) 1261/7DE2 :        $engine.bg$BG_Init$skip_tiles:
(0) 1262/7DF4 :        $engine.bg$asm3$wait_z80:
(0) 1263/7E0E :        $engine.bg$BG_Init$nt_col:
(0) 1264/7E2E :        $engine.bg$BG_Init$nt_row:
(0) 1265/7E4C :        $engine.bg$BG_Init$skip_nt:
(0) 1266/7E60 :        BgAnim_Init:
(0) 1267/7E6C :        BgAnim_Update:
(0) 1268/7E80 :        $engine.bg_anim$BgAnim_Update$band_loop:
(0) 1269/7E8E :        $engine.bg_anim$BgAnim_Update$cam_x:
(0) 1270/7E94 :        $engine.bg_anim$BgAnim_Update$cam_y:
(0) 1271/7E98 :        $engine.bg_anim$BgAnim_Update$have_value:
(0) 1272/7EE4 :        $engine.bg_anim$BgAnim_Update$commit:
(0) 1273/7EE8 :        $engine.bg_anim$BgAnim_Update$queue_full:
(0) 1274/7EEC :        $engine.bg_anim$BgAnim_Update$skip_band:
(0) 1275/7EEE :        $engine.bg_anim$BgAnim_Update$next_band:
(0) 1276/7EF8 :        $engine.bg_anim$BgAnim_Update$exit:
(0) 1277/7EFE :        Sound_PostByte:
(0) 1278/7F0C :        $engine.sound_api$asm2$wait_z80:
(0) 1279/7F24 :        Sound_Init:
(0) 1280/7F26 :        $engine.sound_api$Sound_Init$wait_alive:
(0) 1281/7F32 :        $engine.sound_api$asm6$wait_z80:
(0) 1282/7F54 :        Sound_Ping:
(0) 1283/7F5C :        Sound_PlaySample:
(0) 1284/7F64 :        $engine.sound_api$Sound_PlayMusic$await_slot:
(0) 1285/7F64 :        Sound_PlayMusic:
(0) 1286/7F6C :        $engine.sound_api$asm11$wait_z80:
(0) 1287/7FE0 :        $engine.sound_api$asm17$wait_z80:
(0) 1288/8000 :        SoundTablesZ80_Head:
(0) 1289/8024 :        Sound_PlaySFX:
(0) 1290/804E :        $engine.sound_api$Sound_PlaySFX$ps_checkfull:
(0) 1291/8064 :        $engine.sound_api$Sound_PlaySFX$ps_drop:
(0) 1292/8068 :        $engine.sound_api$Sound_PlaySFX$ps_ret:
(0) 1293/806A :        Sound_DrainSfxRing:
(0) 1294/8084 :        $engine.sound_api$asm22$wait_z80:
(0) 1295/80AE :        $engine.sound_api$Sound_DrainSfxRing$dr_done:
(0) 1296/80B8 :        $engine.sound_api$Sound_DrainSfxRing$dr_ret:
(0) 1297/80BA :        Sound_PlayRing:
(0) 1298/80CE :        $engine.sound_api$Sound_PlayRing$left:
(0) 1299/80D4 :        Sound_StopMusic:
(0) 1300/80E2 :        Sound_SetTempo:
(0) 1301/80EC :        Sound_FadeOut:
(0) 1302/80FA :        Sound_FadeIn:
(0) 1303/8108 :        Sound_FadeCmd:
(0) 1304/8112 :        Sound_Pause:
(0) 1305/811E :        Sound_Unpause:
(0) 1306/812A :        Sound_PauseAll:
(0) 1307/8136 :        Sound_UnpauseAll:
(0) 1308/8142 :        Sound_PlayJingle:
(0) 1309/814C :        Sound_FadeOutStop:
(0) 1310/815A :        Sound_FadeOutPause:
(0) 1311/8168 :        Sound_ReadStat:
(0) 1312/8176 :        $engine.sound_api$asm39$wait_z80:
(0) 1313/818E :        Sound_IsMusicPlaying:
(0) 1314/8196 :        Sound_IsFading:
(0) 1315/819E :        Sound_GetComm:
(0) 1316/8357 :        MovingTrucks_PitchTable:
(0) 1317/8357 :        SndDefaultPitchTable:
(0) 1318/845F :        SfxBlobWinTab:
(0) 1319/8571 :        SeqOpcodeTable:
(0) 1320/85B1 :        DacSampleTable:
(0) 1321/10000 :        ObjCodeBase:
(0) 1322/10002 :        Player_Init:
(0) 1323/1008E :        $games.sonic4.player_common$asm3$blk_resolved:
(0) 1324/100A0 :        Player_RefreshPhysics:
(0) 1325/100D0 :        $games.sonic4.player_common$Player_RefreshPhysics$pal_copy:
(0) 1326/100DC :        $games.sonic4.player_common$Player_RefreshPhysics$no_pal:
(0) 1327/100DE :        Player_Main:
(0) 1328/100FC :        $games.sonic4.player_common$Player_Main$toggle_exit:
(0) 1329/10100 :        $games.sonic4.player_common$Player_Main$no_toggle:
(0) 1330/10116 :        $games.sonic4.player_common$asm8$blk_resolved:
(0) 1331/1013C :        $games.sonic4.player_common$Player_Main$latch:
(0) 1332/10144 :        $games.sonic4.player_common$Player_Main$no_latch:
(0) 1333/1014E :        $games.sonic4.player_common$Player_Main$buffer_done:
(0) 1334/1019E :        $games.sonic4.player_common$Player_Main$rings_done:
(0) 1335/1019E :        Player_Display:
(0) 1336/101B0 :        Player_ApplyTilt:
(0) 1337/101C6 :        $games.sonic4.player_common$Player_ApplyTilt$biased:
(0) 1338/101D2 :        $games.sonic4.player_common$Player_ApplyTilt$faced:
(0) 1339/101DA :        $games.sonic4.player_common$Player_ApplyTilt$flip_ready:
(0) 1340/10210 :        $games.sonic4.player_common$Player_ApplyTilt$run_stride:
(0) 1341/10212 :        $games.sonic4.player_common$Player_ApplyTilt$banked:
(0) 1342/1021C :        $games.sonic4.player_common$Player_ApplyTilt$done:
(0) 1343/1021E :        Glide_Pose_Table8:
(0) 1344/10226 :        Player_Animate:
(0) 1345/1022E :        $games.sonic4.player_common$asm12$abs:
(0) 1346/10238 :        $games.sonic4.player_common$Player_Animate$hold_ok:
(0) 1347/10252 :        $games.sonic4.player_common$Player_Animate$not_spindash:
(0) 1348/10266 :        $games.sonic4.player_common$Player_Animate$fly_tired:
(0) 1349/1026E :        $games.sonic4.player_common$Player_Animate$not_fly:
(0) 1350/1029E :        $games.sonic4.player_common$Player_Animate$glide_face_set:
(0) 1351/102A8 :        $games.sonic4.player_common$Player_Animate$not_glide:
(0) 1352/102B6 :        $games.sonic4.player_common$Player_Animate$not_glidefall:
(0) 1353/102C4 :        $games.sonic4.player_common$Player_Animate$not_slide:
(0) 1354/102D2 :        $games.sonic4.player_common$Player_Animate$not_climb:
(0) 1355/102E0 :        $games.sonic4.player_common$Player_Animate$not_ledge:
(0) 1356/102F0 :        $games.sonic4.player_common$asm13$abs:
(0) 1357/102FA :        $games.sonic4.player_common$Player_Animate$roll_hold_ok:
(0) 1358/10304 :        $games.sonic4.player_common$Player_Animate$uncurled:
(0) 1359/10324 :        $games.sonic4.player_common$Player_Animate$skid_left:
(0) 1360/1032A :        $games.sonic4.player_common$Player_Animate$skid_opposing:
(0) 1361/10338 :        $games.sonic4.player_common$asm14$abs:
(0) 1362/10346 :        $games.sonic4.player_common$Player_Animate$skid_show:
(0) 1363/10352 :        $games.sonic4.player_common$Player_Animate$not_skid:
(0) 1364/10352 :        $games.sonic4.player_common$Player_Animate$skid_drop:
(0) 1365/10362 :        $games.sonic4.player_common$Player_Animate$not_push:
(0) 1366/1037A :        $games.sonic4.player_common$Player_Animate$rest_input:
(0) 1367/1038A :        $games.sonic4.player_common$Player_Animate$not_duck:
(0) 1368/1039A :        $games.sonic4.player_common$Player_Animate$not_lookup:
(0) 1369/103A8 :        $games.sonic4.player_common$Player_Animate$idle:
(0) 1370/103B0 :        $games.sonic4.player_common$Player_Animate$walk_or_run:
(0) 1371/103B8 :        $games.sonic4.player_common$asm15$abs:
(0) 1372/103C6 :        $games.sonic4.player_common$Player_Animate$walk:
(0) 1373/103CE :        Player_States:
(0) 1374/103E8 :        Player_SetState:
(0) 1375/1040A :        PState_EnterHooks:
(0) 1376/10424 :        PState_ExitHooks:
(0) 1377/1043E :        PHook_Null:
(0) 1378/10440 :        PHook_GroundEnter:
(0) 1379/10454 :        PHook_AirEnter:
(0) 1380/1045E :        PHook_AirBallEnter:
(0) 1381/1046A :        PHook_RollEnter:
(0) 1382/1047A :        PHook_GlideEnter:
(0) 1383/10484 :        PHook_SlideEnter:
(0) 1384/1048E :        PHook_ClimbEnter:
(0) 1385/10498 :        PHook_SpindashEnter:
(0) 1386/104BA :        PHook_SpindashExit:
(0) 1387/104C0 :        PHook_EnsureStanding:
(0) 1388/104EA :        $games.sonic4.player_common$PHook_EnsureStanding$keep:
(0) 1389/104EC :        PHook_EnsureAbility:
(0) 1390/10506 :        $games.sonic4.player_common$PHook_EnsureAbility$keep:
(0) 1391/10508 :        PHook_EnsureBall:
(0) 1392/10534 :        $games.sonic4.player_common$PHook_EnsureBall$keep:
(0) 1393/10536 :        Player_SnapToSurface:
(0) 1394/1054C :        $games.sonic4.player_common$Player_SnapToSurface$down:
(0) 1395/10552 :        $games.sonic4.player_common$Player_SnapToSurface$left:
(0) 1396/10558 :        $games.sonic4.player_common$Player_SnapToSurface$up:
(0) 1397/1055E :        Player_BoundsInit:
(0) 1398/10584 :        Player_LevelBound:
(0) 1399/10598 :        $games.sonic4.player_common$Player_LevelBound$clamp_x:
(0) 1400/105A8 :        $games.sonic4.player_common$Player_LevelBound$x_done:
(0) 1401/105CE :        $games.sonic4.player_common$Player_LevelBound$edge_clamp:
(0) 1402/105DA :        $games.sonic4.player_common$Player_LevelBound$y_ok:
(0) 1403/105DC :        $games.sonic4.player_common$Player_LevelBound$edge_wrap:
(0) 1404/105DE :        $games.sonic4.player_common$Player_LevelBound$edge_kill:
(0) 1405/105E4 :        Player_DebugEnter:
(0) 1406/10618 :        Player_DebugExit:
(0) 1407/10650 :        Player_DebugMove:
(0) 1408/10662 :        $games.sonic4.player_common$Player_DebugMove$check_right:
(0) 1409/1066C :        $games.sonic4.player_common$Player_DebugMove$check_up:
(0) 1410/10676 :        $games.sonic4.player_common$Player_DebugMove$check_down:
(0) 1411/10680 :        $games.sonic4.player_common$Player_DebugMove$draw:
(0) 1412/10690 :        PState_Ground:
(0) 1413/106A6 :        $games.sonic4.player_ground$asm1$abs:
(0) 1414/106C4 :        $games.sonic4.player_ground$PState_Ground$no_spindash:
(0) 1415/106D6 :        $games.sonic4.player_ground$PState_Ground$no_jump:
(0) 1416/106F8 :        $games.sonic4.player_ground$asm2$abs:
(0) 1417/10700 :        $games.sonic4.player_ground$PState_Ground$slope_factor:
(0) 1418/10706 :        $games.sonic4.player_ground$PState_Ground$no_slope:
(0) 1419/10722 :        $games.sonic4.player_ground$asm3$abs:
(0) 1420/10736 :        Ground_PostMove:
(0) 1421/10750 :        $games.sonic4.player_ground$Ground_PostMove$lock_done:
(0) 1422/10752 :        $games.sonic4.player_ground$Ground_PostMove$terrain:
(0) 1423/10766 :        $games.sonic4.player_ground$Ground_PostMove$axis_sel:
(0) 1424/1076A :        $games.sonic4.player_ground$asm5$abs:
(0) 1425/10776 :        $games.sonic4.player_ground$Ground_PostMove$window_ok:
(0) 1426/10788 :        $games.sonic4.player_ground$Ground_PostMove$snap:
(0) 1427/10790 :        $games.sonic4.player_ground$Ground_PostMove$no_snap:
(0) 1428/10790 :        Player_SlopeRepel:
(0) 1429/1079E :        $games.sonic4.player_ground$Player_SlopeRepel$lock_idle:
(0) 1430/107BA :        $games.sonic4.player_ground$asm7$abs:
(0) 1431/107CC :        $games.sonic4.player_ground$Player_SlopeRepel$nudge:
(0) 1432/107E6 :        $games.sonic4.player_ground$Player_SlopeRepel$done:
(0) 1433/107E8 :        Ground_DetachState:
(0) 1434/107F4 :        $games.sonic4.player_ground$Ground_DetachState$set:
(0) 1435/107F8 :        PState_Roll:
(0) 1436/1080A :        $games.sonic4.player_ground$PState_Roll$no_jump:
(0) 1437/10834 :        $games.sonic4.player_ground$PState_Roll$gsp_neg:
(0) 1438/10838 :        $games.sonic4.player_ground$PState_Roll$uphill:
(0) 1439/1083A :        $games.sonic4.player_ground$PState_Roll$slope_apply:
(0) 1440/1083E :        $games.sonic4.player_ground$PState_Roll$no_slope:
(0) 1441/10858 :        $games.sonic4.player_ground$asm10$lr_masked:
(0) 1442/10872 :        $games.sonic4.player_ground$PState_Roll$brake_left:
(0) 1443/1087C :        $games.sonic4.player_ground$PState_Roll$moving_left:
(0) 1444/10890 :        $games.sonic4.player_ground$PState_Roll$brake_right:
(0) 1445/1089A :        $games.sonic4.player_ground$PState_Roll$friction:
(0) 1446/108AE :        $games.sonic4.player_ground$PState_Roll$fric_neg:
(0) 1447/108B4 :        $games.sonic4.player_ground$PState_Roll$unroll_check:
(0) 1448/108BE :        $games.sonic4.player_ground$asm11$abs:
(0) 1449/108E6 :        $games.sonic4.player_ground$PState_Roll$keep_rolling:
(0) 1450/108F2 :        $games.sonic4.player_ground$PState_Roll$shared_move:
(0) 1451/108FA :        Ground_Move:
(0) 1452/10914 :        $games.sonic4.player_ground$asm14$lr_masked:
(0) 1453/10920 :        $games.sonic4.player_ground$Ground_Move$friction:
(0) 1454/10932 :        $games.sonic4.player_ground$Ground_Move$friction_neg:
(0) 1455/1093A :        $games.sonic4.player_ground$Ground_Move$move_left:
(0) 1456/10948 :        $games.sonic4.player_ground$Ground_Move$accel_left:
(0) 1457/10962 :        $games.sonic4.player_ground$Ground_Move$move_right:
(0) 1458/10972 :        $games.sonic4.player_ground$Ground_Move$accel_right:
(0) 1459/10988 :        Ground_Move_Cap:
(0) 1460/10992 :        $games.sonic4.player_ground$Ground_Move_Cap$cap_pos_ok:
(0) 1461/1099C :        $games.sonic4.player_ground$Ground_Move_Cap$cap_neg_ok:
(0) 1462/109B2 :        $games.sonic4.player_ground$Ground_Move_Cap$project_slope:
(0) 1463/109CE :        $games.sonic4.player_ground$Ground_Move_Cap$wall_probe:
(0) 1464/109E6 :        $games.sonic4.player_ground$Ground_Move_Cap$gate_ok:
(0) 1465/109F2 :        $games.sonic4.player_ground$Ground_Move_Cap$dir_fwd:
(0) 1466/10A2C :        $games.sonic4.player_ground$Ground_Move_Cap$not_rolling:
(0) 1467/10A34 :        $games.sonic4.player_ground$Ground_Move_Cap$probe_y_set:
(0) 1468/10A42 :        $games.sonic4.player_ground$Ground_Move_Cap$off_right:
(0) 1469/10A48 :        $games.sonic4.player_ground$Ground_Move_Cap$off_vert:
(0) 1470/10A52 :        $games.sonic4.player_ground$Ground_Move_Cap$off_up:
(0) 1471/10A56 :        $games.sonic4.player_ground$Ground_Move_Cap$probe_go:
(0) 1472/10A60 :        $games.sonic4.player_ground$Ground_Move_Cap$clear_push:
(0) 1473/10A68 :        $games.sonic4.player_ground$Ground_Move_Cap$wall_hit:
(0) 1474/10A78 :        $games.sonic4.player_ground$Ground_Move_Cap$cancel_right:
(0) 1475/10A7E :        $games.sonic4.player_ground$Ground_Move_Cap$cancel_vert:
(0) 1476/10A88 :        $games.sonic4.player_ground$Ground_Move_Cap$cancel_up:
(0) 1477/10A8C :        $games.sonic4.player_ground$Ground_Move_Cap$gsp_kill:
(0) 1478/10AA2 :        $games.sonic4.player_ground$Ground_Move_Cap$hit_back:
(0) 1479/10AAA :        $games.sonic4.player_ground$Ground_Move_Cap$set_push:
(0) 1480/10AB2 :        $games.sonic4.player_ground$Ground_Move_Cap$dir_table:
(0) 1481/10ABA :        Player_Jump:
(0) 1482/10ACA :        $games.sonic4.player_ground$Player_Jump$no_carry:
(0) 1483/10AFA :        $games.sonic4.player_ground$Player_Jump$flat:
(0) 1484/10AFE :        $games.sonic4.player_ground$Player_Jump$launched:
(0) 1485/10B14 :        $games.sonic4.player_ground$Player_Jump$from_stand:
(0) 1486/10B20 :        PState_Air:
(0) 1487/10B20 :        PState_AirBall:
(0) 1488/10B24 :        PState_RollJump:
(0) 1489/10B28 :        PState_Jump:
(0) 1490/10B2A :        PState_AirShared:
(0) 1491/10B36 :        $games.sonic4.player_air$PState_AirShared$not_on_obj:
(0) 1492/10B5E :        $games.sonic4.player_air$PState_AirShared$cut_arc:
(0) 1493/10B64 :        $games.sonic4.player_air$PState_AirShared$no_cap:
(0) 1494/10B7C :        $games.sonic4.player_air$PState_AirShared$press_ok:
(0) 1495/10B86 :        $games.sonic4.player_air$PState_AirShared$no_ability:
(0) 1496/10B90 :        $games.sonic4.player_air$PState_AirShared$input_locked:
(0) 1497/10BAA :        $games.sonic4.player_air$PState_AirShared$fall_capped:
(0) 1498/10BB2 :        Air_Collide:
(0) 1499/10BBE :        $games.sonic4.player_air$Air_Collide$angle_pos:
(0) 1500/10BC0 :        $games.sonic4.player_air$Air_Collide$angle_set:
(0) 1501/10BC4 :        $games.sonic4.player_air$Air_Collide$angle_done:
(0) 1502/10BD2 :        $games.sonic4.player_air$asm6$abs:
(0) 1503/10BDC :        $games.sonic4.player_air$asm7$abs:
(0) 1504/10BF6 :        $games.sonic4.player_air$Air_Collide$right_no_wall:
(0) 1505/10BFE :        $games.sonic4.player_air$Air_Collide$mostly_left:
(0) 1506/10C10 :        $games.sonic4.player_air$Air_Collide$left_no_wall:
(0) 1507/10C18 :        $games.sonic4.player_air$Air_Collide$vertical:
(0) 1508/10C2C :        $games.sonic4.player_air$Air_Collide$mostly_up:
(0) 1509/10C64 :        $games.sonic4.player_air$Air_Collide$up_done:
(0) 1510/10C66 :        $games.sonic4.player_air$Air_Collide$reattach:
(0) 1511/10C7A :        Air_LandOnObject:
(0) 1512/10C96 :        Air_XInput:
(0) 1513/10CA6 :        $games.sonic4.player_air$asm11$lr_masked:
(0) 1514/10CD0 :        $games.sonic4.player_air$Air_XInput$air_left:
(0) 1515/10CEA :        $games.sonic4.player_air$Air_XInput$air_store:
(0) 1516/10CEE :        $games.sonic4.player_air$Air_XInput$done:
(0) 1517/10CF0 :        Air_XDrag:
(0) 1518/10D0C :        $games.sonic4.player_air$Air_XDrag$done:
(0) 1519/10D0E :        Air_FloorLandBanded:
(0) 1520/10D4C :        $games.sonic4.player_air$Air_FloorLandBanded$mid:
(0) 1521/10D54 :        $games.sonic4.player_air$Air_FloorLandBanded$steep:
(0) 1522/10D66 :        $games.sonic4.player_air$Air_FloorLandBanded$steep_capped:
(0) 1523/10D68 :        $games.sonic4.player_air$Air_FloorLandBanded$grounded:
(0) 1524/10D6E :        $games.sonic4.player_air$Air_FloorLandBanded$no_land:
(0) 1525/10D70 :        Air_FloorLandFlat:
(0) 1526/10D90 :        $games.sonic4.player_air$Air_FloorLandFlat$no_land:
(0) 1527/10D92 :        Air_TouchFloor:
(0) 1528/10DA2 :        Air_GspFromYvel:
(0) 1529/10DAC :        $games.sonic4.player_air$Air_GspFromYvel$store:
(0) 1530/10DB2 :        Air_LandState:
(0) 1531/10DCA :        $games.sonic4.player_air$asm18$abs:
(0) 1532/10DD4 :        $games.sonic4.player_air$Air_LandState$check_headroom:
(0) 1533/10DF2 :        $games.sonic4.player_air$Air_LandState$stand:
(0) 1534/10DF6 :        $games.sonic4.player_air$Air_LandState$stay_rolling:
(0) 1535/10DFA :        Air_WallProbeRight:
(0) 1536/10E20 :        $games.sonic4.player_air$Air_WallProbeRight$no_hit:
(0) 1537/10E24 :        Air_WallProbeLeft:
(0) 1538/10E4A :        $games.sonic4.player_air$Air_WallProbeLeft$no_hit:
(0) 1539/10E4E :        Air_CeilingBump:
(0) 1540/10E68 :        $games.sonic4.player_air$Air_CeilingBump$clear:
(0) 1541/10E70 :        PState_Spindash:
(0) 1542/10E88 :        $games.sonic4.player_spindash$PState_Spindash$rev:
(0) 1543/10EB0 :        $games.sonic4.player_spindash$PState_Spindash$floor:
(0) 1544/10EC8 :        $games.sonic4.player_spindash$PState_Spindash$pinned:
(0) 1545/10ECA :        $games.sonic4.player_spindash$PState_Spindash$floor_gone:
(0) 1546/10ED0 :        $games.sonic4.player_spindash$PState_Spindash$release:
(0) 1547/10EE6 :        $games.sonic4.player_spindash$PState_Spindash$launch:
(0) 1548/10F10 :        PState_Fly:
(0) 1549/10F1C :        $games.sonic4.player_fly$PState_Fly$not_on_obj:
(0) 1550/10F4A :        $games.sonic4.player_fly$PState_Fly$flap_end:
(0) 1551/10F52 :        $games.sonic4.player_fly$PState_Fly$coast:
(0) 1552/10F6A :        $games.sonic4.player_fly$PState_Fly$flap_ok:
(0) 1553/10F80 :        $games.sonic4.player_fly$PState_Fly$no_flap:
(0) 1554/10F92 :        $games.sonic4.player_fly$PState_Fly$coast_store:
(0) 1555/10F96 :        $games.sonic4.player_fly$PState_Fly$vert_done:
(0) 1556/10FAE :        $games.sonic4.player_fly$PState_Fly$top_ok:
(0) 1557/10FDC :        $games.sonic4.player_fly$PState_Fly$done:
(0) 1558/10FDE :        Fly_TickFuel:
(0) 1559/10FF0 :        $games.sonic4.player_fly$Fly_TickFuel$done:
(0) 1560/10FF2 :        Ability_TailsFlight:
(0) 1561/1100E :        $games.sonic4.player_fly$Ability_TailsFlight$rising_too_fast:
(0) 1562/11010 :        Fly_TickSfx:
(0) 1563/11032 :        $games.sonic4.player_fly$Fly_TickSfx$play:
(0) 1564/11038 :        $games.sonic4.player_fly$Fly_TickSfx$done:
(0) 1565/11044 :        PState_Glide:
(0) 1566/1107A :        $games.sonic4.player_glide$PState_Glide$continue:
(0) 1567/1107C :        $games.sonic4.player_glide$PState_Glide$release:
(0) 1568/1108A :        $games.sonic4.player_glide$PState_Glide$hit_wall:
(0) 1569/1108E :        $games.sonic4.player_glide$PState_Glide$on_object:
(0) 1570/11092 :        $games.sonic4.player_glide$PState_Glide$hit_floor:
(0) 1571/110A8 :        $games.sonic4.player_glide$PState_Glide$face_set:
(0) 1572/110C6 :        $games.sonic4.player_glide$PState_Glide$flat_slide:
(0) 1573/110CC :        Glide_Move:
(0) 1574/110DA :        $games.sonic4.player_glide$Glide_Move$medium:
(0) 1575/110EC :        $games.sonic4.player_glide$Glide_Move$apply:
(0) 1576/11118 :        $games.sonic4.player_glide$Glide_Move$falling_slow:
(0) 1577/1111C :        $games.sonic4.player_glide$Glide_Move$chute_done:
(0) 1578/11130 :        $games.sonic4.player_glide$Glide_Move$done:
(0) 1579/11132 :        Glide_Turn:
(0) 1580/1114C :        $games.sonic4.player_glide$Glide_Turn$add_l:
(0) 1581/11150 :        $games.sonic4.player_glide$Glide_Turn$not_left:
(0) 1582/1115E :        $games.sonic4.player_glide$Glide_Turn$add_r:
(0) 1583/11162 :        $games.sonic4.player_glide$Glide_Turn$not_right:
(0) 1584/1116C :        $games.sonic4.player_glide$Glide_Turn$store:
(0) 1585/11172 :        Glide_Collide:
(0) 1586/11182 :        $games.sonic4.player_glide$Glide_Collide$no_wall_l:
(0) 1587/11190 :        $games.sonic4.player_glide$Glide_Collide$no_wall_r:
(0) 1588/111C0 :        $games.sonic4.player_glide$Glide_Collide$angle_usable:
(0) 1589/111D2 :        $games.sonic4.player_glide$Glide_Collide$airborne:
(0) 1590/111D8 :        $games.sonic4.player_glide$Glide_Collide$done:
(0) 1591/111DC :        PState_GlideFall:
(0) 1592/111FE :        $games.sonic4.player_glide$PState_GlideFall$grav_ok:
(0) 1593/1120C :        $games.sonic4.player_glide$PState_GlideFall$dead_stop:
(0) 1594/11228 :        $games.sonic4.player_glide$PState_GlideFall$airborne:
(0) 1595/1122A :        PState_Slide:
(0) 1596/1124A :        $games.sonic4.player_glide$PState_Slide$held:
(0) 1597/1125A :        $games.sonic4.player_glide$PState_Slide$going_right:
(0) 1598/11262 :        $games.sonic4.player_glide$PState_Slide$terrain:
(0) 1599/11264 :        $games.sonic4.player_glide$PState_Slide$get_up:
(0) 1600/1127C :        Slide_Terrain:
(0) 1601/112B0 :        $games.sonic4.player_glide$Slide_Terrain$no_sfx:
(0) 1602/112B2 :        $games.sonic4.player_glide$Slide_Terrain$ledge_drop:
(0) 1603/112B8 :        Ability_KnuxGlide:
(0) 1604/112D4 :        $games.sonic4.player_glide$Ability_KnuxGlide$store_face:
(0) 1605/112F2 :        $games.sonic4.player_glide$Ability_KnuxGlide$yvel_ok:
(0) 1606/112FC :        $games.sonic4.player_glide$Ability_KnuxGlide$rising_too_fast:
(0) 1607/1131A :        Climb_WallDist:
(0) 1608/11330 :        $games.sonic4.player_climb$Climb_WallDist$facing_left:
(0) 1609/1133A :        Climb_Animate:
(0) 1610/11360 :        $games.sonic4.player_climb$Climb_Animate$no_wrap_lo:
(0) 1611/1136A :        $games.sonic4.player_climb$Climb_Animate$no_wrap_hi:
(0) 1612/11372 :        $games.sonic4.player_climb$Climb_Animate$done:
(0) 1613/11374 :        PState_Climb:
(0) 1614/113DE :        $games.sonic4.player_climb$PState_Climb$move_up:
(0) 1615/113E6 :        $games.sonic4.player_climb$PState_Climb$not_up:
(0) 1616/1142C :        $games.sonic4.player_climb$PState_Climb$dip:
(0) 1617/1142E :        $games.sonic4.player_climb$PState_Climb$finish:
(0) 1618/1145A :        $games.sonic4.player_climb$PState_Climb$animate:
(0) 1619/11476 :        $games.sonic4.player_climb$PState_Climb$no_jump:
(0) 1620/11478 :        Climb_JumpOff:
(0) 1621/11498 :        $games.sonic4.player_climb$Climb_JumpOff$was_left:
(0) 1622/1149E :        $games.sonic4.player_climb$Climb_JumpOff$go:
(0) 1623/114A4 :        Climb_ReachFloor:
(0) 1624/114BE :        Climb_ToLedge:
(0) 1625/114CA :        Climb_LetGo:
(0) 1626/114DA :        Climb_DoClamberStep:
(0) 1627/114F8 :        $games.sonic4.player_climb$Climb_DoClamberStep$dx_ok:
(0) 1628/11510 :        Climb_ClamberFrames:
(0) 1629/11520 :        PState_Ledge:
(0) 1630/11532 :        $games.sonic4.player_climb$PState_Ledge$step:
(0) 1631/11554 :        $games.sonic4.player_climb$PState_Ledge$stand:
(0) 1632/11568 :        $games.sonic4.player_climb$PState_Ledge$hold:
(0) 1633/1156A :        Knuckles_Gliding_WallCatch:
(0) 1634/1157C :        $games.sonic4.player_climb$Knuckles_Gliding_WallCatch$left_wall:
(0) 1635/11582 :        $games.sonic4.player_climb$Knuckles_Gliding_WallCatch$pair:
(0) 1636/115B2 :        $games.sonic4.player_climb$Knuckles_Gliding_WallCatch$fb_left:
(0) 1637/115B6 :        $games.sonic4.player_climb$Knuckles_Gliding_WallCatch$fb_probe:
(0) 1638/115DA :        $games.sonic4.player_climb$Knuckles_Gliding_WallCatch$fall:
(0) 1639/115E0 :        Climb_Catch:
(0) 1640/11620 :        Ability_InstaShield:
(0) 1641/11630 :        $games.sonic4.player_instashield$Ability_InstaShield$from_jump:
(0) 1642/11642 :        $games.sonic4.player_instashield$Ability_InstaShield$not_rolljump:
(0) 1643/1165E :        $games.sonic4.player_instashield$Ability_InstaShield$done:
(0) 1644/11660 :        InstaShield_Spawn:
(0) 1645/116A2 :        $games.sonic4.player_instashield$InstaShield_Spawn$done:
(0) 1646/116A4 :        InstaShield_Main:
(0) 1647/116C8 :        $games.sonic4.player_instashield$InstaShield_Main$no_flip:
(0) 1648/116DE :        $games.sonic4.player_instashield$InstaShield_Main$not_over:
(0) 1649/116FA :        Ani_InstaShield:
(0) 1650/116FC :        __offsets$games.sonic4.player_instashield$Ani_InstaShield$Attack:
(0) 1651/1170C :        Map_InstaShield:
(0) 1652/1170C :        __align$games.sonic4.player_instashield$0:
(0) 1653/117D4 :        DPLC_InstaShield:
(0) 1654/117D4 :        __align$games.sonic4.player_instashield$1:
(0) 1655/117F2 :        Art_InstaShield:
(0) 1656/117F2 :        __align$games.sonic4.player_instashield$2:
(0) 1657/11E80 :        CharDef_Sonic:
(0) 1658/11EA6 :        PhysTable_Sonic:
(0) 1659/11EC0 :        CharDef_Tails:
(0) 1660/11EE6 :        PhysTable_Tails:
(0) 1661/11EF6 :        CharDef_Knuckles:
(0) 1662/11F1C :        PhysTable_Knuckles:
(0) 1663/11F30 :        CharacterDefs:
(0) 1664/11F3C :        Player_InitAssets:
(0) 1665/11F54 :        Player_LoadArt:
(0) 1666/11F6E :        Player_Ability:
(0) 1667/11F78 :        Ability_None:
(0) 1668/11F7A :        TailsAppendage_Refresh:
(0) 1669/11F8E :        $games.sonic4.tails_appendage$TailsAppendage_Refresh$not_tails:
(0) 1670/11F98 :        $games.sonic4.tails_appendage$TailsAppendage_Refresh$done:
(0) 1671/11F9A :        TailsAppendage_Spawn:
(0) 1672/11FDA :        $games.sonic4.tails_appendage$TailsAppendage_Spawn$done:
(0) 1673/11FDC :        TailsAppendage_Main:
(0) 1674/12010 :        $games.sonic4.tails_appendage$TailsAppendage_Main$hold_ok:
(0) 1675/1203C :        $games.sonic4.tails_appendage$TailsAppendage_Main$bank_facing_left:
(0) 1676/12040 :        $games.sonic4.tails_appendage$TailsAppendage_Main$bank_bias:
(0) 1677/12048 :        $games.sonic4.tails_appendage$TailsAppendage_Main$bank_flip_ready:
(0) 1678/1207C :        $games.sonic4.tails_appendage$TailsAppendage_Main$no_bank:
(0) 1679/12094 :        $games.sonic4.tails_appendage$TailsAppendage_Main$hidden:
(0) 1680/12096 :        DustPuff_Spawn:
(0) 1681/120D2 :        $games.sonic4.dust_puff$DustPuff_Spawn$done:
(0) 1682/120D4 :        DustPuff_Main:
(0) 1683/120DC :        Dust_Tick:
(0) 1684/12106 :        $games.sonic4.dust_spindash$Dust_Tick$slide:
(0) 1685/1211C :        $games.sonic4.dust_spindash$Dust_Tick$spawn:
(0) 1686/1212E :        $games.sonic4.dust_spindash$Dust_Tick$disarm:
(0) 1687/12132 :        $games.sonic4.dust_spindash$Dust_Tick$done:
(0) 1688/12134 :        DustSpindash_Spawn:
(0) 1689/12176 :        $games.sonic4.dust_spindash$DustSpindash_Spawn$done:
(0) 1690/12178 :        DustSpindash_Main:
(0) 1691/12188 :        $games.sonic4.dust_spindash$DustSpindash_Main$live:
(0) 1692/121C2 :        $games.sonic4.dust_spindash$DustSpindash_Main$no_flip:
(0) 1693/121E0 :        RingSparkle_Spawn:
(0) 1694/1222A :        $games.sonic4.ring_sparkle$RingSparkle_Spawn$done:
(0) 1695/1222C :        RingSparkle_Main:
(0) 1696/12234 :        Map_RingSparkle:
(0) 1697/1223C :        __offsets$games.sonic4.ring_sparkle$Map_RingSparkle$F0:
(0) 1698/1224A :        __offsets$games.sonic4.ring_sparkle$Map_RingSparkle$F1:
(0) 1699/12258 :        __offsets$games.sonic4.ring_sparkle$Map_RingSparkle$F2:
(0) 1700/12266 :        __offsets$games.sonic4.ring_sparkle$Map_RingSparkle$F3:
(0) 1701/12274 :        Ani_RingSparkle:
(0) 1702/12276 :        __offsets$games.sonic4.ring_sparkle$Ani_RingSparkle$Sparkle:
(0) 1703/1227C :        Art_RingSparkle:
(0) 1704/1227C :        __align$games.sonic4.ring_sparkle$0:
(0) 1705/12300 :        TestStatic_Main:
(0) 1706/12310 :        TestSolid_Init:
(0) 1707/1231E :        TestSolid_Main:
(0) 1708/12322 :        ObjDef_PathSwap:
(0) 1709/1233C :        PathSwap_Init:
(0) 1710/12348 :        $games.sonic4.path_swap$PathSwap_Init$have_hh:
(0) 1711/12364 :        PathSwap_Main:
(0) 1712/12388 :        $games.sonic4.path_swap$PathSwap_Main$y_abs:
(0) 1713/123A0 :        $games.sonic4.path_swap$PathSwap_Main$sense:
(0) 1714/123AE :        $games.sonic4.path_swap$PathSwap_Main$write:
(0) 1715/123B2 :        $games.sonic4.path_swap$PathSwap_Main$done:
(0) 1716/123B4 :        DeformTable_Zero:
(0) 1717/124B4 :        ParallaxConfig_OJZ_Default:
(0) 1718/12522 :        ParallaxConfig_OJZ_Underwater:
(0) 1719/12590 :        DeformTable_OJZ_Calm:
(0) 1720/12690 :        ParallaxConfig_OJZ_Windy:
(0) 1721/126C2 :        DeformTable_Shimmer:
(0) 1722/127C2 :        ParallaxConfig_Shimmer_Slow:
(0) 1723/127F4 :        ParallaxConfig_Shimmer:
(0) 1724/12826 :        ParallaxConfig_Shimmer_Fast:
(0) 1725/12858 :        DeformTable_Haze:
(0) 1726/12958 :        ParallaxConfig_Haze_Slow:
(0) 1727/129DA :        ParallaxConfig_Haze:
(0) 1728/12A5C :        ParallaxConfig_Haze_Fast:
(0) 1729/12ADE :        ParallaxConfig_Haze_Uniform:
(0) 1730/12B60 :        DeformTable_Rocking:
(0) 1731/12C60 :        ParallaxConfig_Rocking_Slow:
(0) 1732/12C92 :        ParallaxConfig_Rocking:
(0) 1733/12CC4 :        ParallaxConfig_Rocking_Fast:
(0) 1734/12CF6 :        DeformTable_Perspective:
(0) 1735/12DF6 :        ParallaxConfig_Perspective_Subtle:
(0) 1736/12E78 :        ParallaxConfig_Perspective:
(0) 1737/12EFA :        ParallaxConfig_Perspective_Dramatic:
(0) 1738/12F7C :        ParallaxConfig_WindyHaze:
(0) 1739/12FFE :        ParallaxConfig_SkyHaze:
(0) 1740/13044 :        ParallaxConfig_OJZ_Caves:
(0) 1741/130C6 :        ParallaxConfig_OJZ_LockedClouds:
(0) 1742/13148 :        EditorSceneBinding_OJZ_Act1_Sec0:
(0) 1743/131CA :        EditorSceneBinding_OJZ_Act1_Sec4:
(0) 1744/1324C :        EditorRaster_OJZ_Act1_authored_probe:
(0) 1745/1329A :        OJZ_TestRaster:
(0) 1746/132BC :        OJZ_BandDemo:
(0) 1747/132BC :        OJZ_TestPal:
(0) 1748/1331C :        OJZ_ShimmerCycle:
(0) 1749/13324 :        OJZ_WaterRaster:
(0) 1750/13346 :        OJZ_GradientStream:
(0) 1751/13586 :        OJZ_TestGradient:
(0) 1752/135A4 :        OJZ_TestVsram:
(0) 1753/135C2 :        OJZ_TestRamp:
(0) 1754/135E4 :        Variant_Water_Deep:
(0) 1755/135EC :        Variant_Water_Murky:
(0) 1756/135F4 :        Variant_Poison:
(0) 1757/135FC :        Variant_CaveDark:
(0) 1758/13604 :        Variant_Dusk:
(0) 1759/1360C :        OJZ_DepthVSplit:
(0) 1760/1363A :        OJZ_Preset_Sec0:
(0) 1761/13660 :        OJZ_Preset_Sec1:
(0) 1762/13686 :        OJZ_Preset_Sec2:
(0) 1763/136AC :        OJZ_Preset_Sec3:
(0) 1764/136D2 :        OJZ_Preset_Plain:
(0) 1765/136F8 :        OJZ_Preset_Depth:
(0) 1766/1371E :        OJZ_TwoChannel:
(0) 1767/137D0 :        ObjDef_Static:
(0) 1768/137EA :        ObjDef_Solid:
(0) 1769/13808 :        OJZ_Sec0_TypeTable:
(0) 1770/1380E :        OJZ_Sec0_Objects:
(0) 1771/13816 :        OJZ_Sec0_Rings:
(0) 1772/13836 :        OJZ_Sec1_TypeTable:
(0) 1773/13840 :        OJZ_Sec1_Objects:
(0) 1774/13854 :        OJZ_Sec1_Rings:
(0) 1775/1387C :        OJZ_Sec2_TypeTable:
(0) 1776/13886 :        OJZ_Sec2_Objects:
(0) 1777/13894 :        OJZ_Sec2_Rings:
(0) 1778/138C8 :        OJZ_Sec3_TypeTable:
(0) 1779/138CA :        OJZ_Sec3_Objects:
(0) 1780/138CC :        OJZ_Sec3_Rings:
(0) 1781/138D0 :        OJZ_Sec4_TypeTable:
(0) 1782/138D2 :        OJZ_Sec4_Objects:
(0) 1783/138D4 :        OJZ_Sec4_Rings:
(0) 1784/13908 :        OJZ_Sec5_TypeTable:
(0) 1785/1390A :        OJZ_Sec5_Objects:
(0) 1786/1390C :        OJZ_Sec5_Rings:
(0) 1787/13930 :        OJZ_Sec6_TypeTable:
(0) 1788/13932 :        OJZ_Sec6_Objects:
(0) 1789/13934 :        OJZ_Sec6_Rings:
(0) 1790/13938 :        OJZ_Sec7_TypeTable:
(0) 1791/1393A :        OJZ_Sec7_Objects:
(0) 1792/1393C :        OJZ_Sec7_Rings:
(0) 1793/13960 :        OJZ_Sec8_TypeTable:
(0) 1794/13962 :        OJZ_Sec8_Objects:
(0) 1795/13964 :        OJZ_Sec8_Rings:
(0) 1796/13978 :        OJZ_Act_Pool_Page0:
(0) 1797/13E16 :        OJZ_Act_Pool_Page1:
(0) 1798/142F4 :        OJZ_Act_Pool_Page2:
(0) 1799/147FA :        OJZ_Act_Pool_Page3:
(0) 1800/14D32 :        OJZ_Act_Pool_Page4:
(0) 1801/151A8 :        OJZ_Act_Pool_Page5:
(0) 1802/155D6 :        OJZ_Act_Pool_Page6:
(0) 1803/15A94 :        OJZ_Act_Pool_Page7:
(0) 1804/15FD0 :        OJZ_Act_Pool_Page8:
(0) 1805/1658A :        OJZ_Act_Pool_Page9:
(0) 1806/16834 :        OJZ_Act_Pool_PageTable:
(0) 1807/16884 :        OJZ_Act1_Descriptor:
(0) 1808/168AC :        OJZ_Act1_Sections:
(0) 1809/16B00 :        OJZ_Sec0_Blocks:
(0) 1810/18C70 :        OJZ_Sec1_Blocks:
(0) 1811/19FEC :        OJZ_Sec2_Blocks:
(0) 1812/1B784 :        OJZ_Sec3_Blocks:
(0) 1813/1C8D0 :        OJZ_Sec5_Blocks:
(0) 1814/1D6F6 :        OJZ_Sec6_Blocks:
(0) 1815/1F2F6 :        OJZ_Sec7_Blocks:
(0) 1816/2056A :        OJZ_Sec8_Blocks:
(0) 1817/22110 :        OJZ_Sec0_LocalMap:
(0) 1818/2250E :        OJZ_Sec1_LocalMap:
(0) 1819/2263C :        OJZ_Sec2_LocalMap:
(0) 1820/22706 :        OJZ_Sec3_LocalMap:
(0) 1821/22842 :        OJZ_Sec4_LocalMap:
(0) 1822/2290C :        OJZ_Sec5_LocalMap:
(0) 1823/229E8 :        OJZ_Sec6_LocalMap:
(0) 1824/22B30 :        OJZ_Sec7_LocalMap:
(0) 1825/22C92 :        OJZ_Sec8_LocalMap:
(0) 1826/22DB0 :        OJZ_Sec_LocalMaps:
(0) 1827/22DE0 :        OJZ_Palette:
(0) 1828/22E40 :        BGND_Palette:
(0) 1829/22E60 :        OJZ_Act1_BG_Layout:
(0) 1830/24E60 :        OJZ_Act1_BG_Tiles:
(0) 1831/27662 :        BgAnim_Table:
(0) 1832/27664 :        _BgAnim_Band0_hdr:
(0) 1833/27670 :        _BgAnim_Band0_banks:
(0) 1834/27690 :        BgAnim_Banks:
(0) 1835/29690 :        Map_TestObj:
(0) 1836/29696 :        __offsets$games.sonic4.test_mappings$Map_TestObj$F0:
(0) 1837/296A4 :        __offsets$games.sonic4.test_mappings$Map_TestObj$F1:
(0) 1838/296B2 :        __offsets$games.sonic4.test_mappings$Map_TestObj$F2:
(0) 1839/296C0 :        Map_DustSpindash:
(0) 1840/29730 :        Map_DustPuff:
(0) 1841/29770 :        DPLC_Dust:
(0) 1842/2979A :        Art_Dust:
(0) 1843/2A2A0 :        Ani_Sonic:
(0) 1844/2A2D0 :        __offsets$games.sonic4.sonic_anims$Ani_Sonic$Walk:
(0) 1845/2A2DA :        __offsets$games.sonic4.sonic_anims$Ani_Sonic$Run:
(0) 1846/2A2E0 :        __offsets$games.sonic4.sonic_anims$Ani_Sonic$Roll:
(0) 1847/2A2EA :        __offsets$games.sonic4.sonic_anims$Ani_Sonic$Spindash:
(0) 1848/2A2F6 :        __offsets$games.sonic4.sonic_anims$Ani_Sonic$Push:
(0) 1849/2A2FC :        __offsets$games.sonic4.sonic_anims$Ani_Sonic$Wait:
(0) 1850/2A30F :        __offsets$games.sonic4.sonic_anims$Ani_Sonic$Balance:
(0) 1851/2A314 :        __offsets$games.sonic4.sonic_anims$Ani_Sonic$LookUp:
(0) 1852/2A319 :        __offsets$games.sonic4.sonic_anims$Ani_Sonic$Duck:
(0) 1853/2A31E :        __offsets$games.sonic4.sonic_anims$Ani_Sonic$Skid:
(0) 1854/2A325 :        __offsets$games.sonic4.sonic_anims$Ani_Sonic$GetUp:
(0) 1855/2A328 :        __offsets$games.sonic4.sonic_anims$Ani_Sonic$Fly:
(0) 1856/2A332 :        __offsets$games.sonic4.sonic_anims$Ani_Sonic$FlyTired:
(0) 1857/2A33C :        __offsets$games.sonic4.sonic_anims$Ani_Sonic$Glide0:
(0) 1858/2A346 :        __offsets$games.sonic4.sonic_anims$Ani_Sonic$Glide1:
(0) 1859/2A350 :        __offsets$games.sonic4.sonic_anims$Ani_Sonic$Glide2:
(0) 1860/2A35A :        __offsets$games.sonic4.sonic_anims$Ani_Sonic$Glide3:
(0) 1861/2A364 :        __offsets$games.sonic4.sonic_anims$Ani_Sonic$Glide4:
(0) 1862/2A36E :        __offsets$games.sonic4.sonic_anims$Ani_Sonic$GlideFall:
(0) 1863/2A378 :        __offsets$games.sonic4.sonic_anims$Ani_Sonic$Slide:
(0) 1864/2A382 :        __offsets$games.sonic4.sonic_anims$Ani_Sonic$SlideGetUp:
(0) 1865/2A38C :        __offsets$games.sonic4.sonic_anims$Ani_Sonic$GlideLand:
(0) 1866/2A396 :        __offsets$games.sonic4.sonic_anims$Ani_Sonic$Climb:
(0) 1867/2A3A0 :        __offsets$games.sonic4.sonic_anims$Ani_Sonic$Ledge:
(0) 1868/2A3AA :        Ani_Tails:
(0) 1869/2A3AA :        __align$games.sonic4.sonic_anims$0:
(0) 1870/2A3DA :        __offsets$games.sonic4.tails_anims$Ani_Tails$Walk:
(0) 1871/2A3E4 :        __offsets$games.sonic4.tails_anims$Ani_Tails$Run:
(0) 1872/2A3EA :        __offsets$games.sonic4.tails_anims$Ani_Tails$Roll:
(0) 1873/2A3EF :        __offsets$games.sonic4.tails_anims$Ani_Tails$Spindash:
(0) 1874/2A3F4 :        __offsets$games.sonic4.tails_anims$Ani_Tails$Push:
(0) 1875/2A3FA :        __offsets$games.sonic4.tails_anims$Ani_Tails$Wait:
(0) 1876/2A438 :        __offsets$games.sonic4.tails_anims$Ani_Tails$Balance:
(0) 1877/2A450 :        __offsets$games.sonic4.tails_anims$Ani_Tails$LookUp:
(0) 1878/2A453 :        __offsets$games.sonic4.tails_anims$Ani_Tails$Duck:
(0) 1879/2A456 :        __offsets$games.sonic4.tails_anims$Ani_Tails$Skid:
(0) 1880/2A45B :        __offsets$games.sonic4.tails_anims$Ani_Tails$GetUp:
(0) 1881/2A45E :        __offsets$games.sonic4.tails_anims$Ani_Tails$Fly:
(0) 1882/2A461 :        __offsets$games.sonic4.tails_anims$Ani_Tails$FlyTired:
(0) 1883/2A465 :        __offsets$games.sonic4.tails_anims$Ani_Tails$Glide0:
(0) 1884/2A46F :        __offsets$games.sonic4.tails_anims$Ani_Tails$Glide1:
(0) 1885/2A479 :        __offsets$games.sonic4.tails_anims$Ani_Tails$Glide2:
(0) 1886/2A483 :        __offsets$games.sonic4.tails_anims$Ani_Tails$Glide3:
(0) 1887/2A48D :        __offsets$games.sonic4.tails_anims$Ani_Tails$Glide4:
(0) 1888/2A497 :        __offsets$games.sonic4.tails_anims$Ani_Tails$GlideFall:
(0) 1889/2A4A1 :        __offsets$games.sonic4.tails_anims$Ani_Tails$Slide:
(0) 1890/2A4AB :        __offsets$games.sonic4.tails_anims$Ani_Tails$SlideGetUp:
(0) 1891/2A4B5 :        __offsets$games.sonic4.tails_anims$Ani_Tails$GlideLand:
(0) 1892/2A4BF :        __offsets$games.sonic4.tails_anims$Ani_Tails$Climb:
(0) 1893/2A4C9 :        __offsets$games.sonic4.tails_anims$Ani_Tails$Ledge:
(0) 1894/2A4D4 :        Ani_TailsAppendage:
(0) 1895/2A4D4 :        __align$games.sonic4.tails_anims$0:
(0) 1896/2A504 :        __offsets$games.sonic4.tails_anims$Ani_TailsAppendage$Walk:
(0) 1897/2A507 :        __offsets$games.sonic4.tails_anims$Ani_TailsAppendage$Run:
(0) 1898/2A50A :        __offsets$games.sonic4.tails_anims$Ani_TailsAppendage$Roll:
(0) 1899/2A510 :        __offsets$games.sonic4.tails_anims$Ani_TailsAppendage$Spindash:
(0) 1900/2A516 :        __offsets$games.sonic4.tails_anims$Ani_TailsAppendage$Push:
(0) 1901/2A51C :        __offsets$games.sonic4.tails_anims$Ani_TailsAppendage$Wait:
(0) 1902/2A523 :        __offsets$games.sonic4.tails_anims$Ani_TailsAppendage$Balance:
(0) 1903/2A526 :        __offsets$games.sonic4.tails_anims$Ani_TailsAppendage$LookUp:
(0) 1904/2A52D :        __offsets$games.sonic4.tails_anims$Ani_TailsAppendage$Duck:
(0) 1905/2A534 :        __offsets$games.sonic4.tails_anims$Ani_TailsAppendage$Skid:
(0) 1906/2A53A :        __offsets$games.sonic4.tails_anims$Ani_TailsAppendage$GetUp:
(0) 1907/2A53D :        __offsets$games.sonic4.tails_anims$Ani_TailsAppendage$Fly:
(0) 1908/2A541 :        __offsets$games.sonic4.tails_anims$Ani_TailsAppendage$FlyTired:
(0) 1909/2A545 :        __offsets$games.sonic4.tails_anims$Ani_TailsAppendage$Glide0:
(0) 1910/2A548 :        __offsets$games.sonic4.tails_anims$Ani_TailsAppendage$Glide1:
(0) 1911/2A54B :        __offsets$games.sonic4.tails_anims$Ani_TailsAppendage$Glide2:
(0) 1912/2A54E :        __offsets$games.sonic4.tails_anims$Ani_TailsAppendage$Glide3:
(0) 1913/2A551 :        __offsets$games.sonic4.tails_anims$Ani_TailsAppendage$Glide4:
(0) 1914/2A554 :        __offsets$games.sonic4.tails_anims$Ani_TailsAppendage$GlideFall:
(0) 1915/2A557 :        __offsets$games.sonic4.tails_anims$Ani_TailsAppendage$Slide:
(0) 1916/2A55A :        __offsets$games.sonic4.tails_anims$Ani_TailsAppendage$SlideGetUp:
(0) 1917/2A55D :        __offsets$games.sonic4.tails_anims$Ani_TailsAppendage$GlideLand:
(0) 1918/2A560 :        __offsets$games.sonic4.tails_anims$Ani_TailsAppendage$Climb:
(0) 1919/2A563 :        __offsets$games.sonic4.tails_anims$Ani_TailsAppendage$Ledge:
(0) 1920/2A566 :        Ani_Knuckles:
(0) 1921/2A566 :        __align$games.sonic4.tails_anims$1:
(0) 1922/2A596 :        __offsets$games.sonic4.knuckles_anims$Ani_Knuckles$Walk:
(0) 1923/2A5A0 :        __offsets$games.sonic4.knuckles_anims$Ani_Knuckles$Run:
(0) 1924/2A5A6 :        __offsets$games.sonic4.knuckles_anims$Ani_Knuckles$Roll:
(0) 1925/2A5B0 :        __offsets$games.sonic4.knuckles_anims$Ani_Knuckles$Spindash:
(0) 1926/2A5BC :        __offsets$games.sonic4.knuckles_anims$Ani_Knuckles$Push:
(0) 1927/2A5C2 :        __offsets$games.sonic4.knuckles_anims$Ani_Knuckles$Wait:
(0) 1928/2A65A :        __offsets$games.sonic4.knuckles_anims$Ani_Knuckles$Balance:
(0) 1929/2A684 :        __offsets$games.sonic4.knuckles_anims$Ani_Knuckles$LookUp:
(0) 1930/2A689 :        __offsets$games.sonic4.knuckles_anims$Ani_Knuckles$Duck:
(0) 1931/2A68E :        __offsets$games.sonic4.knuckles_anims$Ani_Knuckles$Skid:
(0) 1932/2A695 :        __offsets$games.sonic4.knuckles_anims$Ani_Knuckles$GetUp:
(0) 1933/2A698 :        __offsets$games.sonic4.knuckles_anims$Ani_Knuckles$Fly:
(0) 1934/2A6A2 :        __offsets$games.sonic4.knuckles_anims$Ani_Knuckles$FlyTired:
(0) 1935/2A6AC :        __offsets$games.sonic4.knuckles_anims$Ani_Knuckles$Glide0:
(0) 1936/2A6AF :        __offsets$games.sonic4.knuckles_anims$Ani_Knuckles$Glide1:
(0) 1937/2A6B2 :        __offsets$games.sonic4.knuckles_anims$Ani_Knuckles$Glide2:
(0) 1938/2A6B5 :        __offsets$games.sonic4.knuckles_anims$Ani_Knuckles$Glide3:
(0) 1939/2A6B8 :        __offsets$games.sonic4.knuckles_anims$Ani_Knuckles$Glide4:
(0) 1940/2A6BB :        __offsets$games.sonic4.knuckles_anims$Ani_Knuckles$GlideFall:
(0) 1941/2A6C0 :        __offsets$games.sonic4.knuckles_anims$Ani_Knuckles$Slide:
(0) 1942/2A6C3 :        __offsets$games.sonic4.knuckles_anims$Ani_Knuckles$SlideGetUp:
(0) 1943/2A6C7 :        __offsets$games.sonic4.knuckles_anims$Ani_Knuckles$GlideLand:
(0) 1944/2A6CB :        __offsets$games.sonic4.knuckles_anims$Ani_Knuckles$Climb:
(0) 1945/2A6CE :        __offsets$games.sonic4.knuckles_anims$Ani_Knuckles$Ledge:
(0) 1946/2A6D2 :        Ani_DustSpindash:
(0) 1947/2A6D2 :        __align$games.sonic4.knuckles_anims$0:
(0) 1948/2A6D4 :        __offsets$games.sonic4.dust_anims$Ani_DustSpindash$Charge:
(0) 1949/2A6DE :        Ani_DustPuff:
(0) 1950/2A6DE :        __align$games.sonic4.dust_anims$0:
(0) 1951/2A6E0 :        __offsets$games.sonic4.dust_anims$Ani_DustPuff$Puff:
(0) 1952/2A6E6 :        __align$games.sonic4.dust_anims$1:
(0) 1953/2A6F0 :        Map_Tails:
(0) 1954/2C2E0 :        DPLC_Tails:
(0) 1955/2C95A :        Art_Tails:
(0) 1956/48FBA :        Map_TailsAppendage:
(0) 1957/49282 :        DPLC_TailsAppendage:
(0) 1958/4938E :        Art_TailsAppendage:
(0) 1959/4B64E :        Map_Knuckles:
(0) 1960/4D3F6 :        DPLC_Knuckles:
(0) 1961/4DD56 :        Art_Knuckles:
(0) 1962/6DCD6 :        Pal_SonicTails:
(0) 1963/6DCF6 :        Pal_Knuckles:
(0) 1964/6DD20 :        HeightMaps:
(0) 1965/6ED20 :        HeightMapsRot:
(0) 1966/6FD20 :        AngleTable:
(0) 1967/6FE20 :        SolidityTable:
(0) 1968/6FF20 :        Map_Sonic:
(0) 1969/71BA0 :        DPLC_Sonic:
(0) 1970/724E0 :        Art_Sonic:
(0) 1971/90000 :        Dac_Temp_Blip:
(0) 1972/98000 :        Dac_Kick:
(0) 1973/98000 :        Dac_SharedBank_Start:
(0) 1974/98000 :        __align$games.sonic4.dac_banks$0:
(0) 1975/A0630 :        Song_MovingTrucks:
(0) 1976/A3B10 :        SongTable:
(0) 1977/A3B14 :        SongPatchTable:
(0) 1978/A3B20 :        Sfx_33:
(0) 1979/A4410 :        GameState_OJZScroll_Init:
(0) 1980/A4422 :        $games.sonic4.ojz_scroll_test$GameState_OJZScroll_Init$copy_bgnd:
(0) 1981/A4434 :        $games.sonic4.ojz_scroll_test$GameState_OJZScroll_Init$copy_ojz:
(0) 1982/A44D2 :        $games.sonic4.ojz_scroll_test$asm4$wait_z80:
(0) 1983/A44EC :        $games.sonic4.ojz_scroll_test$GameState_OJZScroll_Init$copy_marker:
(0) 1984/A453C :        $games.sonic4.ojz_scroll_test$GameState_OJZScroll_Init$init_use_act_config:
(0) 1985/A4544 :        $games.sonic4.ojz_scroll_test$GameState_OJZScroll_Init$init_have_config:
(0) 1986/A4568 :        GameState_OJZScroll_Update:
(0) 1987/A4596 :        $games.sonic4.ojz_scroll_test$GameState_OJZScroll_Update$skip_rings:
(0) 1988/A45CA :        $games.sonic4.ojz_scroll_test$GameState_OJZScroll_Update$marker_id_ok:
(0) 1989/A45E8 :        Debug_BandDemoHotkey:
(0) 1990/A45E8 :        Debug_CharacterHotkey:
(0) 1991/A45E8 :        Debug_SceneCycleHotkey:
(0) 1992/A45E8 :        Debug_Warp_Consume:
(0) 1993/A45E8 :        OJZ_SectionMarkerColors:
(0) 1994/A45FA :        PlayerMarkerTile:
(0) 1995/A467A :        TestArt:
(0) 1996/A46FA :        TestArt_Square2:
(0) 1997/A477A :        TestArt_Ring:
(0) 1998/A4980 :        Replay_OJZ_Fixture:
(0) 1999/A4980 :        __align$games.sonic4.replay_fixture$0:
(0) 2000/A4A90 :        Replay_OJZ_Slide_Fixture:
(0) 2001/A4A90 :        __align$games.sonic4.replay_fixture$1:
(0) 2002/A4BE0 :        BusError:
(0) 2003/A4BF8 :        AddressError:
(0) 2004/A4C14 :        IllegalInstr:
(0) 2005/A4C36 :        ZeroDivide:
(0) 2006/A4C50 :        ChkInstr:
(0) 2007/A4C6E :        TrapvInstr:
(0) 2008/A4C8E :        PrivilegeViol:
(0) 2009/A4CB0 :        Trace:
(0) 2010/A4CC4 :        Line1010Emu:
(0) 2011/A4CE4 :        Line1111Emu:
(0) 2012/A4D04 :        ErrorExcept:
(0) 2013/A4D22 :        ErrorTrap:
(0) 2014/A4D3A :        ErrorHandlerBlob:
(0) 2015/A5C90 :        EndOfRom:
(0) 2016/FFFF0000 :        Tile_Cache_Nametable:
(0) 2017/FFFF2580 :        Tile_Cache_Collision:
(0) 2018/FFFF3842 :        Block_Stage_Buffers:
(0) 2019/FFFF6842 :        Block_Stage_Bucket:
(0) 2020/FFFF6942 :        Block_Stage_Chain:
(0) 2021/FFFF6982 :        Cache_Spec_Gen_Ring:
(0) 2022/FFFF6992 :        Cache_Spec_Window:
(0) 2023/FFFF6994 :        Cache_Spec_Blocked:
(0) 2024/FFFF6996 :        Cache_Spec_Skips:
(0) 2025/FFFF6998 :        Pfx_Memo_Mask:
(0) 2026/FFFF699A :        Cs_Memo_Mask:
(0) 2027/FFFF699C :        Page_Table:
(0) 2028/FFFF6A9C :        Page_Frames:
(0) 2029/FFFF6B14 :        Page_Queued_Bits:
(0) 2030/FFFF6B34 :        Art_Staging_Buffer:
(0) 2031/FFFF7334 :        Lower_RAM_End:
(0) 2032/FFFF8000 :        RAM_Start:
(0) 2033/FFFF8000 :        VBlank_Flag:
(0) 2034/FFFF8002 :        Frame_Counter:
(0) 2035/FFFF8004 :        Logic_Tick:
(0) 2036/FFFF8008 :        Game_State:
(0) 2037/FFFF800C :        Game_State_ID:
(0) 2038/FFFF800D :        Game_State_Init:
(0) 2039/FFFF800E :        VDP_Shadow_Table:
(0) 2040/FFFF8026 :        Hardware_Region:
(0) 2041/FFFF8027 :        Region_Flags:
(0) 2042/FFFF8028 :        Ctrl_1_Held:
(0) 2043/FFFF8029 :        Ctrl_1_Press:
(0) 2044/FFFF802A :        Ctrl_2_Held:
(0) 2045/FFFF802B :        Ctrl_2_Press:
(0) 2046/FFFF802C :        Ctrl_1_Press_Accum:
(0) 2047/FFFF802D :        Ctrl_2_Press_Accum:
(0) 2048/FFFF802E :        Ctrl_1_Ext_Held:
(0) 2049/FFFF802F :        Ctrl_1_Ext_Press:
(0) 2050/FFFF8030 :        Ctrl_2_Ext_Held:
(0) 2051/FFFF8031 :        Ctrl_2_Ext_Press:
(0) 2052/FFFF8032 :        Ctrl_1_Ext_Press_Accum:
(0) 2053/FFFF8033 :        Ctrl_2_Ext_Press_Accum:
(0) 2054/FFFF8034 :        Pad_1_Type:
(0) 2055/FFFF8035 :        Pad_2_Type:
(0) 2056/FFFF8036 :        Input_Source:
(0) 2057/FFFF8037 :        Replay_Exit_Request:
(0) 2058/FFFF8038 :        Replay_Done:
(0) 2059/FFFF8039 :        Replay_Hold:
(0) 2060/FFFF803A :        Replay_Prev:
(0) 2061/FFFF803C :        Replay_Ptr:
(0) 2062/FFFF8040 :        RNG_Seed:
(0) 2063/FFFF8044 :        VInt_Ptr:
(0) 2064/FFFF8048 :        VBlank_Ready:
(0) 2065/FFFF804A :        DMA_Critical:
(0) 2066/FFFF804A :        DMA_Queue:
(0) 2067/FFFF80BA :        DMA_Critical_End:
(0) 2068/FFFF80BA :        DMA_Important:
(0) 2069/FFFF8162 :        DMA_Deferrable:
(0) 2070/FFFF8162 :        DMA_Important_End:
(0) 2071/FFFF820A :        DMA_Critical_Slot:
(0) 2072/FFFF820A :        DMA_Deferrable_End:
(0) 2073/FFFF820A :        DMA_Queue_End:
(0) 2074/FFFF820C :        DMA_Important_Slot:
(0) 2075/FFFF820E :        DMA_Deferrable_Slot:
(0) 2076/FFFF8210 :        DMA_Budget_Default:
(0) 2077/FFFF8212 :        DMA_Budget_Remaining:
(0) 2078/FFFF8214 :        DMA_Enq_Bytes_Frame:
(0) 2079/FFFF8216 :        Palette_Buffer:
(0) 2080/FFFF8296 :        Palette_Dirty:
(0) 2081/FFFF8298 :        Sprite_Table_Buffer:
(0) 2082/FFFF8518 :        Sprite_Table_Dirty:
(0) 2083/FFFF8519 :        Sprite_Emit_Active:
(0) 2084/FFFF851A :        Hscroll_Buffer:
(0) 2085/FFFF889C :        Vscroll_Factor:
(0) 2086/FFFF88A0 :        Parallax_Deform_Phase_FG:
(0) 2087/FFFF88A0 :        Parallax_State:
(0) 2088/FFFF88A2 :        Parallax_Deform_Phase_BG:
(0) 2089/FFFF88A4 :        Parallax_V_Deform_Phase_BG:
(0) 2090/FFFF88A6 :        Parallax_Current_Scroll_A:
(0) 2091/FFFF88C6 :        Parallax_Current_Scroll_B:
(0) 2092/FFFF88E6 :        Parallax_Current_Vscroll_BG:
(0) 2093/FFFF88E8 :        Parallax_Current_Config:
(0) 2094/FFFF88EC :        Parallax_Target_Config:
(0) 2095/FFFF88F0 :        Parallax_Transition_Frames:
(0) 2096/FFFF88F1 :        Parallax_Snap_Pending:
(0) 2097/FFFF88F2 :        Parallax_Prev_Sec_X:
(0) 2098/FFFF88F3 :        Parallax_Prev_Sec_Y:
(0) 2099/FFFF88F4 :        Parallax_Vscroll_Column_Buf:
(0) 2100/FFFF8944 :        Parallax_Curve_Carry:
(0) 2101/FFFF8944 :        Parallax_Drift_Acc:
(0) 2102/FFFF8948 :        Parallax_Shadow_Bands:
(0) 2103/FFFF8A88 :        Parallax_Shadow_Scroll_A:
(0) 2104/FFFF8AA8 :        Parallax_Shadow_Scroll_B:
(0) 2105/FFFF8AC8 :        Parallax_State_End:
(0) 2106/FFFF8AC8 :        Raster_Program:
(0) 2107/FFFF8AC8 :        Raster_State:
(0) 2108/FFFF8ACC :        Raster_Cursor:
(0) 2109/FFFF8AD0 :        Raster_Pending:
(0) 2110/FFFF8AD4 :        Raster_Line:
(0) 2111/FFFF8AD6 :        Raster_Buf_A:
(0) 2112/FFFF8B56 :        Raster_Buf_B:
(0) 2113/FFFF8BD6 :        Raster_Active_Buf:
(0) 2114/FFFF8BDA :        Raster_Dense_Lines:
(0) 2115/FFFF8BDC :        Raster_Dense_Cursor:
(0) 2116/FFFF8BE0 :        Raster_Dense_Cmd:
(0) 2117/FFFF8BE4 :        Raster_Dense_Mode:
(0) 2118/FFFF8BE6 :        Raster_Ramp_Acc:
(0) 2119/FFFF8BEA :        Raster_Ramp_Step:
(0) 2120/FFFF8BEE :        Effects_World_Y:
(0) 2121/FFFF8BF6 :        Effects_Screen_L:
(0) 2122/FFFF8BFE :        Effects_Offscreen_Entry:
(0) 2123/FFFF8C02 :        Raster_Patch_Tab:
(0) 2124/FFFF8C06 :        Pal_Base:
(0) 2125/FFFF8C06 :        Palette_State:
(0) 2126/FFFF8C06 :        Raster_State_End:
(0) 2127/FFFF8C66 :        Pal_Target:
(0) 2128/FFFF8CC6 :        Pal_Variant_Stage:
(0) 2129/FFFF8DC6 :        Pal_Variant_Ptr:
(0) 2130/FFFF8DCE :        Pal_Cycle_Script:
(0) 2131/FFFF8DD2 :        Pal_Cycle_Timers:
(0) 2132/FFFF8DD6 :        Pal_Fade_Frames:
(0) 2133/FFFF8DD7 :        Pal_Op:
(0) 2134/FFFF8DD8 :        Pal_Op_Step:
(0) 2135/FFFF8DD9 :        Pal_Op_Timer:
(0) 2136/FFFF8DDA :        Pal_Active:
(0) 2137/FFFF8DDB :        Pal_Base_Dirty:
(0) 2138/FFFF8DDC :        Pal_Compose_Lines:
(0) 2139/FFFF8DDD :        Pal_Fade_Request:
(0) 2140/FFFF8DDE :        BgAnim_LastStep:
(0) 2141/FFFF8DDE :        Palette_State_End:
(0) 2142/FFFF8DE6 :        Static_Pal_Line0:
(0) 2143/FFFF8DF4 :        Static_Pal_Line1:
(0) 2144/FFFF8E02 :        Static_Pal_Line2:
(0) 2145/FFFF8E10 :        Static_Pal_Ship:
(0) 2146/FFFF8E1E :        Static_Pal_Line3:
(0) 2147/FFFF8E2C :        Static_Sprite_DMA:
(0) 2148/FFFF8E3A :        Static_Hscroll_Line:
(0) 2149/FFFF8E48 :        Object_RAM:
(0) 2150/FFFF8E48 :        Player_1:
(0) 2151/FFFF8E98 :        Player_2:
(0) 2152/FFFF8EE8 :        Dynamic_Slots:
(0) 2153/FFFF9B68 :        System_Slots:
(0) 2154/FFFF9DE8 :        Effect_Slots:
(0) 2155/FFFFA2E8 :        Dynamic_Free_Stack:
(0) 2156/FFFFA2E8 :        Object_RAM_End:
(0) 2157/FFFFA338 :        Dynamic_Free_SP:
(0) 2158/FFFFA33A :        Effect_Free_Stack:
(0) 2159/FFFFA35A :        Effect_Free_SP:
(0) 2160/FFFFA35C :        Sprite_Bands:
(0) 2161/FFFFA55C :        Sprite_Band_Counts:
(0) 2162/FFFFA564 :        Sprites_Rendered:
(0) 2163/FFFFA566 :        Sprite_Cycle_Counter:
(0) 2164/FFFFA568 :        SpriteMask_Y:
(0) 2165/FFFFA56A :        SpriteMask_Height:
(0) 2166/FFFFA56C :        SpriteMask_After_Band:
(0) 2167/FFFFA56E :        Scanline_Band_Sprites:
(0) 2168/FFFFA576 :        Camera_X:
(0) 2169/FFFFA57A :        Camera_Y:
(0) 2170/FFFFA57E :        Camera_X_Biased:
(0) 2171/FFFFA580 :        Camera_Y_Biased:
(0) 2172/FFFFA582 :        Game_Paused:
(0) 2173/FFFFA584 :        Plane_Buffer:
(0) 2174/FFFFAB84 :        Plane_Buffer_Ptr:
(0) 2175/FFFFAB86 :        Pos_table:
(0) 2176/FFFFAC86 :        H_scroll_frame_offset:
(0) 2177/FFFFAC88 :        Camera_Deadzone_Base:
(0) 2178/FFFFAC8A :        Camera_Lookahead:
(0) 2179/FFFFAC8C :        Camera_Pan_Offset:
(0) 2180/FFFFAC8E :        Camera_X_Max:
(0) 2181/FFFFAC90 :        Camera_Y_Max:
(0) 2182/FFFFAC92 :        Camera_Target:
(0) 2183/FFFFAC94 :        Camera_Curl_Offset:
(0) 2184/FFFFAC96 :        Camera_Hold_Frames:
(0) 2185/FFFFAC97 :        Camera_Art_Hold:
(0) 2186/FFFFAC98 :        Cache_Left_Col:
(0) 2187/FFFFAC9A :        Cache_Head_Col:
(0) 2188/FFFFAC9C :        Cache_Top_Row:
(0) 2189/FFFFAC9E :        Cache_Bottom_Row:
(0) 2190/FFFFACA0 :        Cache_Origin_Col:
(0) 2191/FFFFACA2 :        Cache_Origin_Row:
(0) 2192/FFFFACA4 :        Cache_Fill_Last_Frame:
(0) 2193/FFFFACA6 :        Cache_Fill_Resume_Col:
(0) 2194/FFFFACA8 :        Cache_Fill_Resume_Row:
(0) 2195/FFFFACAA :        Cache_Art_Stall:
(0) 2196/FFFFACAC :        Page_Free_Head:
(0) 2197/FFFFACAE :        Cache_Fill_Budget:
(0) 2198/FFFFACB0 :        Cache_Fill_RowResume_Row:
(0) 2199/FFFFACB2 :        Cache_Fill_RowResume_Col:
(0) 2200/FFFFACB4 :        Cache_Fill_Rows_Left:
(0) 2201/FFFFACB6 :        Cache_Prev_Cam_Row:
(0) 2202/FFFFACB8 :        Cache_Prev_Cam_X:
(0) 2203/FFFFACBA :        Cache_H_Pfx_Dir:
(0) 2204/FFFFACBC :        Cache_H_Pfx_Accum:
(0) 2205/FFFFACBE :        Cache_Pfx_Row_Target:
(0) 2206/FFFFACC0 :        Cache_Pfx_Col_Target:
(0) 2207/FFFFACC2 :        Cache_Pfx_Skip_Armed:
(0) 2208/FFFFACC4 :        Cache_Pfx_Lag_Flag:
(0) 2209/FFFFACC6 :        Block_Stage_Keys:
(0) 2210/FFFFAD06 :        Block_Stage_Next:
(0) 2211/FFFFAD08 :        Section_Top_Row_Written:
(0) 2212/FFFFAD0A :        Section_Bottom_Row_Written:
(0) 2213/FFFFAD0C :        Section_Plane_Dirty:
(0) 2214/FFFFAD0E :        Section_Right_Col_Written:
(0) 2215/FFFFAD10 :        Section_Left_Col_Written:
(0) 2216/FFFFAD12 :        Section_Fwd_Neighbor_Data:
(0) 2217/FFFFAD16 :        Section_Bwd_Neighbor_Data:
(0) 2218/FFFFAD1A :        Tile_Override_Table:
(0) 2219/FFFFAD7A :        Ring_Buffer:
(0) 2220/FFFFB07A :        Ring_Count:
(0) 2221/FFFFB07B :        Ring_HighWater:
(0) 2222/FFFFB07C :        Ring_Add_Dropped:
(0) 2223/FFFFB07E :        Entity_Scan_State:
(0) 2224/FFFFB0E6 :        Ring_Counter:
(0) 2225/FFFFB0E8 :        Ring_Anim_Frame:
(0) 2226/FFFFB0E9 :        Ring_Anim_Timer:
(0) 2227/FFFFB0EA :        Entity_Window_Active:
(0) 2228/FFFFB0EB :        Entity_Window_Center_ID:
(0) 2229/FFFFB0EC :        Entity_Window_Anchor:
(0) 2230/FFFFB0EE :        Entity_Window_OriginX:
(0) 2231/FFFFB0F0 :        Entity_Window_OriginY:
(0) 2232/FFFFB0F2 :        Entity_Loaded_Masks:
(0) 2233/FFFFB172 :        Entity_Mask_Scratch:
(0) 2234/FFFFB1F6 :        Camera_Y_Coarse_Prev:
(0) 2235/FFFFB1F8 :        Ring_Collected_Window:
(0) 2236/FFFFB32C :        Ring_Collected_Park:
(0) 2237/FFFFB3B0 :        Collected_Park_Next:
(0) 2238/FFFFB3B2 :        Current_Act_Ptr:
(0) 2239/FFFFB3B6 :        Ring_Sfx_Speaker:
(0) 2240/FFFFB3B8 :        Sfx_Ring_Buf:
(0) 2241/FFFFB3C0 :        Sfx_Ring_Wr:
(0) 2242/FFFFB3C1 :        Sfx_Ring_Rd:
(0) 2243/FFFFB3C2 :        Sound_Dbg_Mirror:
(0) 2244/FFFFB472 :        Dynamic_Live:
(0) 2245/FFFFB4C2 :        Dynamic_Live_Count:
(0) 2246/FFFFB4C4 :        Dynamic_Live_Dirty:
(0) 2247/FFFFB4C6 :        Dynamic_Live_Pending:
(0) 2248/FFFFB4D6 :        Dynamic_Live_Pending_Count:
(0) 2249/FFFFB4D8 :        Block_Stage_Gen:
(0) 2250/FFFFB4DA :        Pfx_Memo_Row:
(0) 2251/FFFFB4DC :        Pfx_Memo_L16:
(0) 2252/FFFFB4DE :        Pfx_Memo_H16:
(0) 2253/FFFFB4E0 :        Pfx_Memo_Gen:
(0) 2254/FFFFB4E2 :        Cs_Memo_Col:
(0) 2255/FFFFB4E4 :        Cs_Memo_T16:
(0) 2256/FFFFB4E6 :        Cs_Memo_B16:
(0) 2257/FFFFB4E8 :        Cs_Memo_Gen:
(0) 2258/FFFFB4EA :        HBlank_Vector_Slot:
(0) 2259/FFFFB4F0 :        Block_Stage_Ptrs:
(0) 2260/FFFFB530 :        Block_Stage_Maps:
(0) 2261/FFFFB570 :        Cache_Cur_LocalMap:
(0) 2262/FFFFB574 :        Block_Stage_ZeroPage:
(0) 2263/FFFFB874 :        PageIn_Saved_D0:
(0) 2264/FFFFB878 :        PageIn_Saved_D1:
(0) 2265/FFFFB87C :        PageIn_Saved_D2:
(0) 2266/FFFFB880 :        PageIn_Saved_A0:
(0) 2267/FFFFB884 :        PageIn_Saved_A1:
(0) 2268/FFFFB888 :        PageIn_Saved_A2:
(0) 2269/FFFFB88C :        PageIn_Saved_A3:
(0) 2270/FFFFB890 :        PageIn_Saved_PC:
(0) 2271/FFFFB894 :        PageIn_Saved_SR:
(0) 2272/FFFFB896 :        PageIn_InFlight:
(0) 2273/FFFFB897 :        PageIn_Suspended:
(0) 2274/FFFFB898 :        PageIn_Staging_Busy:
(0) 2275/FFFFB899 :        PageIn_Land_Pending:
(0) 2276/FFFFB89A :        PageIn_Queue_Count:
(0) 2277/FFFFB89B :        PageIn_Cur_Flags:
(0) 2278/FFFFB89C :        PageIn_Queue:
(0) 2279/FFFFB8BC :        PageIn_Cur_Dest:
(0) 2280/FFFFB8BE :        PageIn_Cur_Bytes:
(0) 2281/FFFFB8C0 :        PageIn_Cur_Page:
(0) 2282/FFFFB8C2 :        PageIn_Cur_Frame:
(0) 2283/FFFFB8C3 :        PageIn_Bulk_Drain:
(0) 2284/FFFFB8C4 :        PageIn_Pool_Table:
(0) 2285/FFFFB8C8 :        PageIn_Pool_Pages:
(0) 2286/FFFFB8CA :        PageIn_Fully_Resident:
(0) 2287/FFFFB8CB :        PageCache_Direct_Map:
(0) 2288/FFFFB8CC :        PageIn_Last_Frame:
(0) 2289/FFFFB8CE :        PageIn_Prev_Lagged:
(0) 2290/FFFFB8D0 :        PageIn_Pfx_Skip_Armed:
(0) 2291/FFFFB8D2 :        Page_Pfx_Budget:
(0) 2292/FFFFB8D4 :        Act_Art_Budget:
(0) 2293/FFFFB8D6 :        Art_Budget_Remaining:
(0) 2294/FFFFB8D8 :        Ctrl_1_Held_Raw:
(0) 2295/FFFFB8D9 :        Ctrl_2_Held_Raw:
(0) 2296/FFFFB8DA :        Ctrl_1_Ext_Held_Raw:
(0) 2297/FFFFB8DB :        Ctrl_2_Ext_Held_Raw:
(0) 2298/FFFFB8DC :        Palette_Ship_Snap:
(0) 2299/FFFFB95C :        Cheat_Flags:
(0) 2300/FFFFB95C :        Engine_RAM_End:
(0) 2301/FFFFB95E :        Character_ID:
(0) 2302/FFFFB960 :        Player_Chardef:
(0) 2303/FFFFB964 :        Player_Blocks:
(0) 2304/FFFFB98C :        Player_Death_Pending:
(0) 2305/FFFFB98E :        Player_Bound_Right:
(0) 2306/FFFFB990 :        Player_Bound_Bottom:
(0) 2307/FFFFBB00 :        Player_Pos_Ring:
(0) 2308/FFFFBC00 :        Player_Stat_Ring:
(0) 2309/FFFFBD00 :        Player_Ring_Index:
(0) 2310/FFFFBD02 :        Game_RAM_End:
  Symbol Table (* = unused):
  --------------------------

 Vectors : 0 C |
 GameHeader : 100 C |
 Checksum : 18E C |
 _header_tail : 190 C |
 EntryPoint : 200 C |
 $engine.boot$EntryPoint$wait_dma : 214 C |
 $engine.boot$EntryPoint$warm_boot : 214 C |
 $engine.boot$EntryPoint$cold_boot : 220 C |
 $engine.boot$EntryPoint$no_tmss : 236 C |
 $engine.boot$EntryPoint$vdp_loop : 24A C |
 $engine.boot$EntryPoint$wait_z80 : 264 C |
 $engine.boot$EntryPoint$load_z80 : 26C C |
 $engine.boot$EntryPoint$ym_delay : 276 C |
 $engine.boot$EntryPoint$clear_ram : 282 C |
 $engine.boot$EntryPoint$wait_fill : 288 C |
 $engine.boot$EntryPoint$silence_psg : 296 C |
 $engine.boot$EntryPoint$clear_cram : 2A4 C |
 $engine.boot$EntryPoint$clear_vsram : 2AE C |
 $engine.boot$asm1$wait_z80 : 2BC C |
 $engine.boot$EntryPoint$keyoff_part1 : 2D2 C |
 $engine.boot$EntryPoint$keyoff_part2 : 2DE C |
 $engine.boot$EntryPoint$pal : 332 C |
 $engine.boot$EntryPoint$region_done : 338 C |
 BootData : 3A0 C |
 BootData_VDPRegs : 3BA C |
 Z80_Sound_Start : 3D6 C |
 Z80_Sound_End : 1BEA C |
 __align$engine.boot_data$0 : 1BEA C |
 BootData_PostBlob : 1BF0 C |
 BootData_End : 1BFE C |
 VDP_Shadow_Init : 1C00 C |
 $engine.vdp_init$VDP_Shadow_Init$copy : 1C0A C |
 Flush_VDP_Shadow : 1C12 C |
 $engine.vdp_init$Flush_VDP_Shadow$loop : 1C22 C |
 Set_VDP_Reg : 1C30 C |
 Init_DMA_Queue : 1C3A C |
 QueueDMA_Critical : 1D58 C |
 QueueDMA_Important : 1D62 C |
 QueueDMA_Deferrable : 1D6C C |
 QueueDMA_Deferrable.transfer : 1D74 C |
 $engine.dma_queue$QueueDMA_Deferrable$finish_entry : 1DAA C |
 $engine.dma_queue$QueueDMA_Deferrable$full : 1DCA C |
 $engine.dma_queue$QueueDMA_Deferrable$byte_capped : 1DD2 C |
 $engine.dma_queue$QueueDMA_Deferrable$split : 1DDA C |
 $engine.dma_queue$QueueDMA_Deferrable$split_reject : 1E24 C |
 Process_DMA_Critical : 1E32 C |
 $engine.dma_queue$Process_DMA_Critical$jump_table : 1E3E C |
 $engine.dma_queue$Process_DMA_Critical$slot_0 : 1E3E C |
 $engine.dma_queue$Process_DMA_Critical$slot_1 : 1E4C C |
 $engine.dma_queue$Process_DMA_Critical$slot_2 : 1E5A C |
 $engine.dma_queue$Process_DMA_Critical$slot_3 : 1E68 C |
 $engine.dma_queue$Process_DMA_Critical$slot_4 : 1E76 C |
 $engine.dma_queue$Process_DMA_Critical$slot_5 : 1E84 C |
 $engine.dma_queue$Process_DMA_Critical$slot_6 : 1E92 C |
 $engine.dma_queue$Process_DMA_Critical$slot_7 : 1EA0 C |
 $engine.dma_queue$Process_DMA_Critical$slot_8 : 1EAE C |
 $engine.dma_queue$Process_DMA_Critical$drain_8 : 1EB8 C |
 $engine.dma_queue$Process_DMA_Critical$drain_7 : 1EC0 C |
 $engine.dma_queue$Process_DMA_Critical$drain_6 : 1EC8 C |
 $engine.dma_queue$Process_DMA_Critical$drain_5 : 1ED0 C |
 $engine.dma_queue$Process_DMA_Critical$drain_4 : 1ED8 C |
 $engine.dma_queue$Process_DMA_Critical$drain_3 : 1EE0 C |
 $engine.dma_queue$Process_DMA_Critical$drain_2 : 1EE8 C |
 $engine.dma_queue$Process_DMA_Critical$drain_1 : 1EF0 C |
 $engine.dma_queue$Process_DMA_Critical$done : 1EFE C |
 Process_DMA_Important : 1F00 C |
 $engine.dma_queue$Process_DMA_Important$done : 1F12 C |
 Process_DMA_Deferrable : 1F14 C |
 $engine.dma_queue$Process_DMA_Deferrable$done : 1F26 C |
 Drain_Budgeted_Queue : 1F28 C |
 $engine.dma_queue$Drain_Budgeted_Queue$loop : 1F30 C |
 $engine.dma_queue$Drain_Budgeted_Queue$out_of_budget : 1F52 C |
 $engine.dma_queue$Drain_Budgeted_Queue$compact : 1F56 C |
 $engine.dma_queue$Drain_Budgeted_Queue$no_drain : 1F64 C |
 Init_SpriteTable : 1F70 C |
 $engine.buffers$Init_SpriteTable$loop : 1F7A C |
 BuildStaticDMA : 1F92 C |
 Build_DMA_Entry : 2020 C |
 PlaneMapToVRAM : 2034 C |
 $engine.buffers$PlaneMapToVRAM$row : 2044 C |
 $engine.buffers$PlaneMapToVRAM$cell : 2048 C |
 Enqueue_Dirty_Buffers : 2056 C |
 $engine.buffers$asm5$drop : 2084 C |
 $engine.buffers$asm5$done : 2088 C |
 $engine.buffers$Enqueue_Dirty_Buffers$skip_pal0 : 20A8 C |
 $engine.buffers$asm6$drop : 20CE C |
 $engine.buffers$asm6$done : 20D2 C |
 $engine.buffers$Enqueue_Dirty_Buffers$skip_pal1 : 20F2 C |
 $engine.buffers$asm7$drop : 2118 C |
 $engine.buffers$asm7$done : 211C C |
 $engine.buffers$Enqueue_Dirty_Buffers$skip_pal2 : 213C C |
 $engine.buffers$asm8$drop : 2162 C |
 $engine.buffers$asm8$done : 2166 C |
 $engine.buffers$Enqueue_Dirty_Buffers$no_pal : 2186 C |
 $engine.buffers$Enqueue_Dirty_Buffers$skip_pal3 : 2186 C |
 $engine.buffers$Enqueue_Dirty_Buffers$ship_reg : 21B8 C |
 $engine.buffers$Enqueue_Dirty_Buffers$ship_dma : 21C2 C |
 $engine.buffers$asm9$drop : 21E2 C |
 $engine.buffers$Enqueue_Dirty_Buffers$no_ship : 21E6 C |
 $engine.buffers$asm9$done : 21E6 C |
 $engine.buffers$asm10$drop : 2212 C |
 $engine.buffers$asm10$done : 2216 C |
 $engine.buffers$Enqueue_Dirty_Buffers$no_spr : 221C C |
 $engine.buffers$asm11$drop : 2242 C |
 $engine.buffers$Enqueue_Dirty_Buffers$hs_done : 2246 C |
 $engine.buffers$asm11$done : 2246 C |
 VBlank_Handler : 2250 C |
 $engine.vblank$VBlank_Handler$no_bookmark : 227A C |
 $engine.vblank$VBlank_Handler$lag : 2288 C |
 $engine.vblank$VBlank_Handler$done : 228C C |
 VInt_Level : 2298 C |
 $engine.vblank$asm2$wait_z80 : 22A0 C |
 $engine.vblank$VInt_Level$charge_critical : 22E6 C |
 $engine.vblank$VInt_Level$charged_critical : 22F8 C |
 $engine.vblank$VInt_Level$budget_floored : 2308 C |
 $engine.vblank$VInt_Level$staging_idle : 2328 C |
 $engine.vblank$asm4$wait_z80 : 2334 C |
 VInt_Lag : 239E C |
 $engine.vblank$asm7$wait_z80 : 23A6 C |
 $engine.vblank$asm9$wait_z80 : 23DC C |
 VSync_Wait : 2406 C |
 $engine.vblank$VSync_Wait$wait : 2420 C |
 HBlank_Install : 2430 C |
 HBlank_Uninstall : 244C C |
 Read_Controllers : 2460 C |
 $engine.controllers$asm1$wait_z80 : 2468 C |
 $engine.controllers$Read_Controllers$read_pad_6 : 24D4 C |
 $engine.controllers$Read_Controllers$socd_lr_ok : 253C C |
 $engine.controllers$Read_Controllers$socd_ud_ok : 254C C |
 $engine.controllers$Read_Controllers$three_button : 256A C |
 GameLoop : 256E C |
 GameState_Idle : 2588 C |
 Input_Tick : 2590 C |
 $engine.replay$Input_Tick$live : 259C C |
 $engine.replay$Input_Tick$playback : 259E C |
 $engine.replay$Input_Tick$no_exit : 25AA C |
 $engine.replay$Input_Tick$fetch : 25B0 C |
 $engine.replay$Input_Tick$fetch_a0 : 25B4 C |
 $engine.replay$Input_Tick$pair : 25CA C |
 $engine.replay$Input_Tick$hold : 25D4 C |
 $engine.replay$Input_Tick$apply : 25DC C |
 $engine.replay$Input_Tick$end : 25F2 C |
 $engine.replay$Input_Tick$bad_stream : 25FC C |
 Replay_Hash : 25FE C |
 $engine.replay$Replay_Hash$hash_next : 2604 C |
 $engine.replay$Replay_Hash$hash_fold : 260C C |
 $engine.replay$Replay_Hash$hash_wtail : 2616 C |
 $engine.replay$Replay_Hash$int_fold : 2640 C |
 $engine.replay$Replay_Hash$hash_table : 2676 C |
 S4LZ_DecompressDict : 26E0 C |
 S4LZ_Decompress : 26E4 C |
 $engine.s4lz$S4LZ_Decompress$token_loop : 26EC C |
 $engine.s4lz$S4LZ_Decompress$lit_end : 2726 C |
 $engine.s4lz$S4LZ_Decompress$no_literals : 2726 C |
 $engine.s4lz$S4LZ_Decompress$offmark_zero : 2736 C |
 $engine.s4lz$S4LZ_Decompress$have_offset : 2740 C |
 $engine.s4lz$S4LZ_Decompress$src_in_dest : 274A C |
 $engine.s4lz$S4LZ_Decompress$match_end : 2774 C |
 $engine.s4lz$S4LZ_Decompress$lit_extended : 2778 C |
 $engine.s4lz$S4LZ_Decompress$lit_dbf_loop : 277C C |
 $engine.s4lz$S4LZ_Decompress$match_extended : 2784 C |
 $engine.s4lz$S4LZ_Decompress$match_dbf_loop : 2788 C |
 $engine.s4lz$S4LZ_Decompress$stream_done : 2792 C |
 $engine.s4lz$S4LZ_Decompress$return : 27A2 C |
 TileDelta_Undo : 27A4 C |
 $engine.s4lz$TileDelta_Undo$tile_loop : 27B2 C |
 $engine.s4lz$TileDelta_Undo$done : 27D6 C |
 ZX0R_Decompress : 27D8 C |
 $engine.zx0_resume$ZX0R_Decompress$literals : 27DC C |
 $engine.zx0_resume$ZX0R_Decompress$lit_elias : 27DE C |
 $engine.zx0_resume$ZX0R_Decompress$lit_got : 27E6 C |
 $engine.zx0_resume$ZX0R_Decompress$lit_done : 27EE C |
 $engine.zx0_resume$ZX0R_Decompress$copy_lits : 27F0 C |
 $engine.zx0_resume$ZX0R_Decompress$rep_match : 27FA C |
 $engine.zx0_resume$ZX0R_Decompress$rep_elias : 27FC C |
 $engine.zx0_resume$ZX0R_Decompress$rep_got : 2804 C |
 $engine.zx0_resume$ZX0R_Decompress$do_copy : 280C C |
 $engine.zx0_resume$ZX0R_Decompress$do_copy_offs : 280E C |
 $engine.zx0_resume$ZX0R_Decompress$copy_match : 2812 C |
 $engine.zx0_resume$ZX0R_Decompress$get_offset : 281C C |
 $engine.zx0_resume$ZX0R_Decompress$off_elias : 281E C |
 $engine.zx0_resume$ZX0R_Decompress$off_got : 2826 C |
 $engine.zx0_resume$ZX0R_Decompress$off_done : 282E C |
 $engine.zx0_resume$ZX0R_Decompress$len_elias : 283E C |
 $engine.zx0_resume$ZX0R_Decompress$len_loop : 2842 C |
 $engine.zx0_resume$ZX0R_Decompress$len_got : 284A C |
 $engine.zx0_resume$ZX0R_Decompress$done : 284E C |
 GetSineCosine : 2850 C |
 ZX0R_Decompress.__end : 2850 C |
 Sine_Table : 2868 C |
 GetArcTan : 2AE8 C |
 $engine.math$GetArcTan$abs_x_ok : 2B00 C |
 $engine.math$GetArcTan$abs_y_ok : 2B06 C |
 $engine.math$GetArcTan$fold : 2B16 C |
 $engine.math$GetArcTan$quadrant : 2B20 C |
 $engine.math$GetArcTan$x_pos : 2B2A C |
 $engine.math$GetArcTan$y_pos : 2B34 C |
 $engine.math$GetArcTan$zero : 2B3A C |
 ArcTan_Table : 2B44 C |
 Perform_DPLC : 2C48 C |
 $engine.objects.dplc$asm1$entry_loop : 2C64 C |
 $engine.objects.dplc$asm1$done : 2C98 C |
 Perform_DPLC_Deferrable : 2C9A C |
 $engine.objects.dplc$asm3$entry_loop : 2CB6 C |
 $engine.objects.dplc$asm3$done : 2CEA C |
 InitObjectRAM : 2CF0 C |
 $engine.objects.core$InitObjectRAM$clear : 2CFA C |
 $engine.objects.core$InitObjectRAM$push_dyn : 2D0C C |
 $engine.objects.core$InitObjectRAM$push_eff : 2D28 C |
 AllocDynamic : 2D42 C |
 $engine.objects.core$AllocDynamic$append : 2D84 C |
 $engine.objects.core$AllocDynamic$latch_full : 2D9E C |
 $engine.objects.core$AllocDynamic$full : 2DA2 C |
 AllocEffect : 2DA6 C |
 $engine.objects.core$AllocEffect$full : 2DBC C |
 DeleteObject : 2DC0 C |
 $engine.objects.core$DeleteObject$no_cascade : 2DD6 C |
 $engine.objects.core$DeleteObject$check_effect : 2DEA C |
 $engine.objects.core$DeleteObject$effect_pool : 2DF0 C |
 $engine.objects.core$DeleteObject$dynamic_pool : 2DFC C |
 $engine.objects.core$DeleteObject$dyn_zero_scan : 2E1A C |
 $engine.objects.core$DeleteObject$dyn_zero_hit : 2E24 C |
 $engine.objects.core$DeleteObject$dyn_zero_pending : 2E26 C |
 $engine.objects.core$DeleteObject$dyn_pend_scan : 2E32 C |
 $engine.objects.core$DeleteObject$dyn_pend_hit : 2E3C C |
 $engine.objects.core$DeleteObject$dyn_zero_done : 2E3E C |
 $engine.objects.core$DeleteObject$clear_slot : 2E40 C |
 CompactDynamicLive : 2E6E C |
 $engine.objects.core$CompactDynamicLive$loop : 2E7E C |
 $engine.objects.core$CompactDynamicLive$next : 2E8A C |
 $engine.objects.core$CompactDynamicLive$recount : 2E8E C |
 DrainDynamicPending : 2EA2 C |
 $engine.objects.core$DrainDynamicPending$loop : 2EB8 C |
 $engine.objects.core$DrainDynamicPending$next : 2EC6 C |
 $engine.objects.core$DrainDynamicPending$clear : 2ECA C |
 RunObjects : 2ED0 C |
 $engine.objects.core$RunObjects$reconcile : 2F04 C |
 $engine.objects.core$RunObjects$no_reconcile : 2F0A C |
 $engine.objects.core$RunObjects$always_loop : 2F0C C |
 $engine.objects.core$RunObjects$run_always : 2F0C C |
 $engine.objects.core$RunObjects$always_next : 2F18 C |
 $engine.objects.core$RunObjects$run_culled : 2F22 C |
 $engine.objects.core$RunObjects$culled_loop : 2F2E C |
 $engine.objects.core$asm28$abs : 2F44 C |
 $engine.objects.core$asm29$abs : 2F56 C |
 $engine.objects.core$RunObjects$culled_next : 2F6A C |
 $engine.objects.core$RunObjects$culled_done : 2F6E C |
 Debug_AssertObjLoop : 2F70 C |
 RunObjects_Frozen : 2F70 C |
 $engine.objects.core$RunObjects_Frozen$frozen_dyn_loop : 2F86 C |
 $engine.objects.core$RunObjects_Frozen$frozen_dyn_next : 2F92 C |
 $engine.objects.core$RunObjects_Frozen$frozen_dyn_done : 2F96 C |
 $engine.objects.core$RunObjects_Frozen$frozen_fixed : 2FA2 C |
 $engine.objects.core$RunObjects_Frozen$frozen_fixed_loop : 2FA2 C |
 $engine.objects.core$RunObjects_Frozen$frozen_fixed_next : 2FA8 C |
 ObjectMove : 2FB2 C |
 ObjectMoveX : 2FCC C |
 ObjectMoveY : 2FDA C |
 InitSpriteSystem : 2FF0 C |
 Draw_Sprite : 3004 C |
 $engine.objects.sprites$Draw_Sprite$no_parent : 3016 C |
 $engine.objects.sprites$Draw_Sprite$screen_coords : 3072 C |
 $engine.objects.sprites$Draw_Sprite$cascade : 3090 C |
 $engine.objects.sprites$Draw_Sprite$band_has_room : 309E C |
 $engine.objects.sprites$Draw_Sprite$all_bands_full : 30B8 C |
 $engine.objects.sprites$Draw_Sprite$offscreen : 30BA C |
 Render_Sprites : 30C2 C |
 $engine.objects.sprites$Render_Sprites$band_loop : 30EC C |
 $engine.objects.sprites$Render_Sprites$reverse_band : 3116 C |
 $engine.objects.sprites$Render_Sprites$object_loop : 3120 C |
 $engine.objects.sprites$Render_Sprites$screen_pos : 3176 C |
 $engine.objects.sprites$Render_Sprites$have_pos : 3186 C |
 $engine.objects.sprites$Render_Sprites$budget_ok : 31B6 C |
 $engine.objects.sprites$Render_Sprites$multi_sprite : 31CE C |
 $engine.objects.sprites$Render_Sprites$sibling_loop : 31DA C |
 $engine.objects.sprites$Render_Sprites$child_screen_pos : 3226 C |
 $engine.objects.sprites$Render_Sprites$child_have_pos : 3236 C |
 $engine.objects.sprites$Render_Sprites$sibling_advance : 324A C |
 $engine.objects.sprites$Render_Sprites$multi_done : 3250 C |
 $engine.objects.sprites$Render_Sprites$next_object : 3252 C |
 $engine.objects.sprites$Render_Sprites$next_band : 3258 C |
 $engine.objects.sprites$Render_Sprites$no_mask_insert : 326A C |
 $engine.objects.sprites$Render_Sprites$done : 3276 C |
 $engine.objects.sprites$Render_Sprites$empty_table : 329C C |
 $engine.objects.sprites$Render_Sprites$still_empty : 32BE C |
 $engine.objects.sprites$Render_Sprites$band_limit_pop : 32C4 C |
 CellOffsets_XFlip : 32C8 C |
 Emit_ObjectPieces : 32D8 C |
 $engine.objects.sprites$Emit_ObjectPieces$pieces_unflipped : 32F0 C |
 $engine.objects.sprites$asm4$piece_loop : 32F2 C |
 $engine.objects.sprites$asm9$x_ok : 330E C |
 $engine.objects.sprites$Emit_ObjectPieces$pieces_xflip : 331A C |
 $engine.objects.sprites$asm10$piece_loop : 331C C |
 $engine.objects.sprites$asm15$x_ok : 334A C |
 $engine.objects.sprites$Emit_ObjectPieces$pieces_yflip : 3356 C |
 $engine.objects.sprites$asm16$piece_loop : 3358 C |
 $engine.objects.sprites$asm21$x_ok : 3386 C |
 $engine.objects.sprites$Emit_ObjectPieces$pieces_xyflip : 3392 C |
 $engine.objects.sprites$asm22$piece_loop : 3394 C |
 $engine.objects.sprites$asm27$x_ok : 33D0 C |
 InsertSpriteMasks : 33DC C |
 $engine.objects.sprites$InsertSpriteMasks$mask_loop : 33E6 C |
 $engine.objects.sprites$InsertSpriteMasks$masks_done : 3408 C |
 AnimateSprite : 3410 C |
 $engine.objects.animate$asm1$rt_static : 3448 C |
 $engine.objects.animate$AnimateSprite$set_frame : 3460 C |
 $engine.objects.animate$AnimateSprite$done : 3468 C |
 $engine.objects.animate$AnimateSprite$anim_changed : 346A C |
 $engine.objects.animate$asm2$rt_static : 3486 C |
 $engine.objects.animate$AnimateSprite$control_code : 3498 C |
 $engine.objects.animate$AnimateSprite$cc_table : 34AC C |
 $engine.objects.animate$AnimateSprite$cc_end : 34D0 C |
 $engine.objects.animate$AnimateSprite$cc_back : 34E4 C |
 $engine.objects.animate$AnimateSprite$cc_change : 3502 C |
 $engine.objects.animate$AnimateSprite$cc_routine : 350E C |
 $engine.objects.animate$AnimateSprite$cc_delete : 3514 C |
 $engine.objects.animate$AnimateSprite$evt_callback : 3518 C |
 $engine.objects.animate$AnimateSprite$evt_cb_done : 3536 C |
 $engine.objects.animate$AnimateSprite$evt_sound : 353C C |
 $engine.objects.animate$AnimateSprite$evt_collision : 354A C |
 $engine.objects.animate$AnimateSprite$evt_set_field : 3556 C |
 $engine.objects.animate$AnimateSprite$after_event : 3566 C |
 RefreshSpritePieceCount : 357C C |
 $engine.objects.animate$asm4$no_mappings : 359E C |
 $engine.objects.animate$asm4$rpc_done : 35A2 C |
 TouchResponse : 35A4 C |
 $engine.objects.collision$TouchResponse$player_loop : 35AE C |
 $engine.objects.collision$TouchResponse$dyn_loop : 35D4 C |
 $engine.objects.collision$asm2$aov : 35FE C |
 $engine.objects.collision$asm4$aov : 3622 C |
 $engine.objects.collision$asm1$overlap_done : 364C C |
 $engine.objects.collision$TouchResponse$dyn_next : 3654 C |
 $engine.objects.collision$TouchResponse$dyn_done : 3658 C |
 $engine.objects.collision$TouchResponse$fixed_loop : 3660 C |
 $engine.objects.collision$asm7$aov : 3684 C |
 $engine.objects.collision$asm9$aov : 36A8 C |
 $engine.objects.collision$asm6$overlap_done : 36D2 C |
 $engine.objects.collision$TouchResponse$fixed_next : 36DA C |
 $engine.objects.collision$TouchResponse$next_player : 36E2 C |
 Touch_HandlerTable : 36EE C |
 Touch_Boss : 3722 C |
 Touch_Bubble : 3722 C |
 Touch_Enemy : 3722 C |
 Touch_Monitor : 3722 C |
 Touch_None : 3722 C |
 Touch_Projectile : 3722 C |
 Touch_Ring : 3722 C |
 Touch_SolidBreak : 3722 C |
 Touch_SolidHurt : 3722 C |
 Touch_Spring : 3722 C |
 Touch_Touch : 3722 C |
 Touch_Hurt : 3724 C |
 Touch_Solid : 3726 C |
 $engine.objects.collision$asm25$abs : 3730 C |
 $engine.objects.collision$asm26$abs : 373A C |
 $engine.objects.collision$Touch_Solid$solid_top : 3760 C |
 $engine.objects.collision$Touch_Solid$solid_side : 378A C |
 $engine.objects.collision$Touch_Solid$solid_push_left : 379A C |
 $engine.objects.collision$Touch_Solid$solid_done : 37A2 C |
 RingBuffer_Add : 37A4 C |
 $engine.objects.rings$RingBuffer_Add$not_record : 37D8 C |
 $engine.objects.rings$RingBuffer_Add$full : 37DE C |
 RingBuffer_Remove : 37E8 C |
 $engine.objects.rings$RingBuffer_Remove$done : 381A C |
 RingBuffer_Clear : 381C C |
 DrawRings : 382A C |
 $engine.objects.rings$DrawRings$frame_ok : 3844 C |
 $engine.objects.rings$DrawRings$no_anim_tick : 3848 C |
 $engine.objects.rings$DrawRings$ring_loop : 3876 C |
 $engine.objects.rings$DrawRings$x_ok : 38B0 C |
 $engine.objects.rings$DrawRings$skip_ring : 38B2 C |
 $engine.objects.rings$DrawRings$done : 38B8 C |
 RingCollision : 38BA C |
 $engine.objects.rings$RingCollision$player_loop : 38C2 C |
 $engine.objects.rings$RingCollision$ring_loop : 38E8 C |
 $engine.objects.rings$asm5$aov : 38FC C |
 $engine.objects.rings$asm7$aov : 3918 C |
 $engine.objects.rings$RingCollision$no_loaded_bit : 393E C |
 $engine.objects.rings$RingCollision$no_hit : 3952 C |
 $engine.objects.rings$RingCollision$next_player : 3958 C |
 Collected_Init : 3964 C |
 $engine.objects.entity_window$Collected_Init$loop : 396A C |
 $engine.objects.entity_window$Collected_Init$park_loop : 39A0 C |
 Collected_FindSlot : 39B2 C |
 $engine.objects.entity_window$Collected_FindSlot$scan : 39B8 C |
 $engine.objects.entity_window$Collected_FindSlot$found : 39C8 C |
 Collected_CheckRing : 39CC C |
 $engine.objects.entity_window$Collected_CheckRing$uncollected : 39E2 C |
 Collected_MarkRing : 39E6 C |
 $engine.objects.entity_window$Collected_MarkRing$done : 39F8 C |
 Killed_CheckObject : 39FA C |
 $engine.objects.entity_window$Killed_CheckObject$alive : 3A10 C |
 Killed_MarkObject : 3A14 C |
 $engine.objects.entity_window$Killed_MarkObject$markdone : 3A3C C |
 Collected_ClaimSlot : 3A3E C |
 $engine.objects.entity_window$Collected_ClaimSlot$find : 3A4A C |
 $engine.objects.entity_window$Collected_ClaimSlot$claim : 3A5C C |
 $engine.objects.entity_window$Collected_ClaimSlot$already_owned : 3A86 C |
 Collected_ParkSlot : 3A8A C |
 $engine.objects.entity_window$Collected_ParkSlot$park : 3AAE C |
 $engine.objects.entity_window$Collected_ParkSlot$reuse_scan : 3AB6 C |
 $engine.objects.entity_window$Collected_ParkSlot$index_step : 3AD0 C |
 $engine.objects.entity_window$Collected_ParkSlot$index_done : 3AD8 C |
 $engine.objects.entity_window$Collected_ParkSlot$write : 3AE8 C |
 $engine.objects.entity_window$Collected_ParkSlot$copy_ring : 3AF2 C |
 $engine.objects.entity_window$Collected_ParkSlot$copy_killed : 3B00 C |
 Collected_UnparkSlot : 3B0A C |
 $engine.objects.entity_window$Collected_UnparkSlot$scan : 3B10 C |
 $engine.objects.entity_window$Collected_UnparkSlot$hit : 3B1E C |
 $engine.objects.entity_window$Collected_UnparkSlot$copy_ring : 3B2A C |
 $engine.objects.entity_window$Collected_UnparkSlot$copy_killed : 3B38 C |
 Collected_UpdateCenter : 3B42 C |
 $engine.objects.entity_window$Collected_UpdateCenter$div_center : 3B50 C |
 $engine.objects.entity_window$Collected_UpdateCenter$div_center_done : 3B5A C |
 $engine.objects.entity_window$Collected_UpdateCenter$slot_loop : 3B60 C |
 $engine.objects.entity_window$Collected_UpdateCenter$div_slot : 3B6E C |
 $engine.objects.entity_window$Collected_UpdateCenter$div_slot_done : 3B78 C |
 $engine.objects.entity_window$asm12$abs : 3B7E C |
 $engine.objects.entity_window$asm13$abs : 3B8A C |
 $engine.objects.entity_window$Collected_UpdateCenter$evict : 3B90 C |
 $engine.objects.entity_window$Collected_UpdateCenter$slot_next : 3BBC C |
 EntityLoaded_Test : 3BC6 C |
 EntityLoaded_Set : 3BDA C |
 EntityLoaded_Clear : 3BEE C |
 EntityWindow_EntryForSection : 3C02 C |
 $engine.objects.entity_window$EntityWindow_EntryForSection$efs_loop : 3C08 C |
 $engine.objects.entity_window$EntityWindow_EntryForSection$efs_found : 3C1C C |
 EntityWindow_InitSection : 3C20 C |
 $engine.objects.entity_window$EntityWindow_InitSection$clear_mask : 3C34 C |
 $engine.objects.entity_window$EntityWindow_InitSection$same_section : 3C3A C |
 EntityWindow_DeriveWindow : 3C6C C |
 $engine.objects.entity_window$EntityWindow_DeriveWindow$x0_ok : 3C7C C |
 $engine.objects.entity_window$EntityWindow_DeriveWindow$y0_ok : 3C8A C |
 EntityWindow_BuildEntries : 3C90 C |
 $engine.objects.entity_window$EntityWindow_BuildEntries$entry_loop : 3CB0 C |
 $engine.objects.entity_window$EntityWindow_BuildEntries$x_done : 3CE4 C |
 $engine.objects.entity_window$EntityWindow_BuildEntries$y_done : 3CF2 C |
 $engine.objects.entity_window$EntityWindow_BuildEntries$void_entry : 3D06 C |
 $engine.objects.entity_window$EntityWindow_BuildEntries$next_entry : 3D10 C |
 EntityWindow_Init : 3D22 C |
 $engine.objects.entity_window$EntityWindow_Init$clear_loaded : 3D34 C |
 $engine.objects.entity_window$EntityWindow_Init$clear_scan : 3D42 C |
 EntityWindow_Scan : 3D8C C |
 $engine.objects.entity_window$EntityWindow_Scan$no_rescan : 3DB8 C |
 $engine.objects.entity_window$EntityWindow_Scan$slide : 3DC8 C |
 $engine.objects.entity_window$EntityWindow_Scan$no_slide : 3DD0 C |
 $engine.objects.entity_window$EntityWindow_Scan$section_loop : 3DDA C |
 $engine.objects.entity_window$EntityWindow_Scan$skip_rings : 3DEC C |
 $engine.objects.entity_window$EntityWindow_Scan$section_next : 3DF8 C |
 $engine.objects.entity_window$EntityWindow_Scan$skip_objs : 3DF8 C |
 $engine.objects.entity_window$EntityWindow_Scan$scan_done : 3E04 C |
 EntityWindow_TrySpawnRing : 3E0C C |
 $engine.objects.entity_window$EntityWindow_TrySpawnRing$gated : 3E7A C |
 $engine.objects.entity_window$EntityWindow_TrySpawnRing$out_of_band : 3E7E C |
 EntityWindow_ScanRingsRight : 3E80 C |
 $engine.objects.entity_window$EntityWindow_ScanRingsRight$loop : 3E94 C |
 $engine.objects.entity_window$EntityWindow_ScanRingsRight$at_edge : 3EAA C |
 $engine.objects.entity_window$EntityWindow_ScanRingsRight$at_terminator : 3EB2 C |
 EntityWindow_PopulateSectionRings : 3EBC C |
 $engine.objects.entity_window$EntityWindow_PopulateSectionRings$pfind : 3ED4 C |
 $engine.objects.entity_window$EntityWindow_PopulateSectionRings$pfound : 3EE6 C |
 $engine.objects.entity_window$EntityWindow_PopulateSectionRings$ploop : 3EEC C |
 $engine.objects.entity_window$EntityWindow_PopulateSectionRings$pdone : 3EFA C |
 EntityWindow_TrySpawnObject : 3EFC C |
 $engine.objects.entity_window$EntityWindow_TrySpawnObject$y_ok : 3F22 C |
 $engine.objects.entity_window$EntityWindow_TrySpawnObject$tag_plain : 3F8E C |
 $engine.objects.entity_window$EntityWindow_TrySpawnObject$gated : 3FAA C |
 $engine.objects.entity_window$EntityWindow_TrySpawnObject$out_of_band : 3FAE C |
 EntityWindow_ScanObjectsRight : 3FB0 C |
 $engine.objects.entity_window$EntityWindow_ScanObjectsRight$obj_loop : 3FCA C |
 $engine.objects.entity_window$EntityWindow_ScanObjectsRight$obj_at_edge : 3FDE C |
 $engine.objects.entity_window$EntityWindow_ScanObjectsRight$obj_at_terminator : 3FE8 C |
 EntityWindow_RescanY : 3FF4 C |
 $engine.objects.entity_window$EntityWindow_RescanY$entry_loop : 4000 C |
 $engine.objects.entity_window$EntityWindow_RescanY$entry_next : 400C C |
 $engine.objects.entity_window$EntityWindow_RescanY$done : 4018 C |
 EntityWindow_RescanRings : 401A C |
 $engine.objects.entity_window$EntityWindow_RescanRings$loop : 4028 C |
 $engine.objects.entity_window$EntityWindow_RescanRings$done : 4038 C |
 EntityWindow_RescanObjects : 403A C |
 $engine.objects.entity_window$EntityWindow_RescanObjects$loop : 404A C |
 $engine.objects.entity_window$EntityWindow_RescanObjects$done : 405A C |
 EntityWindow_DespawnRings : 405C C |
 $engine.objects.entity_window$EntityWindow_DespawnRings$loop : 4076 C |
 $engine.objects.entity_window$EntityWindow_DespawnRings$check_active : 408E C |
 $engine.objects.entity_window$EntityWindow_DespawnRings$check_y : 40AA C |
 $engine.objects.entity_window$EntityWindow_DespawnRings$remove : 40C2 C |
 $engine.objects.entity_window$EntityWindow_DespawnRings$clr_ring_skip : 40DC C |
 $engine.objects.entity_window$EntityWindow_DespawnRings$next : 40E2 C |
 $engine.objects.entity_window$EntityWindow_DespawnRings$done : 40E6 C |
 EntityWindow_DespawnObjects : 40E8 C |
 $engine.objects.entity_window$EntityWindow_DespawnObjects$have_live : 40F0 C |
 $engine.objects.entity_window$EntityWindow_DespawnObjects$loop : 40F6 C |
 $engine.objects.entity_window$EntityWindow_DespawnObjects$check_active : 4108 C |
 $engine.objects.entity_window$EntityWindow_DespawnObjects$check_y : 4124 C |
 $engine.objects.entity_window$EntityWindow_DespawnObjects$despawn : 4142 C |
 $engine.objects.entity_window$EntityWindow_DespawnObjects$clr_obj_skip : 4160 C |
 $engine.objects.entity_window$EntityWindow_DespawnObjects$next : 416C C |
 EntityWindow_MigrateMasks : 4172 C |
 $engine.objects.entity_window$EntityWindow_MigrateMasks$new_loop : 4174 C |
 $engine.objects.entity_window$EntityWindow_MigrateMasks$old_loop : 4194 C |
 $engine.objects.entity_window$EntityWindow_MigrateMasks$match : 41A2 C |
 $engine.objects.entity_window$EntityWindow_MigrateMasks$copy : 41B6 C |
 $engine.objects.entity_window$EntityWindow_MigrateMasks$new_next : 41BC C |
 EntityWindow_Slide : 41C6 C |
 $engine.objects.entity_window$EntityWindow_Slide$snapshot : 41E0 C |
 $engine.objects.entity_window$EntityWindow_Slide$populate_loop : 4224 C |
 $engine.objects.entity_window$EntityWindow_Slide$old_id_scan : 4236 C |
 $engine.objects.entity_window$EntityWindow_Slide$populate_next : 4244 C |
 PopulateSpawnedPieceCount : 4260 C |
 $engine.objects.children$asm1$no_mappings : 4284 C |
 $engine.objects.children$asm1$rpc_done : 4288 C |
 CreateChild_Normal : 428C C |
 $engine.objects.children$CreateChild_Normal$child_loop : 4298 C |
 $engine.objects.children$CreateChild_Normal$alloc_fail : 42EA C |
 $engine.objects.children$CreateChild_Normal$done : 42EC C |
 CreateChild_Complex : 42F2 C |
 $engine.objects.children$CreateChild_Complex$child_loop : 42FE C |
 $engine.objects.children$CreateChild_Complex$alloc_fail : 4368 C |
 $engine.objects.children$CreateChild_Complex$done : 436A C |
 CreateChild_FlipAware : 4370 C |
 $engine.objects.children$CreateChild_FlipAware$no_flip : 437C C |
 $engine.objects.children$CreateChild_FlipAware$child_loop : 4388 C |
 $engine.objects.children$CreateChild_FlipAware$rf_no_flip : 43F6 C |
 $engine.objects.children$CreateChild_FlipAware$alloc_fail : 4406 C |
 $engine.objects.children$CreateChild_FlipAware$done : 4408 C |
 CreateChild_Linked : 440E C |
 $engine.objects.children$CreateChild_Linked$spawn_loop : 4428 C |
 $engine.objects.children$CreateChild_Linked$first_child : 447A C |
 $engine.objects.children$CreateChild_Linked$linked : 447E C |
 $engine.objects.children$CreateChild_Linked$link_fail : 4488 C |
 $engine.objects.children$CreateChild_Linked$done : 4496 C |
 DeleteChildren : 4498 C |
 $engine.objects.children$DeleteChildren$walk_chain : 44A4 C |
 $engine.objects.children$DeleteChildren$done : 44B4 C |
 CreateEffect_Normal : 44B6 C |
 $engine.objects.children$CreateEffect_Normal$effect_loop : 44BE C |
 $engine.objects.children$CreateEffect_Normal$alloc_fail : 4506 C |
 $engine.objects.children$CreateEffect_Normal$done : 4508 C |
 CreateEffect_Simple : 450A C |
 $engine.objects.children$CreateEffect_Simple$spawn_loop : 451A C |
 $engine.objects.children$CreateEffect_Simple$done : 4548 C |
 $engine.objects.children$CreateEffect_Simple$alloc_fail : 454A C |
 Load_Object : 4550 C |
 $engine.objects.load_object$Load_Object$no_piece_count : 45B8 C |
 $engine.objects.load_object$Load_Object$alloc_fail : 45BC C |
 $engine.objects.load_object$Load_ObjectList$loop : 45C4 C |
 Load_ObjectList : 45C4 C |
 $engine.objects.load_object$Load_ObjectList$done : 45D6 C |
 Plane_Buffer_Reset : 45D8 C |
 Draw_TileColumn : 45E0 C |
 $engine.plane_buffer$Draw_TileColumn$col_nowrap : 4616 C |
 $engine.plane_buffer$Draw_TileColumn$pA_clamp : 4674 C |
 $engine.plane_buffer$Draw_TileColumn$pA_zero : 4680 C |
 $engine.plane_buffer$Draw_TileColumn$pA_zend : 4686 C |
 $engine.plane_buffer$Draw_TileColumn$pB_dok : 46AC C |
 $engine.plane_buffer$Draw_TileColumn$pB_zfill : 46B8 C |
 $engine.plane_buffer$Draw_TileColumn$pB_allz : 46C0 C |
 $engine.plane_buffer$Draw_TileColumn$pB_az : 46C4 C |
 $engine.plane_buffer$Draw_TileColumn$no_pB : 46CA C |
 $engine.plane_buffer$Draw_TileColumn$pB_zend : 46CA C |
 $engine.plane_buffer$Draw_TileColumn$sz_ok : 46D8 C |
 $engine.plane_buffer$Draw_TileColumn$done : 46E0 C |
 $engine.plane_buffer$Draw_TileColumn$copy_col_run : 46E2 C |
 $engine.plane_buffer$Draw_TileColumn$ccr_drain : 46FC C |
 $engine.plane_buffer$Draw_TileColumn$ccr_quad : 470A C |
 $engine.plane_buffer$Draw_TileColumn$ccr_rem_entry : 4720 C |
 $engine.plane_buffer$Draw_TileColumn$ccr_rem : 4726 C |
 $engine.plane_buffer$Draw_TileColumn$ccr_drained : 4730 C |
 $engine.plane_buffer$Draw_TileColumn$ccr_ret : 4732 C |
 Draw_TileRow_FromCache : 4734 C |
 $engine.plane_buffer$Draw_TileRow_FromCache$row_nowrap : 477C C |
 $engine.plane_buffer$Draw_TileRow_FromCache$r_clamp_ok : 479C C |
 $engine.plane_buffer$Draw_TileRow_FromCache$row_emit_done : 47C4 C |
 $engine.plane_buffer$Draw_TileRow_FromCache$done : 47D4 C |
 $engine.plane_buffer$Draw_TileRow_FromCache$emit_row_run : 47D6 C |
 $engine.plane_buffer$Draw_TileRow_FromCache$err_nonneg : 47E0 C |
 $engine.plane_buffer$Draw_TileRow_FromCache$err_norm : 47EA C |
 $engine.plane_buffer$Draw_TileRow_FromCache$err_run1 : 4804 C |
 $engine.plane_buffer$Draw_TileRow_FromCache$err_run1_tail : 480A C |
 $engine.plane_buffer$Draw_TileRow_FromCache$err_run1_done : 4812 C |
 $engine.plane_buffer$Draw_TileRow_FromCache$err_single : 4814 C |
 $engine.plane_buffer$Draw_TileRow_FromCache$err_run2 : 481C C |
 $engine.plane_buffer$Draw_TileRow_FromCache$err_run2_tail : 4822 C |
 $engine.plane_buffer$Draw_TileRow_FromCache$err_ret : 482A C |
 Draw_BG_TileColumn : 482C C |
 $engine.plane_buffer$Draw_BG_TileColumn$have_layout : 4852 C |
 $engine.plane_buffer$Draw_BG_TileColumn$copy : 486E C |
 $engine.plane_buffer$Draw_BG_TileColumn$done : 4884 C |
 VInt_DrawLevel : 4886 C |
 $engine.plane_buffer$VInt_DrawLevel$next : 489A C |
 $engine.plane_buffer$VInt_DrawLevel$drain_row : 48B2 C |
 $engine.plane_buffer$VInt_DrawLevel$col_entry : 48BA C |
 $engine.plane_buffer$VInt_DrawLevel$drain_col : 48D6 C |
 $engine.plane_buffer$VInt_DrawLevel$dc_tail : 48DC C |
 $engine.plane_buffer$VInt_DrawLevel$done : 48E6 C |
 Tile_Cache_GetTile : 4900 C |
 $engine.tile_cache$Tile_Cache_GetTile$col_nowrap : 4912 C |
 $engine.tile_cache$Tile_Cache_GetTile$row_nowrap : 4924 C |
 BlockStage_PtrTable : 493C C |
 TileCache_FindStagedBlock : 497C C |
 $engine.tile_cache$TileCache_FindStagedBlock$chain : 4994 C |
 $engine.tile_cache$TileCache_FindStagedBlock$miss : 49AA C |
 $engine.tile_cache$TileCache_FindStagedBlock$hit : 49AE C |
 TileCache_InvalidateStaging : 49C4 C |
 $engine.tile_cache$TileCache_InvalidateStaging$inv : 49CA C |
 $engine.tile_cache$TileCache_InvalidateStaging$inv_maps : 49E4 C |
 $engine.tile_cache$TileCache_InvalidateStaging$inv_bucket : 49F4 C |
 $engine.tile_cache$TileCache_InvalidateStaging$inv_chain : 4A06 C |
 $engine.tile_cache$TileCache_InvalidateStaging$inv_spec_ring : 4A30 C |
 TileCache_DecompressBlock : 4A44 C |
 $engine.tile_cache$TileCache_DecompressBlock$rr_ok : 4A5E C |
 $engine.tile_cache$TileCache_DecompressBlock$idx_unlink_step : 4A84 C |
 $engine.tile_cache$TileCache_DecompressBlock$idx_unlink_lost : 4A9E C |
 $engine.tile_cache$TileCache_DecompressBlock$idx_unlink_found : 4AA0 C |
 $engine.tile_cache$TileCache_DecompressBlock$idx_link : 4AAA C |
 $engine.tile_cache$TileCache_DecompressBlock$raw_direct : 4B46 C |
 $engine.tile_cache$TileCache_DecompressBlock$empty_block : 4B5A C |
 Blank_Local_Map : 4B7A C |
 __align$engine.tile_cache$0 : 4B7A C |
 TileCache_CopyBlockColumn : 4B7C C |
 $engine.tile_cache$TileCache_CopyBlockColumn$col_nowrap : 4B8A C |
 $engine.tile_cache$TileCache_CopyBlockColumn$row_nowrap : 4B98 C |
 $engine.tile_cache$TileCache_CopyBlockColumn$nt_one_run : 4BDA C |
 $engine.tile_cache$TileCache_CopyBlockColumn$nt_run2 : 4BDC C |
 $engine.tile_cache$TileCache_CopyBlockColumn$coll_run1 : 4C12 C |
 $engine.tile_cache$TileCache_CopyBlockColumn$coll_one_run : 4C34 C |
 $engine.tile_cache$TileCache_CopyBlockColumn$coll_run2 : 4C36 C |
 $engine.tile_cache$TileCache_CopyBlockColumn$coll_run2_loop : 4C38 C |
 $engine.tile_cache$TileCache_CopyBlockColumn$done_coll : 4C4C C |
 Tile_Cache_Init : 4C50 C |
 $engine.tile_cache$Tile_Cache_Init$left_ok : 4C60 C |
 $engine.tile_cache$Tile_Cache_Init$top_ok : 4CC0 C |
 TileCache_FillAll : 4CDC C |
 $engine.tile_cache$TileCache_FillAll$zero_nt : 4CF2 C |
 $engine.tile_cache$TileCache_FillAll$zero_coll : 4D02 C |
 $engine.tile_cache$TileCache_FillAll$block_row_loop : 4D28 C |
 $engine.tile_cache$TileCache_FillAll$block_col_loop : 4D2C C |
 $engine.tile_cache$TileCache_FillAll$fill_copy_col : 4D62 C |
 $engine.tile_cache$TileCache_FillAll$fill_no_clip : 4D7E C |
 $engine.tile_cache$TileCache_FillAll$fill_rows_ok : 4D9C C |
 $engine.tile_cache$TileCache_FillAll$fill_skip_col : 4DAE C |
 TileCache_WarmupBelowRow : 4DD6 C |
 $engine.tile_cache$TileCache_WarmupBelowRow$scan : 4DFC C |
 $engine.tile_cache$TileCache_WarmupBelowRow$next : 4E40 C |
 $engine.tile_cache$TileCache_WarmupBelowRow$done : 4E46 C |
 Tile_Cache_Fill : 4E48 C |
 $engine.tile_cache$Tile_Cache_Fill$fg_on_time : 4E66 C |
 $engine.tile_cache$Tile_Cache_Fill$fg_lag_done : 4E6A C |
 $engine.tile_cache$Tile_Cache_Fill$spec_rearm_test : 4EAA C |
 $engine.tile_cache$Tile_Cache_Fill$spec_down : 4EB0 C |
 $engine.tile_cache$Tile_Cache_Fill$spec_rearm : 4EB8 C |
 $engine.tile_cache$Tile_Cache_Fill$spec_gate_done : 4EBE C |
 $engine.tile_cache$Tile_Cache_Fill$row_pending_stale : 4F10 C |
 $engine.tile_cache$Tile_Cache_Fill$no_row_pending : 4F16 C |
 $engine.tile_cache$Tile_Cache_Fill$pending_row_ok : 4F3A C |
 $engine.tile_cache$Tile_Cache_Fill$pending_stale : 4F46 C |
 $engine.tile_cache$Tile_Cache_Fill$no_pending : 4F4C C |
 $engine.tile_cache$Tile_Cache_Fill$h_left_pos : 4F5E C |
 $engine.tile_cache$Tile_Cache_Fill$h_clamp_ok : 4F80 C |
 $engine.tile_cache$Tile_Cache_Fill$h_right_fill : 4F84 C |
 $engine.tile_cache$Tile_Cache_Fill$h_no_evict : 4F9C C |
 $engine.tile_cache$Tile_Cache_Fill$h_right_done : 4FB4 C |
 $engine.tile_cache$Tile_Cache_Fill$h_left_fill : 4FBA C |
 $engine.tile_cache$Tile_Cache_Fill$h_no_evict_left : 4FD0 C |
 $engine.tile_cache$Tile_Cache_Fill$h_origin_ok : 4FE0 C |
 $engine.tile_cache$Tile_Cache_Fill$h_left_done : 4FF4 C |
 $engine.tile_cache$Tile_Cache_Fill$v_section : 4FF4 C |
 $engine.tile_cache$Tile_Cache_Fill$v_top_pos : 5006 C |
 $engine.tile_cache$Tile_Cache_Fill$v_clamp_ok : 502C C |
 $engine.tile_cache$Tile_Cache_Fill$v_bottom_fill : 5034 C |
 $engine.tile_cache$Tile_Cache_Fill$v_no_evict : 5052 C |
 $engine.tile_cache$Tile_Cache_Fill$v_bottom_done : 506C C |
 $engine.tile_cache$Tile_Cache_Fill$v_top_fill : 5072 C |
 $engine.tile_cache$Tile_Cache_Fill$v_no_evict_up : 5098 C |
 $engine.tile_cache$Tile_Cache_Fill$v_top_done : 50CA C |
 $engine.tile_cache$Tile_Cache_Fill$pfx_no_recent_lag : 50E0 C |
 $engine.tile_cache$Tile_Cache_Fill$pfx_gate_ok : 50E4 C |
 $engine.tile_cache$Tile_Cache_Fill$pfx_up : 5132 C |
 $engine.tile_cache$Tile_Cache_Fill$pfx_go : 5144 C |
 $engine.tile_cache$Tile_Cache_Fill$pfx_scan_begin : 51AA C |
 $engine.tile_cache$Tile_Cache_Fill$pfx_scan : 51B4 C |
 $engine.tile_cache$Tile_Cache_Fill$pfx_next : 51F2 C |
 $engine.tile_cache$Tile_Cache_Fill$pfx_stage : 51F8 C |
 $engine.tile_cache$Tile_Cache_Fill$pfx_record : 5202 C |
 $engine.tile_cache$Tile_Cache_Fill$row_done : 522A C |
 $engine.tile_cache$Tile_Cache_Fill$cs_first_left : 524C C |
 $engine.tile_cache$Tile_Cache_Fill$cs_first_set : 524E C |
 $engine.tile_cache$Tile_Cache_Fill$cs_have_latch : 5258 C |
 $engine.tile_cache$Tile_Cache_Fill$cs_opp_ready : 5260 C |
 $engine.tile_cache$Tile_Cache_Fill$cs_accum_ok : 526E C |
 $engine.tile_cache$Tile_Cache_Fill$cs_latched : 5280 C |
 $engine.tile_cache$Tile_Cache_Fill$cs_left : 529A C |
 $engine.tile_cache$Tile_Cache_Fill$cs_have_col : 52AA C |
 $engine.tile_cache$Tile_Cache_Fill$cs_scan_begin : 5324 C |
 $engine.tile_cache$Tile_Cache_Fill$cs_scan : 532E C |
 $engine.tile_cache$Tile_Cache_Fill$cs_next : 536C C |
 $engine.tile_cache$Tile_Cache_Fill$cs_stage : 5372 C |
 $engine.tile_cache$Tile_Cache_Fill$cs_record : 537C C |
 $engine.tile_cache$Tile_Cache_Fill$col_done : 53A4 C |
 $engine.tile_cache$Tile_Cache_Fill$fill_return : 53F2 C |
 TileCache_FillColumn : 53F4 C |
 $engine.tile_cache$TileCache_FillColumn$fc_block_loop : 540E C |
 $engine.tile_cache$TileCache_FillColumn$fc_from_top : 540E C |
 $engine.tile_cache$TileCache_FillColumn$fc_have_block : 5450 C |
 $engine.tile_cache$TileCache_FillColumn$fc_rows_ok : 547E C |
 $engine.tile_cache$TileCache_FillColumn$fc_budget_out : 549E C |
 $engine.tile_cache$TileCache_FillColumn$fc_no_xhold : 54CA C |
 $engine.tile_cache$asm17$no_hold : 54CA C |
 $engine.tile_cache$TileCache_FillColumn$fc_complete : 54CE C |
 TileCache_FillRow : 54D8 C |
 $engine.tile_cache$TileCache_FillRow$fr_row_nowrap : 54F2 C |
 $engine.tile_cache$TileCache_FillRow$fr_no_coll : 5508 C |
 $engine.tile_cache$TileCache_FillRow$fr_block_loop : 5538 C |
 $engine.tile_cache$TileCache_FillRow$fr_from_left : 5538 C |
 $engine.tile_cache$TileCache_FillRow$fr_have_block : 557C C |
 $engine.tile_cache$TileCache_FillRow$fr_iclo_done : 55B6 C |
 $engine.tile_cache$TileCache_FillRow$fr_ichi_head : 55C6 C |
 $engine.tile_cache$TileCache_FillRow$fr_ichi_done : 55D6 C |
 $engine.tile_cache$TileCache_FillRow$fr_nt_ncalc : 55FE C |
 $engine.tile_cache$TileCache_FillRow$fr_nt_emit : 560A C |
 $engine.tile_cache$TileCache_FillRow$fr_nt_empty : 562E C |
 $engine.tile_cache$TileCache_FillRow$fr_ci_iclo : 5652 C |
 $engine.tile_cache$TileCache_FillRow$fr_ci_head : 5662 C |
 $engine.tile_cache$TileCache_FillRow$fr_ci_ichi : 5672 C |
 $engine.tile_cache$TileCache_FillRow$fr_ci_ncalc : 5698 C |
 $engine.tile_cache$TileCache_FillRow$fr_ci_emit : 56A4 C |
 $engine.tile_cache$TileCache_FillRow$fr_ci_run1 : 56B8 C |
 $engine.tile_cache$TileCache_FillRow$fr_ci_run2 : 56D2 C |
 $engine.tile_cache$TileCache_FillRow$fr_next_block : 56DA C |
 $engine.tile_cache$TileCache_FillRow$fr_budget_out : 56F0 C |
 $engine.tile_cache$TileCache_FillRow$fr_no_yhold : 571E C |
 $engine.tile_cache$asm22$no_hold : 571E C |
 $engine.tile_cache$TileCache_FillRow$fr_done : 5722 C |
 $engine.tile_cache$TileCache_FillRow$fr_early_out : 572E C |
 TileCache_HSlide : 5732 C |
 $engine.tile_cache$TileCache_HSlide$nowrap : 574A C |
 $engine.tile_cache$TileCache_HSlide$done : 574E C |
 TileCache_VSlide : 5750 C |
 $engine.tile_cache$TileCache_VSlide$vslide_nowrap : 5766 C |
 $engine.tile_cache$TileCache_VSlide$vslide_done : 576A C |
 TileCache_VSlideUp : 576C C |
 $engine.tile_cache$TileCache_VSlideUp$vsu_nowrap : 5780 C |
 $engine.tile_cache$TileCache_VSlideUp$vsu_done : 5784 C |
 Collision_GetType : 5790 C |
 $engine.collision_lookup$Collision_GetType$col_nowrap : 57B0 C |
 $engine.collision_lookup$Collision_GetType$row_nowrap : 57D6 C |
 $engine.collision_lookup$Collision_GetType$plane_selected : 57E8 C |
 $engine.collision_lookup$Collision_GetType$cgt_air : 57F4 C |
 Collision_ProbeDown : 5800 C |
 $games.sonic4.player_sensors$asm1$done : 5820 C |
 $games.sonic4.player_sensors$asm1$empty_fwd : 5826 C |
 $games.sonic4.player_sensors$asm1$nothing : 5840 C |
 $games.sonic4.player_sensors$asm1$full_back : 5848 C |
 $games.sonic4.player_sensors$asm1$back_supplied : 5860 C |
 $games.sonic4.player_sensors$asm1$cell : 586E C |
 $games.sonic4.player_sensors$asm1$cl_hanging : 58B2 C |
 $games.sonic4.player_sensors$asm1$cl_air : 58C0 C |
 Collision_ProbeUp : 58C8 C |
 $games.sonic4.player_sensors$asm12$done : 58EC C |
 $games.sonic4.player_sensors$asm12$empty_fwd : 58F2 C |
 $games.sonic4.player_sensors$asm12$nothing : 5910 C |
 $games.sonic4.player_sensors$asm12$full_back : 5918 C |
 $games.sonic4.player_sensors$asm12$back_supplied : 5930 C |
 $games.sonic4.player_sensors$asm12$cell : 5942 C |
 $games.sonic4.player_sensors$asm12$cl_hanging : 5988 C |
 $games.sonic4.player_sensors$asm12$cl_air : 599A C |
 Collision_ProbeRight : 59A2 C |
 $games.sonic4.player_sensors$asm23$done : 59C2 C |
 $games.sonic4.player_sensors$asm23$empty_fwd : 59C8 C |
 $games.sonic4.player_sensors$asm23$nothing : 59E2 C |
 $games.sonic4.player_sensors$asm23$full_back : 59EA C |
 $games.sonic4.player_sensors$asm23$back_supplied : 5A02 C |
 $games.sonic4.player_sensors$asm23$cell : 5A10 C |
 $games.sonic4.player_sensors$asm23$cl_hanging : 5A56 C |
 $games.sonic4.player_sensors$asm23$cl_air : 5A64 C |
 Collision_ProbeLeft : 5A6C C |
 $games.sonic4.player_sensors$asm34$done : 5A90 C |
 $games.sonic4.player_sensors$asm34$empty_fwd : 5A96 C |
 $games.sonic4.player_sensors$asm34$nothing : 5AB4 C |
 $games.sonic4.player_sensors$asm34$full_back : 5ABC C |
 $games.sonic4.player_sensors$asm34$back_supplied : 5AD4 C |
 $games.sonic4.player_sensors$asm34$cell : 5AE6 C |
 $games.sonic4.player_sensors$asm34$cl_hanging : 5B2A C |
 $games.sonic4.player_sensors$asm34$cl_air : 5B3C C |
 Player_SensorPair : 5B44 C |
 $games.sonic4.player_sensors$Player_SensorPair$b_wins : 5B6A C |
 Player_SensorFloor : 5B6C C |
 $games.sonic4.player_sensors$Player_SensorFloor$terrain : 5B7C C |
 Player_SensorCeiling : 5B82 C |
 Player_SensorSurface : 5B86 C |
 $games.sonic4.player_sensors$Player_SensorSurface$case_table : 5BBA C |
 $games.sonic4.player_sensors$Player_SensorSurface$probe_down : 5BC2 C |
 $games.sonic4.player_sensors$Player_SensorSurface$probe_up : 5BD4 C |
 $games.sonic4.player_sensors$Player_SensorSurface$probe_left : 5BE6 C |
 $games.sonic4.player_sensors$Player_SensorSurface$probe_right : 5BF6 C |
 $games.sonic4.player_sensors$Player_SensorSurface$pair : 5C04 C |
 $games.sonic4.player_sensors$Player_SensorSurface$diff_pos : 5C2A C |
 $games.sonic4.player_sensors$Player_SensorSurface$substitute : 5C30 C |
 $games.sonic4.player_sensors$Player_SensorSurface$keep : 5C32 C |
 Player_SensorWallAt : 5C34 C |
 Player_SensorWallDir : 5C3C C |
 $games.sonic4.player_sensors$Player_SensorWallDir$dir_table : 5C52 C |
 $games.sonic4.player_sensors$Player_SensorWallDir$down : 5C5A C |
 $games.sonic4.player_sensors$Player_SensorWallDir$up : 5C62 C |
 $games.sonic4.player_sensors$Player_SensorWallDir$right : 5C6C C |
 $games.sonic4.player_sensors$Player_SensorWallDir$left : 5C76 C |
 $games.sonic4.player_sensors$Player_SensorWallDir$resolve : 5C7C C |
 $games.sonic4.player_sensors$Player_SensorWallDir$keep : 5C84 C |
 Player_AtLedgeEdge : 5C86 C |
 $games.sonic4.player_sensors$Player_AtLedgeEdge$no_owner : 5C98 C |
 $games.sonic4.player_sensors$Player_AtLedgeEdge$found : 5C9C C |
 $games.sonic4.player_sensors$asm51$abs : 5CA8 C |
 $games.sonic4.player_sensors$Player_AtLedgeEdge$terrain : 5CB8 C |
 $games.sonic4.player_sensors$Player_AtLedgeEdge$face_left : 5CDE C |
 $games.sonic4.player_sensors$Player_AtLedgeEdge$single : 5CE2 C |
 $games.sonic4.player_sensors$Player_AtLedgeEdge$at_edge : 5CF0 C |
 Section_Init : 5CF4 C |
 Section_FillInitial : 5D00 C |
 Section_FlatIDXY : 5D2A C |
 $engine.section$Section_FlatIDXY$fxy_mul : 5D34 C |
 $engine.section$Section_FlatIDXY$fxy_add_x : 5D3C C |
 Section_GetSecPtrXY : 5D44 C |
 $engine.section$Section_GetSecPtrXY$out_of_range : 5D74 C |
 Section_RedrawPlanes : 5D7A C |
 $engine.section$asm5$wait_z80 : 5D94 C |
 $engine.section$Section_RedrawPlanes$pla_fill : 5DCA C |
 $engine.section$Section_RedrawPlanes$col_nowrap : 5DFC C |
 $engine.section$Section_RedrawPlanes$pA_clamp : 5E42 C |
 $engine.section$Section_RedrawPlanes$pA_data : 5E48 C |
 $engine.section$Section_RedrawPlanes$pa_nowrap : 5E56 C |
 $engine.section$Section_RedrawPlanes$pA_dskip : 5E5A C |
 $engine.section$Section_RedrawPlanes$pA_zero : 5E64 C |
 $engine.section$Section_RedrawPlanes$pA_zskip : 5E6A C |
 $engine.section$Section_RedrawPlanes$pB_dok : 5E96 C |
 $engine.section$Section_RedrawPlanes$pB_data : 5E9A C |
 $engine.section$Section_RedrawPlanes$pb_nowrap : 5EA8 C |
 $engine.section$Section_RedrawPlanes$pB_zfill : 5EB6 C |
 $engine.section$Section_RedrawPlanes$pB_allz : 5EBE C |
 $engine.section$Section_RedrawPlanes$pB_az : 5EC4 C |
 $engine.section$Section_RedrawPlanes$pB_skip : 5ECA C |
 $engine.section$Section_RedrawPlanes$pla_next : 5ECC C |
 $engine.section$Section_RedrawPlanes$plb_use_act_layout : 5EF8 C |
 $engine.section$Section_RedrawPlanes$plb_have_layout : 5F02 C |
 $engine.section$Section_RedrawPlanes$plb_col : 5F08 C |
 $engine.section$Section_RedrawPlanes$plb_word : 5F24 C |
 $engine.section$Section_RedrawPlanes$plb_done : 5F32 C |
 $engine.section$asm19$wait_z80 : 5F3E C |
 $engine.section$Section_RedrawPlanes$track_right_ok : 5F6A C |
 $engine.section$Section_RedrawPlanes$track_left_ok : 5F74 C |
 Section_UpdateColumns : 5F76 C |
 $engine.section$Section_UpdateColumns$not_dirty : 5F9A C |
 $engine.section$Section_UpdateColumns$right_clamp_ok : 5FC0 C |
 $engine.section$Section_UpdateColumns$right_cache_ok : 5FCA C |
 $engine.section$Section_UpdateColumns$right_wrap_ok : 5FD8 C |
 $engine.section$Section_UpdateColumns$right_loop : 5FDC C |
 $engine.section$Section_UpdateColumns$right_done : 6006 C |
 $engine.section$Section_UpdateColumns$right_done_cache_ok : 601A C |
 $engine.section$Section_UpdateColumns$left_clamp_skip : 6024 C |
 $engine.section$Section_UpdateColumns$left_cache_ok : 6032 C |
 $engine.section$Section_UpdateColumns$left_wrap_ok : 6044 C |
 $engine.section$Section_UpdateColumns$left_loop : 6048 C |
 $engine.section$Section_UpdateColumns$left_done : 6072 C |
 $engine.section$Section_UpdateColumns$left_done_cache_ok : 6086 C |
 $engine.section$Section_UpdateColumns$right_clamp_skip2 : 6090 C |
 $engine.section$Section_UpdateColumns$bot_cache_ok : 60A8 C |
 $engine.section$Section_UpdateColumns$bot_loop : 60AC C |
 $engine.section$Section_UpdateColumns$bot_done : 60D6 C |
 $engine.section$Section_UpdateColumns$bot_done_cache_ok : 60EA C |
 $engine.section$Section_UpdateColumns$top_row_clamp_skip : 60F4 C |
 $engine.section$Section_UpdateColumns$top_cache_ok : 6102 C |
 $engine.section$Section_UpdateColumns$top_loop : 6106 C |
 $engine.section$Section_UpdateColumns$top_done : 6130 C |
 $engine.section$Section_UpdateColumns$top_done_cache_ok : 6144 C |
 $engine.section$Section_UpdateColumns$bot_row_clamp_skip : 614E C |
 Camera_Init : 6160 C |
 $engine.camera$asm2$min_ok : 61D4 C |
 $engine.camera$asm2$clamp : 61DE C |
 $engine.camera$asm4$min_ok : 61F2 C |
 $engine.camera$asm4$clamp : 61FC C |
 Camera_Update : 6206 C |
 $engine.camera$Camera_Update$no_freeze : 6216 C |
 $engine.camera$Camera_Update$x_scroll_right : 6252 C |
 $engine.camera$Camera_Update$apply_x : 625C C |
 $engine.camera$Camera_Update$x_done : 6268 C |
 $engine.camera$Camera_Update$x_clamp : 626C C |
 $engine.camera$asm7$min_ok : 6274 C |
 $engine.camera$asm7$clamp : 627E C |
 $engine.camera$Camera_Update$y_track : 6286 C |
 $engine.camera$Camera_Update$no_curl_comp : 62A8 C |
 $engine.camera$Camera_Update$check_down : 62C2 C |
 $engine.camera$Camera_Update$jump_state : 62D2 C |
 $engine.camera$Camera_Update$land_lock : 62D8 C |
 $engine.camera$Camera_Update$down_ok : 62E0 C |
 $engine.camera$Camera_Update$apply_y : 62E8 C |
 $engine.camera$Camera_Update$y_step_hi_ok : 62F2 C |
 $engine.camera$Camera_Update$y_step_lo_ok : 62FC C |
 $engine.camera$Camera_Update$clamp_y : 6308 C |
 $engine.camera$Camera_Update$y_clamp : 630C C |
 $engine.camera$asm9$min_ok : 6314 C |
 $engine.camera$asm9$clamp : 631E C |
 Parallax_Init : 6330 C |
 $engine.parallax$Parallax_Init$zero : 633A C |
 Parallax_CheckBoundary : 635A C |
 $engine.parallax$Parallax_CheckBoundary$crossed : 637C C |
 $engine.parallax$Parallax_CheckBoundary$no_crossing : 6394 C |
 Parallax_StartTransition : 6396 C |
 $engine.parallax$Parallax_StartTransition$cap_transitions_stage_begin : 63A8 C |
 $engine.parallax$Parallax_StartTransition$cap_transitions_stage_end : 63BA C |
 $engine.parallax$Parallax_StartTransition$instant : 63BA C |
 $engine.parallax$Parallax_StartTransition$update_mode : 63D2 C |
 $engine.parallax$Parallax_StartTransition$cap_per_col_vsram_mode_begin : 63D4 C |
 $engine.parallax$Parallax_StartTransition$cap_per_col_vsram_mode_end : 63DE C |
 $engine.parallax$Parallax_StartTransition$v_done : 63DE C |
 $engine.parallax$Parallax_StartTransition$no_change : 63E2 C |
 $engine.parallax$Parallax_StartTransition$recross_current : 63E4 C |
 $engine.parallax$Parallax_Active_Config$cap_transitions_select_begin : 6400 C |
 Parallax_Active_Config : 6400 C |
 $engine.parallax$Parallax_Active_Config$use_target : 640C C |
 $engine.parallax$Parallax_Active_Config$cap_transitions_select_end : 6412 C |
 Vscroll_Write : 6412 C |
 $engine.parallax$Vscroll_Write$cap_per_col_vsram_emit_begin : 6422 C |
 $engine.parallax$Vscroll_Write$cap_per_col_vsram_emit_end : 6480 C |
 $engine.parallax$Vscroll_Write$whole_plane : 6480 C |
 Parallax_Update : 6488 C |
 $engine.parallax$Parallax_Update$use_target : 64A6 C |
 $engine.parallax$Parallax_Update$use_current : 64AC C |
 $engine.parallax$Parallax_Update$config_resolved : 64B0 C |
 $engine.parallax$Parallax_Update$mode3_shadow : 64C2 C |
 $engine.parallax$asm7$wait_z80 : 64E4 C |
 $engine.parallax$Parallax_Update$mode3_reg_live : 6504 C |
 $engine.parallax$Parallax_Update$band_loop : 652A C |
 $engine.parallax$Parallax_Update$snap_b : 6558 C |
 $engine.parallax$Parallax_Update$write_b : 655A C |
 $engine.parallax$Parallax_Update$band_disabled : 6560 C |
 $engine.parallax$Parallax_Update$band_done : 6564 C |
 $engine.parallax$Parallax_Update$no_config : 657C C |
 Parallax_Step4_Fill : 657E C |
 $engine.parallax$Parallax_Step4_Fill$find_k : 6592 C |
 $engine.parallax$Parallax_Step4_Fill$found_k : 65A6 C |
 $engine.parallax$Parallax_Step4_Fill$copy_band : 65BA C |
 $engine.parallax$Parallax_Step4_Fill$not_first : 65E4 C |
 $engine.parallax$Parallax_Step4_Fill$clamp_top : 65EC C |
 $engine.parallax$Parallax_Step4_Fill$write_top : 65F6 C |
 $engine.parallax$Parallax_Step4_Fill$no_wrap : 6616 C |
 $engine.parallax$Parallax_Step4_Fill$cap_factor_curve_hoist_begin : 661A C |
 $engine.parallax$Parallax_Step4_Fill$curve_band : 662E C |
 $engine.parallax$Parallax_Step4_Fill$curve_have_end : 6642 C |
 $engine.parallax$Parallax_Step4_Fill$curve_to_sub : 6676 C |
 $engine.parallax$Parallax_Step4_Fill$curve_to_negate : 6678 C |
 $engine.parallax$Parallax_Step4_Fill$curve_to_zero : 667C C |
 $engine.parallax$Parallax_Step4_Fill$curve_spread : 667E C |
 $engine.parallax$Parallax_Step4_Fill$curve_rem_ok : 6690 C |
 $engine.parallax$Parallax_Step4_Fill$curve_next : 6698 C |
 $engine.parallax$Parallax_Step4_Fill$cap_factor_curve_hoist_end : 66A4 C |
 $engine.parallax$Parallax_Step4_Fill$cap_anchors_overlay_begin : 66B0 C |
 $engine.parallax$Parallax_Step4_Fill$anchor_hi_ok : 66EE C |
 $engine.parallax$Parallax_Step4_Fill$anchor_unclamped : 66F4 C |
 $engine.parallax$Parallax_Step4_Fill$anchor_top : 66FA C |
 $engine.parallax$Parallax_Step4_Fill$anchor_nonneg : 66FC C |
 $engine.parallax$Parallax_Step4_Fill$anchor_find_k : 6714 C |
 $engine.parallax$Parallax_Step4_Fill$anchor_have_k : 6726 C |
 $engine.parallax$Parallax_Step4_Fill$anchor_shift_band : 6740 C |
 $engine.parallax$Parallax_Step4_Fill$anchor_shift_scroll : 676E C |
 $engine.parallax$Parallax_Step4_Fill$anchor_no_shift : 677A C |
 $engine.parallax$Parallax_Step4_Fill$anchor_shift_write : 67D2 C |
 $engine.parallax$Parallax_Step4_Fill$cap_factor_curve_split_begin : 67F6 C |
 $engine.parallax$Parallax_Step4_Fill$bands_ready : 67FC C |
 $engine.parallax$Parallax_Step4_Fill$cap_anchors_overlay_end : 67FC C |
 $engine.parallax$Parallax_Step4_Fill$cap_factor_curve_split_end : 67FC C |
 Parallax_Step5_Vscroll : 6814 C |
 $engine.parallax$Parallax_Step5_Vscroll$cap_transitions_lerp_begin : 6838 C |
 $engine.parallax$Parallax_Step5_Vscroll$cap_transitions_lerp_end : 684A C |
 $engine.parallax$Parallax_Step5_Vscroll$v_snap : 684A C |
 $engine.parallax$Parallax_Step5_Vscroll$v_locked : 684E C |
 $engine.parallax$Parallax_Step5_Vscroll$v_pack : 6852 C |
 $engine.parallax$Parallax_Step5_Vscroll$v_clamp_hi : 685A C |
 $engine.parallax$Parallax_Step5_Vscroll$v_pack_store : 6864 C |
 $engine.parallax$Parallax_Step5_Vscroll$cap_per_col_vsram_fill_begin : 6870 C |
 $engine.parallax$Parallax_Step5_Vscroll$col : 689C C |
 $engine.parallax$Parallax_Step5_Vscroll$cap_per_col_vsram_fill_end : 68B6 C |
 $engine.parallax$Parallax_Step5_Vscroll$v_done : 68B6 C |
 Decode_Factor_A : 68BA C |
 $engine.parallax$Decode_Factor_A$a_sub : 68E8 C |
 $engine.parallax$Decode_Factor_A$a_pop_d3 : 68EA C |
 $engine.parallax$Decode_Factor_A$negate : 68EC C |
 $engine.parallax$Decode_Factor_A$locked : 68F0 C |
 Decode_Factor_B : 68F4 C |
 $engine.parallax$Decode_Factor_B$b_sub : 6922 C |
 $engine.parallax$Decode_Factor_B$b_pop_d3 : 6924 C |
 $engine.parallax$Decode_Factor_B$negate : 6926 C |
 $engine.parallax$Decode_Factor_B$locked : 692A C |
 Parallax_Fill_PerLine : 692E C |
 $engine.parallax$Parallax_Fill_PerLine$cap_deform_tables_begin : 6936 C |
 $engine.parallax$Parallax_Fill_PerLine$cap_deform_tables_end : 693E C |
 $engine.parallax$Parallax_Fill_PerLine$next_band : 6940 C |
 $engine.parallax$Parallax_Fill_PerLine$have_end : 694C C |
 $engine.parallax$Parallax_Fill_PerLine$cap_factor_curve_band_begin : 6952 C |
 $engine.parallax$Parallax_Fill_PerLine$curve_continue : 6968 C |
 $engine.parallax$Parallax_Fill_PerLine$curve_seeded : 6970 C |
 $engine.parallax$Parallax_Fill_PerLine$lp_curve : 6998 C |
 $engine.parallax$Parallax_Fill_PerLine$lc_next : 69A8 C |
 $engine.parallax$Parallax_Fill_PerLine$cap_deform_sample_begin : 69B8 C |
 $engine.parallax$Parallax_Fill_PerLine$cap_factor_curve_band_end : 69B8 C |
 $engine.parallax$Parallax_Fill_PerLine$curve_band_done : 69B8 C |
 $engine.parallax$Parallax_Fill_PerLine$fg_inactive : 6A08 C |
 $engine.parallax$Parallax_Fill_PerLine$lp_both : 6A32 C |
 $engine.parallax$Parallax_Fill_PerLine$lb_line : 6A38 C |
 $engine.parallax$Parallax_Fill_PerLine$band_fg_only : 6A72 C |
 $engine.parallax$Parallax_Fill_PerLine$lf_run : 6A9E C |
 $engine.parallax$Parallax_Fill_PerLine$lf_grp : 6AAC C |
 $engine.parallax$Parallax_Fill_PerLine$lf_tail : 6B10 C |
 $engine.parallax$Parallax_Fill_PerLine$lf_rem : 6B16 C |
 $engine.parallax$Parallax_Fill_PerLine$lf_after : 6B26 C |
 $engine.parallax$Parallax_Fill_PerLine$lp_bg : 6B38 C |
 $engine.parallax$Parallax_Fill_PerLine$lg_run : 6B62 C |
 $engine.parallax$Parallax_Fill_PerLine$lg_grp : 6B70 C |
 $engine.parallax$Parallax_Fill_PerLine$lg_tail : 6BD4 C |
 $engine.parallax$Parallax_Fill_PerLine$lg_rem : 6BDA C |
 $engine.parallax$Parallax_Fill_PerLine$lg_after : 6BEA C |
 $engine.parallax$Parallax_Fill_PerLine$cap_deform_sample_end : 6BFA C |
 $engine.parallax$Parallax_Fill_PerLine$lp_flat : 6BFA C |
 $engine.parallax$Parallax_Fill_PerLine$fl_line : 6C0E C |
 $engine.parallax$Parallax_Fill_PerLine$fl_tail : 6C22 C |
 $engine.parallax$Parallax_Fill_PerLine$fl_rem : 6C28 C |
 $engine.parallax$Parallax_Fill_PerLine$band_done : 6C2E C |
 Raster_Install : 6C46 C |
 Raster_VBlank : 6C4C C |
 $engine.effects.raster$Raster_VBlank$copy_program : 6C70 C |
 $engine.effects.raster$Raster_VBlank$copy : 6C88 C |
 $engine.effects.raster$Raster_VBlank$no_install : 6C8E C |
 $engine.effects.raster$Raster_VBlank$done : 6CB4 C |
 Raster_HInt : 6CB6 C |
 $engine.effects.raster$Raster_HInt$op_loop : 6CE2 C |
 $engine.effects.raster$Raster_HInt$op_reg : 6D06 C |
 $engine.effects.raster$Raster_HInt$op_cram : 6D0E C |
 $engine.effects.raster$Raster_HInt$cram_delay : 6D12 C |
 $engine.effects.raster$Raster_HInt$cram_loop : 6D18 C |
 $engine.effects.raster$Raster_HInt$op_region : 6D26 C |
 $engine.effects.raster$Raster_HInt$region_delay : 6D2A C |
 $engine.effects.raster$Raster_HInt$region_loop : 6D36 C |
 $engine.effects.raster$Raster_HInt$op_run_gradient : 6D4C C |
 $engine.effects.raster$Raster_HInt$op_run_ramp : 6D60 C |
 $engine.effects.raster$Raster_HInt$advance : 6D76 C |
 $engine.effects.raster$Raster_HInt$priming : 6D7E C |
 $engine.effects.raster$Raster_HInt$op_pal_restore : 6D8E C |
 $engine.effects.raster$Raster_HInt$restore_delay : 6D92 C |
 $engine.effects.raster$Raster_HInt$restore_loop : 6D9E C |
 $engine.effects.raster$Raster_HInt$dense_body : 6DB4 C |
 $engine.effects.raster$Raster_HInt$ramp_body : 6DDA C |
 $engine.effects.raster$Raster_HInt$dense_end : 6DFA C |
 $engine.effects.raster$Raster_HInt$park : 6DFE C |
 $engine.effects.raster$Raster_HInt$out : 6E02 C |
 Raster_Program_None : 6E08 C |
 Raster_InstallPatched : 6E0E C |
 $engine.effects.raster$Raster_InstallPatched$no_ship : 6E34 C |
 $engine.effects.raster$Raster_InstallPatched$ship_done : 6E36 C |
 $engine.effects.raster$Raster_InstallPatched$no_build : 6E52 C |
 Raster_BuildShipEntry : 6E58 C |
 Raster_BuildSchedule : 6E94 C |
 $engine.effects.raster$Raster_BuildSchedule$dst_ready : 6EB0 C |
 $engine.effects.raster$Raster_BuildSchedule$entry : 6EC8 C |
 $engine.effects.raster$Raster_BuildSchedule$have_line : 6EE8 C |
 $engine.effects.raster$Raster_BuildSchedule$copy : 6F12 C |
 $engine.effects.raster$Raster_BuildSchedule$next : 6F18 C |
 $engine.effects.raster$Raster_BuildSchedule$swap : 6F44 C |
 $engine.effects.raster$Raster_BuildSchedule$none : 6F48 C |
 $engine.effects.raster$Raster_BuildSchedule$suppress : 6F4A C |
 $engine.effects.raster$Raster_GetChannelBand$cap_anchors_band_begin : 6F4E C |
 Raster_GetChannelBand : 6F4E C |
 $engine.effects.raster$Raster_GetChannelBand$entry : 6F64 C |
 $engine.effects.raster$Raster_GetChannelBand$none : 6F70 C |
 $engine.effects.raster$Raster_GetChannelBand$found : 6F78 C |
 $engine.effects.raster$Raster_GetChannelBand$cap_anchors_band_end : 6F80 C |
 Effects_LatchWorldLines : 6F80 C |
 $engine.effects.raster$Effects_LatchWorldLines$ch : 6F8E C |
 Effects_SetWorldY : 6F9A C |
 Palette_LoadPal : 6FAA C |
 $engine.effects.palette$Palette_LoadPal$copy_base : 6FB6 C |
 $engine.effects.palette$Palette_LoadPal$load_target : 6FD0 C |
 $engine.effects.palette$Palette_LoadPal$copy_target : 6FDA C |
 Palette_ArmFade : 6FEE C |
 Palette_SetOp : 6FF6 C |
 Palette_SetVariant : 700C C |
 $engine.effects.palette$Palette_SetVariant$none : 7032 C |
 Palette_LoadCycle : 7034 C |
 $engine.effects.palette$Palette_LoadCycle$zero : 7056 C |
 $engine.effects.palette$Palette_LoadCycle$done : 705C C |
 Palette_Compose : 705E C |
 $engine.effects.palette$Palette_Compose$work : 7066 C |
 $engine.effects.palette$Palette_Compose$base_copy : 7086 C |
 $engine.effects.palette$Palette_Compose$cycling : 7094 C |
 $engine.effects.palette$Palette_Compose$fade : 709E C |
 $engine.effects.palette$Palette_Compose$operators : 70A8 C |
 $engine.effects.palette$Palette_Compose$variants : 70B2 C |
 $engine.effects.palette$Palette_Compose$done : 70CC C |
 Palette_DoCycle : 70CE C |
 $engine.effects.palette$Palette_DoCycle$chan : 70E0 C |
 $engine.effects.palette$Palette_DoCycle$wait : 70FC C |
 $engine.effects.palette$Palette_DoCycle$next : 7100 C |
 $engine.effects.palette$Palette_DoCycle$ret : 7106 C |
 $engine.effects.palette$Palette_DoCycle$ret_quiet : 7114 C |
 Palette_RotateSpan : 7116 C |
 $engine.effects.palette$Palette_RotateSpan$fwd : 7144 C |
 $engine.effects.palette$Palette_RotateSpan$rev : 7150 C |
 $engine.effects.palette$Palette_RotateSpan$rup : 7158 C |
 $engine.effects.palette$Palette_RotateSpan$done : 7162 C |
 Palette_DoFade : 7164 C |
 $engine.effects.palette$Palette_DoFade$snap : 7178 C |
 $engine.effects.palette$Palette_DoFade$step_frame : 7198 C |
 $engine.effects.palette$Palette_DoFade$noskip : 71A2 C |
 $engine.effects.palette$Palette_DoFade$word : 71AE C |
 $engine.effects.palette$asm10$st_up : 71CE C |
 $engine.effects.palette$asm10$st_end : 71D0 C |
 $engine.effects.palette$asm11$st_up : 71EE C |
 $engine.effects.palette$asm11$st_end : 71F0 C |
 $engine.effects.palette$asm12$st_up : 7212 C |
 $engine.effects.palette$asm12$st_end : 7214 C |
 Palette_DoOperator : 722E C |
 $engine.effects.palette$Palette_DoOperator$neg_xor : 725E C |
 $engine.effects.palette$Palette_DoOperator$neg_tick : 7272 C |
 $engine.effects.palette$Palette_DoOperator$fade_dir : 727E C |
 $engine.effects.palette$Palette_DoOperator$have_tgt : 7296 C |
 $engine.effects.palette$Palette_DoOperator$fw_word : 729E C |
 $engine.effects.palette$asm16$st_up : 72B6 C |
 $engine.effects.palette$asm16$st_end : 72B8 C |
 $engine.effects.palette$asm17$st_up : 72D0 C |
 $engine.effects.palette$asm17$st_end : 72D2 C |
 $engine.effects.palette$asm18$st_up : 72EC C |
 $engine.effects.palette$asm18$st_end : 72EE C |
 $engine.effects.palette$Palette_DoOperator$ret : 7318 C |
 $engine.effects.palette$Palette_DoOperator$white_flash : 731A C |
 $engine.effects.palette$Palette_DoOperator$wf_fill : 7322 C |
 $engine.effects.palette$Palette_DoOperator$op_done_restore : 733C C |
 Palette_DoVariants : 735C C |
 $engine.effects.palette$Palette_DoVariants$slot1 : 736A C |
 $engine.effects.palette$Palette_DoVariants$ret : 7378 C |
 Palette_DeriveVariant : 737A C |
 $engine.effects.palette$Palette_DeriveVariant$line : 7380 C |
 $engine.effects.palette$Palette_DeriveVariant$entry : 7396 C |
 $engine.effects.palette$asm23$cl_pos : 73B6 C |
 $engine.effects.palette$asm23$cl_end : 73BE C |
 $engine.effects.palette$asm24$cl_pos : 73E0 C |
 $engine.effects.palette$asm24$cl_end : 73E8 C |
 $engine.effects.palette$asm25$cl_pos : 740C C |
 $engine.effects.palette$asm25$cl_end : 7414 C |
 $engine.effects.palette$Palette_DeriveVariant$next_line : 7420 C |
 Pal_Cycle_None : 742C C |
 Effects_ResolveParallax : 742E C |
 $engine.effects.preset$Effects_ResolveParallax$no_sec_binding : 743A C |
 $engine.effects.preset$Effects_ResolveParallax$act_default : 744E C |
 $engine.effects.preset$Effects_ResolveParallax$have_config : 7456 C |
 Effects_InstallPreset : 7458 C |
 $engine.effects.preset$Effects_InstallPreset$seed_anchor : 7470 C |
 $engine.effects.preset$Effects_InstallPreset$no_fade_arm : 7484 C |
 $engine.effects.preset$Effects_InstallPreset$variant0_same : 74A4 C |
 $engine.effects.preset$Effects_InstallPreset$variant1_same : 74B6 C |
 $engine.effects.preset$Effects_InstallPreset$no_patch : 74C6 C |
 $engine.effects.preset$Effects_InstallPreset$have_raster : 74D4 C |
 $engine.effects.preset$Effects_InstallPreset$raster_done : 74D8 C |
 Level_LoadArt : 74F0 C |
 $engine.load_art$Level_LoadArt$streaming_pool : 751C C |
 $engine.load_art$Level_LoadArt$enq_loop : 7536 C |
 $engine.load_art$Level_LoadArt$enq_next : 754A C |
 $engine.load_art$Level_LoadArt$drain_wait : 754E C |
 $engine.load_art$Level_LoadArt$bg : 7578 C |
 $engine.load_art$Level_LoadArt$direct_scan : 7592 C |
 $engine.load_art$Level_LoadArt$direct_ok : 759C C |
 $engine.load_art$Level_LoadArt$no_direct : 75A0 C |
 PageIn_Process : 75A8 C |
 $engine.page_in$PageIn_Process$lag_ontime : 75D4 C |
 $engine.page_in$PageIn_Process$frame_ticked : 75DC C |
 $engine.page_in$PageIn_Process$gate_reset : 761C C |
 $engine.page_in$PageIn_Process$start : 7620 C |
 $engine.page_in$PageIn_Process$page_id_ok : 7632 C |
 $engine.page_in$PageIn_Process$raw : 768A C |
 $engine.page_in$PageIn_Process$raw_published : 76AA C |
 $engine.page_in$PageIn_Process$alloc_fail : 76B6 C |
 $engine.page_in$PageIn_Process$idle : 76C2 C |
 $engine.page_in$PageIn_Process$drop_degenerate : 76C4 C |
 $engine.page_in$PageIn_Process$release_claim : 76C8 C |
 $engine.page_in$PageIn_Process$claim_done : 76E0 C |
 $engine.page_in$PageIn_Process$resume : 76E2 C |
 $engine.page_in$PageIn_Process$after : 76E6 C |
 $engine.page_in$PageIn_Process$land : 76EA C |
 $engine.page_in$PageIn_Process$land_full : 770A C |
 $engine.page_in$PageIn_Process$queue_has_nonspec : 7710 C |
 $engine.page_in$PageIn_Process$qn_scan : 771C C |
 $engine.page_in$PageIn_Process$qn_found : 7730 C |
 $engine.page_in$PageIn_Process$dequeue : 7734 C |
 $engine.page_in$PageIn_Process$dq_scan : 7740 C |
 $engine.page_in$PageIn_Process$dq_found : 775A C |
 $engine.page_in$PageIn_Process$dq_shift : 7770 C |
 $engine.page_in$PageIn_Process$dq_done : 7776 C |
 PageIn_BankRegs : 777C C |
 PageIn_Resume : 77A2 C |
 PageIn_EnqueueLanding : 77CC C |
 $engine.page_in$PageIn_EnqueueLanding$art_deferred : 77FA C |
 $engine.page_in$PageIn_EnqueueLanding$dropped : 7800 C |
 PageIn_Enqueue : 7806 C |
 $engine.page_in$PageIn_Enqueue$full : 783E C |
 PageIn_Flush : 7844 C |
 PageCache_Init : 7894 C |
 $engine.page_cache$PageCache_Init$clr_table : 78A8 C |
 $engine.page_cache$PageCache_Init$clr_queued : 78BA C |
 $engine.page_cache$PageCache_Init$init_frames : 78CC C |
 PageCache_Request : 78F8 C |
 $engine.page_cache$PageCache_Request$in_range : 7900 C |
 $engine.page_cache$PageCache_Request$not_inflight : 7928 C |
 $engine.page_cache$PageCache_Request$done : 7942 C |
 PageCache_AllocFrame : 7944 C |
 $engine.page_cache$PageCache_AllocFrame$from_lru : 7962 C |
 $engine.page_cache$PageCache_AllocFrame$ev_scan : 7972 C |
 $engine.page_cache$PageCache_AllocFrame$ev_next : 798A C |
 $engine.page_cache$PageCache_AllocFrame$detach : 79C6 C |
 $engine.page_cache$PageCache_AllocFrame$thrash : 79E0 C |
 PageCache_FreeFrame : 79E6 C |
 PageCache_Publish : 7A00 C |
 $engine.page_cache$PageCache_Publish$not_pinned : 7A52 C |
 $engine.page_cache$PageCache_Publish$done : 7A6C C |
 PageCache_PatchRun_Seq : 7A6E C |
 $engine.page_cache$asm6$pw_new_blank : 7A90 C |
 $engine.page_cache$asm6$pw_miss : 7A9E C |
 $engine.page_cache$asm6$pw_word : 7ABA C |
 $engine.page_cache$asm6$pw_ref_done : 7B06 C |
 $engine.page_cache$asm6$pw_unref_old : 7B0C C |
 $engine.page_cache$asm6$pw_next : 7B2C C |
 $engine.page_cache$PageCache_PatchRun_Seq$direct : 7B3E C |
 $engine.page_cache$asm8$pd_blank : 7B42 C |
 $engine.page_cache$asm8$pd_word : 7B46 C |
 $engine.page_cache$asm8$pd_next : 7B60 C |
 PageCache_PatchRun_Col : 7B72 C |
 $engine.page_cache$asm10$pw_new_blank : 7B94 C |
 $engine.page_cache$asm10$pw_miss : 7BA2 C |
 $engine.page_cache$asm10$pw_word : 7BBE C |
 $engine.page_cache$asm10$pw_ref_done : 7C0A C |
 $engine.page_cache$asm10$pw_unref_old : 7C10 C |
 $engine.page_cache$asm10$pw_next : 7C30 C |
 $engine.page_cache$PageCache_PatchRun_Col$direct : 7C42 C |
 $engine.page_cache$asm12$pd_blank : 7C46 C |
 $engine.page_cache$asm12$pd_word : 7C4A C |
 $engine.page_cache$asm12$pd_next : 7C64 C |
 PageCache_Prefetch : 7C76 C |
 $engine.page_cache$PageCache_Prefetch$row_scan : 7CB8 C |
 $engine.page_cache$PageCache_Prefetch$row_next : 7CDC C |
 $engine.page_cache$PageCache_Prefetch$col_strip : 7CE2 C |
 $engine.page_cache$PageCache_Prefetch$col_scan : 7CFE C |
 $engine.page_cache$PageCache_Prefetch$col_next : 7D24 C |
 $engine.page_cache$PageCache_Prefetch$strips_done : 7D2A C |
 $engine.page_cache$PageCache_Prefetch$ret : 7D2E C |
 $engine.page_cache$PageCache_Prefetch$scan_block : 7D30 C |
 $engine.page_cache$PageCache_Prefetch$sb_loop : 7D3A C |
 $engine.page_cache$PageCache_Prefetch$sb_next : 7D70 C |
 $engine.page_cache$PageCache_Prefetch$sb_done : 7D74 C |
 PageCache_Audit : 7D76 C |
 PageCache_ResetRefcounts : 7D76 C |
 BG_Init : 7D80 C |
 $engine.bg$BG_Init$bg_len_ok : 7DA4 C |
 $engine.bg$asm1$wait_z80 : 7DB2 C |
 $engine.bg$BG_Init$tile_copy : 7DD4 C |
 $engine.bg$BG_Init$skip_tiles : 7DE2 C |
 $engine.bg$asm3$wait_z80 : 7DF4 C |
 $engine.bg$BG_Init$nt_col : 7E0E C |
 $engine.bg$BG_Init$nt_row : 7E2E C |
 $engine.bg$BG_Init$skip_nt : 7E4C C |
 BgAnim_Init : 7E60 C |
 BgAnim_Update : 7E6C C |
 $engine.bg_anim$BgAnim_Update$band_loop : 7E80 C |
 $engine.bg_anim$BgAnim_Update$cam_x : 7E8E C |
 $engine.bg_anim$BgAnim_Update$cam_y : 7E94 C |
 $engine.bg_anim$BgAnim_Update$have_value : 7E98 C |
 $engine.bg_anim$BgAnim_Update$commit : 7EE4 C |
 $engine.bg_anim$BgAnim_Update$queue_full : 7EE8 C |
 $engine.bg_anim$BgAnim_Update$skip_band : 7EEC C |
 $engine.bg_anim$BgAnim_Update$next_band : 7EEE C |
 $engine.bg_anim$BgAnim_Update$exit : 7EF8 C |
 Sound_PostByte : 7EFE C |
 $engine.sound_api$asm2$wait_z80 : 7F0C C |
 Sound_Init : 7F24 C |
 $engine.sound_api$Sound_Init$wait_alive : 7F26 C |
 $engine.sound_api$asm6$wait_z80 : 7F32 C |
 Sound_Ping : 7F54 C |
 Sound_PlaySample : 7F5C C |
 $engine.sound_api$Sound_PlayMusic$await_slot : 7F64 C |
 Sound_PlayMusic : 7F64 C |
 $engine.sound_api$asm11$wait_z80 : 7F6C C |
 $engine.sound_api$asm17$wait_z80 : 7FE0 C |
 SoundTablesZ80_Head : 8000 C |
 Sound_PlaySFX : 8024 C |
 $engine.sound_api$Sound_PlaySFX$ps_checkfull : 804E C |
 $engine.sound_api$Sound_PlaySFX$ps_drop : 8064 C |
 $engine.sound_api$Sound_PlaySFX$ps_ret : 8068 C |
 Sound_DrainSfxRing : 806A C |
 $engine.sound_api$asm22$wait_z80 : 8084 C |
 $engine.sound_api$Sound_DrainSfxRing$dr_done : 80AE C |
 $engine.sound_api$Sound_DrainSfxRing$dr_ret : 80B8 C |
 Sound_PlayRing : 80BA C |
 $engine.sound_api$Sound_PlayRing$left : 80CE C |
 Sound_StopMusic : 80D4 C |
 Sound_SetTempo : 80E2 C |
 Sound_FadeOut : 80EC C |
 Sound_FadeIn : 80FA C |
 Sound_FadeCmd : 8108 C |
 Sound_Pause : 8112 C |
 Sound_Unpause : 811E C |
 Sound_PauseAll : 812A C |
 Sound_UnpauseAll : 8136 C |
 Sound_PlayJingle : 8142 C |
 Sound_FadeOutStop : 814C C |
 Sound_FadeOutPause : 815A C |
 Sound_ReadStat : 8168 C |
 $engine.sound_api$asm39$wait_z80 : 8176 C |
 Sound_IsMusicPlaying : 818E C |
 Sound_IsFading : 8196 C |
 Sound_GetComm : 819E C |
 MovingTrucks_PitchTable : 8357 C |
 SndDefaultPitchTable : 8357 C |
 SfxBlobWinTab : 845F C |
 SeqOpcodeTable : 8571 C |
 DacSampleTable : 85B1 C |
 ObjCodeBase : 10000 C |
 Player_Init : 10002 C |
 $games.sonic4.player_common$asm3$blk_resolved : 1008E C |
 Player_RefreshPhysics : 100A0 C |
 $games.sonic4.player_common$Player_RefreshPhysics$pal_copy : 100D0 C |
 $games.sonic4.player_common$Player_RefreshPhysics$no_pal : 100DC C |
 Player_Main : 100DE C |
 $games.sonic4.player_common$Player_Main$toggle_exit : 100FC C |
 $games.sonic4.player_common$Player_Main$no_toggle : 10100 C |
 $games.sonic4.player_common$asm8$blk_resolved : 10116 C |
 $games.sonic4.player_common$Player_Main$latch : 1013C C |
 $games.sonic4.player_common$Player_Main$no_latch : 10144 C |
 $games.sonic4.player_common$Player_Main$buffer_done : 1014E C |
 $games.sonic4.player_common$Player_Main$rings_done : 1019E C |
 Player_Display : 1019E C |
 Player_ApplyTilt : 101B0 C |
 $games.sonic4.player_common$Player_ApplyTilt$biased : 101C6 C |
 $games.sonic4.player_common$Player_ApplyTilt$faced : 101D2 C |
 $games.sonic4.player_common$Player_ApplyTilt$flip_ready : 101DA C |
 $games.sonic4.player_common$Player_ApplyTilt$run_stride : 10210 C |
 $games.sonic4.player_common$Player_ApplyTilt$banked : 10212 C |
 $games.sonic4.player_common$Player_ApplyTilt$done : 1021C C |
 Glide_Pose_Table8 : 1021E C |
 Player_Animate : 10226 C |
 $games.sonic4.player_common$asm12$abs : 1022E C |
 $games.sonic4.player_common$Player_Animate$hold_ok : 10238 C |
 $games.sonic4.player_common$Player_Animate$not_spindash : 10252 C |
 $games.sonic4.player_common$Player_Animate$fly_tired : 10266 C |
 $games.sonic4.player_common$Player_Animate$not_fly : 1026E C |
 $games.sonic4.player_common$Player_Animate$glide_face_set : 1029E C |
 $games.sonic4.player_common$Player_Animate$not_glide : 102A8 C |
 $games.sonic4.player_common$Player_Animate$not_glidefall : 102B6 C |
 $games.sonic4.player_common$Player_Animate$not_slide : 102C4 C |
 $games.sonic4.player_common$Player_Animate$not_climb : 102D2 C |
 $games.sonic4.player_common$Player_Animate$not_ledge : 102E0 C |
 $games.sonic4.player_common$asm13$abs : 102F0 C |
 $games.sonic4.player_common$Player_Animate$roll_hold_ok : 102FA C |
 $games.sonic4.player_common$Player_Animate$uncurled : 10304 C |
 $games.sonic4.player_common$Player_Animate$skid_left : 10324 C |
 $games.sonic4.player_common$Player_Animate$skid_opposing : 1032A C |
 $games.sonic4.player_common$asm14$abs : 10338 C |
 $games.sonic4.player_common$Player_Animate$skid_show : 10346 C |
 $games.sonic4.player_common$Player_Animate$not_skid : 10352 C |
 $games.sonic4.player_common$Player_Animate$skid_drop : 10352 C |
 $games.sonic4.player_common$Player_Animate$not_push : 10362 C |
 $games.sonic4.player_common$Player_Animate$rest_input : 1037A C |
 $games.sonic4.player_common$Player_Animate$not_duck : 1038A C |
 $games.sonic4.player_common$Player_Animate$not_lookup : 1039A C |
 $games.sonic4.player_common$Player_Animate$idle : 103A8 C |
 $games.sonic4.player_common$Player_Animate$walk_or_run : 103B0 C |
 $games.sonic4.player_common$asm15$abs : 103B8 C |
 $games.sonic4.player_common$Player_Animate$walk : 103C6 C |
 Player_States : 103CE C |
 Player_SetState : 103E8 C |
 PState_EnterHooks : 1040A C |
 PState_ExitHooks : 10424 C |
 PHook_Null : 1043E C |
 PHook_GroundEnter : 10440 C |
 PHook_AirEnter : 10454 C |
 PHook_AirBallEnter : 1045E C |
 PHook_RollEnter : 1046A C |
 PHook_GlideEnter : 1047A C |
 PHook_SlideEnter : 10484 C |
 PHook_ClimbEnter : 1048E C |
 PHook_SpindashEnter : 10498 C |
 PHook_SpindashExit : 104BA C |
 PHook_EnsureStanding : 104C0 C |
 $games.sonic4.player_common$PHook_EnsureStanding$keep : 104EA C |
 PHook_EnsureAbility : 104EC C |
 $games.sonic4.player_common$PHook_EnsureAbility$keep : 10506 C |
 PHook_EnsureBall : 10508 C |
 $games.sonic4.player_common$PHook_EnsureBall$keep : 10534 C |
 Player_SnapToSurface : 10536 C |
 $games.sonic4.player_common$Player_SnapToSurface$down : 1054C C |
 $games.sonic4.player_common$Player_SnapToSurface$left : 10552 C |
 $games.sonic4.player_common$Player_SnapToSurface$up : 10558 C |
 Player_BoundsInit : 1055E C |
 Player_LevelBound : 10584 C |
 $games.sonic4.player_common$Player_LevelBound$clamp_x : 10598 C |
 $games.sonic4.player_common$Player_LevelBound$x_done : 105A8 C |
 $games.sonic4.player_common$Player_LevelBound$edge_clamp : 105CE C |
 $games.sonic4.player_common$Player_LevelBound$y_ok : 105DA C |
 $games.sonic4.player_common$Player_LevelBound$edge_wrap : 105DC C |
 $games.sonic4.player_common$Player_LevelBound$edge_kill : 105DE C |
 Player_DebugEnter : 105E4 C |
 Player_DebugExit : 10618 C |
 Player_DebugMove : 10650 C |
 $games.sonic4.player_common$Player_DebugMove$check_right : 10662 C |
 $games.sonic4.player_common$Player_DebugMove$check_up : 1066C C |
 $games.sonic4.player_common$Player_DebugMove$check_down : 10676 C |
 $games.sonic4.player_common$Player_DebugMove$draw : 10680 C |
 PState_Ground : 10690 C |
 $games.sonic4.player_ground$asm1$abs : 106A6 C |
 $games.sonic4.player_ground$PState_Ground$no_spindash : 106C4 C |
 $games.sonic4.player_ground$PState_Ground$no_jump : 106D6 C |
 $games.sonic4.player_ground$asm2$abs : 106F8 C |
 $games.sonic4.player_ground$PState_Ground$slope_factor : 10700 C |
 $games.sonic4.player_ground$PState_Ground$no_slope : 10706 C |
 $games.sonic4.player_ground$asm3$abs : 10722 C |
 Ground_PostMove : 10736 C |
 $games.sonic4.player_ground$Ground_PostMove$lock_done : 10750 C |
 $games.sonic4.player_ground$Ground_PostMove$terrain : 10752 C |
 $games.sonic4.player_ground$Ground_PostMove$axis_sel : 10766 C |
 $games.sonic4.player_ground$asm5$abs : 1076A C |
 $games.sonic4.player_ground$Ground_PostMove$window_ok : 10776 C |
 $games.sonic4.player_ground$Ground_PostMove$snap : 10788 C |
 $games.sonic4.player_ground$Ground_PostMove$no_snap : 10790 C |
 Player_SlopeRepel : 10790 C |
 $games.sonic4.player_ground$Player_SlopeRepel$lock_idle : 1079E C |
 $games.sonic4.player_ground$asm7$abs : 107BA C |
 $games.sonic4.player_ground$Player_SlopeRepel$nudge : 107CC C |
 $games.sonic4.player_ground$Player_SlopeRepel$done : 107E6 C |
 Ground_DetachState : 107E8 C |
 $games.sonic4.player_ground$Ground_DetachState$set : 107F4 C |
 PState_Roll : 107F8 C |
 $games.sonic4.player_ground$PState_Roll$no_jump : 1080A C |
 $games.sonic4.player_ground$PState_Roll$gsp_neg : 10834 C |
 $games.sonic4.player_ground$PState_Roll$uphill : 10838 C |
 $games.sonic4.player_ground$PState_Roll$slope_apply : 1083A C |
 $games.sonic4.player_ground$PState_Roll$no_slope : 1083E C |
 $games.sonic4.player_ground$asm10$lr_masked : 10858 C |
 $games.sonic4.player_ground$PState_Roll$brake_left : 10872 C |
 $games.sonic4.player_ground$PState_Roll$moving_left : 1087C C |
 $games.sonic4.player_ground$PState_Roll$brake_right : 10890 C |
 $games.sonic4.player_ground$PState_Roll$friction : 1089A C |
 $games.sonic4.player_ground$PState_Roll$fric_neg : 108AE C |
 $games.sonic4.player_ground$PState_Roll$unroll_check : 108B4 C |
 $games.sonic4.player_ground$asm11$abs : 108BE C |
 $games.sonic4.player_ground$PState_Roll$keep_rolling : 108E6 C |
 $games.sonic4.player_ground$PState_Roll$shared_move : 108F2 C |
 Ground_Move : 108FA C |
 $games.sonic4.player_ground$asm14$lr_masked : 10914 C |
 $games.sonic4.player_ground$Ground_Move$friction : 10920 C |
 $games.sonic4.player_ground$Ground_Move$friction_neg : 10932 C |
 $games.sonic4.player_ground$Ground_Move$move_left : 1093A C |
 $games.sonic4.player_ground$Ground_Move$accel_left : 10948 C |
 $games.sonic4.player_ground$Ground_Move$move_right : 10962 C |
 $games.sonic4.player_ground$Ground_Move$accel_right : 10972 C |
 Ground_Move_Cap : 10988 C |
 $games.sonic4.player_ground$Ground_Move_Cap$cap_pos_ok : 10992 C |
 $games.sonic4.player_ground$Ground_Move_Cap$cap_neg_ok : 1099C C |
 $games.sonic4.player_ground$Ground_Move_Cap$project_slope : 109B2 C |
 $games.sonic4.player_ground$Ground_Move_Cap$wall_probe : 109CE C |
 $games.sonic4.player_ground$Ground_Move_Cap$gate_ok : 109E6 C |
 $games.sonic4.player_ground$Ground_Move_Cap$dir_fwd : 109F2 C |
 $games.sonic4.player_ground$Ground_Move_Cap$not_rolling : 10A2C C |
 $games.sonic4.player_ground$Ground_Move_Cap$probe_y_set : 10A34 C |
 $games.sonic4.player_ground$Ground_Move_Cap$off_right : 10A42 C |
 $games.sonic4.player_ground$Ground_Move_Cap$off_vert : 10A48 C |
 $games.sonic4.player_ground$Ground_Move_Cap$off_up : 10A52 C |
 $games.sonic4.player_ground$Ground_Move_Cap$probe_go : 10A56 C |
 $games.sonic4.player_ground$Ground_Move_Cap$clear_push : 10A60 C |
 $games.sonic4.player_ground$Ground_Move_Cap$wall_hit : 10A68 C |
 $games.sonic4.player_ground$Ground_Move_Cap$cancel_right : 10A78 C |
 $games.sonic4.player_ground$Ground_Move_Cap$cancel_vert : 10A7E C |
 $games.sonic4.player_ground$Ground_Move_Cap$cancel_up : 10A88 C |
 $games.sonic4.player_ground$Ground_Move_Cap$gsp_kill : 10A8C C |
 $games.sonic4.player_ground$Ground_Move_Cap$hit_back : 10AA2 C |
 $games.sonic4.player_ground$Ground_Move_Cap$set_push : 10AAA C |
 $games.sonic4.player_ground$Ground_Move_Cap$dir_table : 10AB2 C |
 Player_Jump : 10ABA C |
 $games.sonic4.player_ground$Player_Jump$no_carry : 10ACA C |
 $games.sonic4.player_ground$Player_Jump$flat : 10AFA C |
 $games.sonic4.player_ground$Player_Jump$launched : 10AFE C |
 $games.sonic4.player_ground$Player_Jump$from_stand : 10B14 C |
 PState_Air : 10B20 C |
 PState_AirBall : 10B20 C |
 PState_RollJump : 10B24 C |
 PState_Jump : 10B28 C |
 PState_AirShared : 10B2A C |
 $games.sonic4.player_air$PState_AirShared$not_on_obj : 10B36 C |
 $games.sonic4.player_air$PState_AirShared$cut_arc : 10B5E C |
 $games.sonic4.player_air$PState_AirShared$no_cap : 10B64 C |
 $games.sonic4.player_air$PState_AirShared$press_ok : 10B7C C |
 $games.sonic4.player_air$PState_AirShared$no_ability : 10B86 C |
 $games.sonic4.player_air$PState_AirShared$input_locked : 10B90 C |
 $games.sonic4.player_air$PState_AirShared$fall_capped : 10BAA C |
 Air_Collide : 10BB2 C |
 $games.sonic4.player_air$Air_Collide$angle_pos : 10BBE C |
 $games.sonic4.player_air$Air_Collide$angle_set : 10BC0 C |
 $games.sonic4.player_air$Air_Collide$angle_done : 10BC4 C |
 $games.sonic4.player_air$asm6$abs : 10BD2 C |
 $games.sonic4.player_air$asm7$abs : 10BDC C |
 $games.sonic4.player_air$Air_Collide$right_no_wall : 10BF6 C |
 $games.sonic4.player_air$Air_Collide$mostly_left : 10BFE C |
 $games.sonic4.player_air$Air_Collide$left_no_wall : 10C10 C |
 $games.sonic4.player_air$Air_Collide$vertical : 10C18 C |
 $games.sonic4.player_air$Air_Collide$mostly_up : 10C2C C |
 $games.sonic4.player_air$Air_Collide$up_done : 10C64 C |
 $games.sonic4.player_air$Air_Collide$reattach : 10C66 C |
 Air_LandOnObject : 10C7A C |
 Air_XInput : 10C96 C |
 $games.sonic4.player_air$asm11$lr_masked : 10CA6 C |
 $games.sonic4.player_air$Air_XInput$air_left : 10CD0 C |
 $games.sonic4.player_air$Air_XInput$air_store : 10CEA C |
 $games.sonic4.player_air$Air_XInput$done : 10CEE C |
 Air_XDrag : 10CF0 C |
 $games.sonic4.player_air$Air_XDrag$done : 10D0C C |
 Air_FloorLandBanded : 10D0E C |
 $games.sonic4.player_air$Air_FloorLandBanded$mid : 10D4C C |
 $games.sonic4.player_air$Air_FloorLandBanded$steep : 10D54 C |
 $games.sonic4.player_air$Air_FloorLandBanded$steep_capped : 10D66 C |
 $games.sonic4.player_air$Air_FloorLandBanded$grounded : 10D68 C |
 $games.sonic4.player_air$Air_FloorLandBanded$no_land : 10D6E C |
 Air_FloorLandFlat : 10D70 C |
 $games.sonic4.player_air$Air_FloorLandFlat$no_land : 10D90 C |
 Air_TouchFloor : 10D92 C |
 Air_GspFromYvel : 10DA2 C |
 $games.sonic4.player_air$Air_GspFromYvel$store : 10DAC C |
 Air_LandState : 10DB2 C |
 $games.sonic4.player_air$asm18$abs : 10DCA C |
 $games.sonic4.player_air$Air_LandState$check_headroom : 10DD4 C |
 $games.sonic4.player_air$Air_LandState$stand : 10DF2 C |
 $games.sonic4.player_air$Air_LandState$stay_rolling : 10DF6 C |
 Air_WallProbeRight : 10DFA C |
 $games.sonic4.player_air$Air_WallProbeRight$no_hit : 10E20 C |
 Air_WallProbeLeft : 10E24 C |
 $games.sonic4.player_air$Air_WallProbeLeft$no_hit : 10E4A C |
 Air_CeilingBump : 10E4E C |
 $games.sonic4.player_air$Air_CeilingBump$clear : 10E68 C |
 PState_Spindash : 10E70 C |
 $games.sonic4.player_spindash$PState_Spindash$rev : 10E88 C |
 $games.sonic4.player_spindash$PState_Spindash$floor : 10EB0 C |
 $games.sonic4.player_spindash$PState_Spindash$pinned : 10EC8 C |
 $games.sonic4.player_spindash$PState_Spindash$floor_gone : 10ECA C |
 $games.sonic4.player_spindash$PState_Spindash$release : 10ED0 C |
 $games.sonic4.player_spindash$PState_Spindash$launch : 10EE6 C |
 PState_Fly : 10F10 C |
 $games.sonic4.player_fly$PState_Fly$not_on_obj : 10F1C C |
 $games.sonic4.player_fly$PState_Fly$flap_end : 10F4A C |
 $games.sonic4.player_fly$PState_Fly$coast : 10F52 C |
 $games.sonic4.player_fly$PState_Fly$flap_ok : 10F6A C |
 $games.sonic4.player_fly$PState_Fly$no_flap : 10F80 C |
 $games.sonic4.player_fly$PState_Fly$coast_store : 10F92 C |
 $games.sonic4.player_fly$PState_Fly$vert_done : 10F96 C |
 $games.sonic4.player_fly$PState_Fly$top_ok : 10FAE C |
 $games.sonic4.player_fly$PState_Fly$done : 10FDC C |
 Fly_TickFuel : 10FDE C |
 $games.sonic4.player_fly$Fly_TickFuel$done : 10FF0 C |
 Ability_TailsFlight : 10FF2 C |
 $games.sonic4.player_fly$Ability_TailsFlight$rising_too_fast : 1100E C |
 Fly_TickSfx : 11010 C |
 $games.sonic4.player_fly$Fly_TickSfx$play : 11032 C |
 $games.sonic4.player_fly$Fly_TickSfx$done : 11038 C |
 PState_Glide : 11044 C |
 $games.sonic4.player_glide$PState_Glide$continue : 1107A C |
 $games.sonic4.player_glide$PState_Glide$release : 1107C C |
 $games.sonic4.player_glide$PState_Glide$hit_wall : 1108A C |
 $games.sonic4.player_glide$PState_Glide$on_object : 1108E C |
 $games.sonic4.player_glide$PState_Glide$hit_floor : 11092 C |
 $games.sonic4.player_glide$PState_Glide$face_set : 110A8 C |
 $games.sonic4.player_glide$PState_Glide$flat_slide : 110C6 C |
 Glide_Move : 110CC C |
 $games.sonic4.player_glide$Glide_Move$medium : 110DA C |
 $games.sonic4.player_glide$Glide_Move$apply : 110EC C |
 $games.sonic4.player_glide$Glide_Move$falling_slow : 11118 C |
 $games.sonic4.player_glide$Glide_Move$chute_done : 1111C C |
 $games.sonic4.player_glide$Glide_Move$done : 11130 C |
 Glide_Turn : 11132 C |
 $games.sonic4.player_glide$Glide_Turn$add_l : 1114C C |
 $games.sonic4.player_glide$Glide_Turn$not_left : 11150 C |
 $games.sonic4.player_glide$Glide_Turn$add_r : 1115E C |
 $games.sonic4.player_glide$Glide_Turn$not_right : 11162 C |
 $games.sonic4.player_glide$Glide_Turn$store : 1116C C |
 Glide_Collide : 11172 C |
 $games.sonic4.player_glide$Glide_Collide$no_wall_l : 11182 C |
 $games.sonic4.player_glide$Glide_Collide$no_wall_r : 11190 C |
 $games.sonic4.player_glide$Glide_Collide$angle_usable : 111C0 C |
 $games.sonic4.player_glide$Glide_Collide$airborne : 111D2 C |
 $games.sonic4.player_glide$Glide_Collide$done : 111D8 C |
 PState_GlideFall : 111DC C |
 $games.sonic4.player_glide$PState_GlideFall$grav_ok : 111FE C |
 $games.sonic4.player_glide$PState_GlideFall$dead_stop : 1120C C |
 $games.sonic4.player_glide$PState_GlideFall$airborne : 11228 C |
 PState_Slide : 1122A C |
 $games.sonic4.player_glide$PState_Slide$held : 1124A C |
 $games.sonic4.player_glide$PState_Slide$going_right : 1125A C |
 $games.sonic4.player_glide$PState_Slide$terrain : 11262 C |
 $games.sonic4.player_glide$PState_Slide$get_up : 11264 C |
 Slide_Terrain : 1127C C |
 $games.sonic4.player_glide$Slide_Terrain$no_sfx : 112B0 C |
 $games.sonic4.player_glide$Slide_Terrain$ledge_drop : 112B2 C |
 Ability_KnuxGlide : 112B8 C |
 $games.sonic4.player_glide$Ability_KnuxGlide$store_face : 112D4 C |
 $games.sonic4.player_glide$Ability_KnuxGlide$yvel_ok : 112F2 C |
 $games.sonic4.player_glide$Ability_KnuxGlide$rising_too_fast : 112FC C |
 Climb_WallDist : 1131A C |
 $games.sonic4.player_climb$Climb_WallDist$facing_left : 11330 C |
 Climb_Animate : 1133A C |
 $games.sonic4.player_climb$Climb_Animate$no_wrap_lo : 11360 C |
 $games.sonic4.player_climb$Climb_Animate$no_wrap_hi : 1136A C |
 $games.sonic4.player_climb$Climb_Animate$done : 11372 C |
 PState_Climb : 11374 C |
 $games.sonic4.player_climb$PState_Climb$move_up : 113DE C |
 $games.sonic4.player_climb$PState_Climb$not_up : 113E6 C |
 $games.sonic4.player_climb$PState_Climb$dip : 1142C C |
 $games.sonic4.player_climb$PState_Climb$finish : 1142E C |
 $games.sonic4.player_climb$PState_Climb$animate : 1145A C |
 $games.sonic4.player_climb$PState_Climb$no_jump : 11476 C |
 Climb_JumpOff : 11478 C |
 $games.sonic4.player_climb$Climb_JumpOff$was_left : 11498 C |
 $games.sonic4.player_climb$Climb_JumpOff$go : 1149E C |
 Climb_ReachFloor : 114A4 C |
 Climb_ToLedge : 114BE C |
 Climb_LetGo : 114CA C |
 Climb_DoClamberStep : 114DA C |
 $games.sonic4.player_climb$Climb_DoClamberStep$dx_ok : 114F8 C |
 Climb_ClamberFrames : 11510 C |
 PState_Ledge : 11520 C |
 $games.sonic4.player_climb$PState_Ledge$step : 11532 C |
 $games.sonic4.player_climb$PState_Ledge$stand : 11554 C |
 $games.sonic4.player_climb$PState_Ledge$hold : 11568 C |
 Knuckles_Gliding_WallCatch : 1156A C |
 $games.sonic4.player_climb$Knuckles_Gliding_WallCatch$left_wall : 1157C C |
 $games.sonic4.player_climb$Knuckles_Gliding_WallCatch$pair : 11582 C |
 $games.sonic4.player_climb$Knuckles_Gliding_WallCatch$fb_left : 115B2 C |
 $games.sonic4.player_climb$Knuckles_Gliding_WallCatch$fb_probe : 115B6 C |
 $games.sonic4.player_climb$Knuckles_Gliding_WallCatch$fall : 115DA C |
 Climb_Catch : 115E0 C |
 Ability_InstaShield : 11620 C |
 $games.sonic4.player_instashield$Ability_InstaShield$from_jump : 11630 C |
 $games.sonic4.player_instashield$Ability_InstaShield$not_rolljump : 11642 C |
 $games.sonic4.player_instashield$Ability_InstaShield$done : 1165E C |
 InstaShield_Spawn : 11660 C |
 $games.sonic4.player_instashield$InstaShield_Spawn$done : 116A2 C |
 InstaShield_Main : 116A4 C |
 $games.sonic4.player_instashield$InstaShield_Main$no_flip : 116C8 C |
 $games.sonic4.player_instashield$InstaShield_Main$not_over : 116DE C |
 Ani_InstaShield : 116FA C |
 __offsets$games.sonic4.player_instashield$Ani_InstaShield$Attack : 116FC C |
 Map_InstaShield : 1170C C |
 __align$games.sonic4.player_instashield$0 : 1170C C |
 DPLC_InstaShield : 117D4 C |
 __align$games.sonic4.player_instashield$1 : 117D4 C |
 Art_InstaShield : 117F2 C |
 __align$games.sonic4.player_instashield$2 : 117F2 C |
 CharDef_Sonic : 11E80 C |
 PhysTable_Sonic : 11EA6 C |
 CharDef_Tails : 11EC0 C |
 PhysTable_Tails : 11EE6 C |
 CharDef_Knuckles : 11EF6 C |
 PhysTable_Knuckles : 11F1C C |
 CharacterDefs : 11F30 C |
 Player_InitAssets : 11F3C C |
 Player_LoadArt : 11F54 C |
 Player_Ability : 11F6E C |
 Ability_None : 11F78 C |
 TailsAppendage_Refresh : 11F7A C |
 $games.sonic4.tails_appendage$TailsAppendage_Refresh$not_tails : 11F8E C |
 $games.sonic4.tails_appendage$TailsAppendage_Refresh$done : 11F98 C |
 TailsAppendage_Spawn : 11F9A C |
 $games.sonic4.tails_appendage$TailsAppendage_Spawn$done : 11FDA C |
 TailsAppendage_Main : 11FDC C |
 $games.sonic4.tails_appendage$TailsAppendage_Main$hold_ok : 12010 C |
 $games.sonic4.tails_appendage$TailsAppendage_Main$bank_facing_left : 1203C C |
 $games.sonic4.tails_appendage$TailsAppendage_Main$bank_bias : 12040 C |
 $games.sonic4.tails_appendage$TailsAppendage_Main$bank_flip_ready : 12048 C |
 $games.sonic4.tails_appendage$TailsAppendage_Main$no_bank : 1207C C |
 $games.sonic4.tails_appendage$TailsAppendage_Main$hidden : 12094 C |
 DustPuff_Spawn : 12096 C |
 $games.sonic4.dust_puff$DustPuff_Spawn$done : 120D2 C |
 DustPuff_Main : 120D4 C |
 Dust_Tick : 120DC C |
 $games.sonic4.dust_spindash$Dust_Tick$slide : 12106 C |
 $games.sonic4.dust_spindash$Dust_Tick$spawn : 1211C C |
 $games.sonic4.dust_spindash$Dust_Tick$disarm : 1212E C |
 $games.sonic4.dust_spindash$Dust_Tick$done : 12132 C |
 DustSpindash_Spawn : 12134 C |
 $games.sonic4.dust_spindash$DustSpindash_Spawn$done : 12176 C |
 DustSpindash_Main : 12178 C |
 $games.sonic4.dust_spindash$DustSpindash_Main$live : 12188 C |
 $games.sonic4.dust_spindash$DustSpindash_Main$no_flip : 121C2 C |
 RingSparkle_Spawn : 121E0 C |
 $games.sonic4.ring_sparkle$RingSparkle_Spawn$done : 1222A C |
 RingSparkle_Main : 1222C C |
 Map_RingSparkle : 12234 C |
 __offsets$games.sonic4.ring_sparkle$Map_RingSparkle$F0 : 1223C C |
 __offsets$games.sonic4.ring_sparkle$Map_RingSparkle$F1 : 1224A C |
 __offsets$games.sonic4.ring_sparkle$Map_RingSparkle$F2 : 12258 C |
 __offsets$games.sonic4.ring_sparkle$Map_RingSparkle$F3 : 12266 C |
 Ani_RingSparkle : 12274 C |
 __offsets$games.sonic4.ring_sparkle$Ani_RingSparkle$Sparkle : 12276 C |
 Art_RingSparkle : 1227C C |
 __align$games.sonic4.ring_sparkle$0 : 1227C C |
 TestStatic_Main : 12300 C |
 TestSolid_Init : 12310 C |
 TestSolid_Main : 1231E C |
 ObjDef_PathSwap : 12322 C |
 PathSwap_Init : 1233C C |
 $games.sonic4.path_swap$PathSwap_Init$have_hh : 12348 C |
 PathSwap_Main : 12364 C |
 $games.sonic4.path_swap$PathSwap_Main$y_abs : 12388 C |
 $games.sonic4.path_swap$PathSwap_Main$sense : 123A0 C |
 $games.sonic4.path_swap$PathSwap_Main$write : 123AE C |
 $games.sonic4.path_swap$PathSwap_Main$done : 123B2 C |
 DeformTable_Zero : 123B4 C |
 ParallaxConfig_OJZ_Default : 124B4 C |
 ParallaxConfig_OJZ_Underwater : 12522 C |
 DeformTable_OJZ_Calm : 12590 C |
 ParallaxConfig_OJZ_Windy : 12690 C |
 DeformTable_Shimmer : 126C2 C |
 ParallaxConfig_Shimmer_Slow : 127C2 C |
 ParallaxConfig_Shimmer : 127F4 C |
 ParallaxConfig_Shimmer_Fast : 12826 C |
 DeformTable_Haze : 12858 C |
 ParallaxConfig_Haze_Slow : 12958 C |
 ParallaxConfig_Haze : 129DA C |
 ParallaxConfig_Haze_Fast : 12A5C C |
 ParallaxConfig_Haze_Uniform : 12ADE C |
 DeformTable_Rocking : 12B60 C |
 ParallaxConfig_Rocking_Slow : 12C60 C |
 ParallaxConfig_Rocking : 12C92 C |
 ParallaxConfig_Rocking_Fast : 12CC4 C |
 DeformTable_Perspective : 12CF6 C |
 ParallaxConfig_Perspective_Subtle : 12DF6 C |
 ParallaxConfig_Perspective : 12E78 C |
 ParallaxConfig_Perspective_Dramatic : 12EFA C |
 ParallaxConfig_WindyHaze : 12F7C C |
 ParallaxConfig_SkyHaze : 12FFE C |
 ParallaxConfig_OJZ_Caves : 13044 C |
 ParallaxConfig_OJZ_LockedClouds : 130C6 C |
 EditorSceneBinding_OJZ_Act1_Sec0 : 13148 C |
 EditorSceneBinding_OJZ_Act1_Sec4 : 131CA C |
 EditorRaster_OJZ_Act1_authored_probe : 1324C C |
 OJZ_TestRaster : 1329A C |
 OJZ_BandDemo : 132BC C |
 OJZ_TestPal : 132BC C |
 OJZ_ShimmerCycle : 1331C C |
 OJZ_WaterRaster : 13324 C |
 OJZ_GradientStream : 13346 C |
 OJZ_TestGradient : 13586 C |
 OJZ_TestVsram : 135A4 C |
 OJZ_TestRamp : 135C2 C |
 Variant_Water_Deep : 135E4 C |
 Variant_Water_Murky : 135EC C |
 Variant_Poison : 135F4 C |
 Variant_CaveDark : 135FC C |
 Variant_Dusk : 13604 C |
 OJZ_DepthVSplit : 1360C C |
 OJZ_Preset_Sec0 : 1363A C |
 OJZ_Preset_Sec1 : 13660 C |
 OJZ_Preset_Sec2 : 13686 C |
 OJZ_Preset_Sec3 : 136AC C |
 OJZ_Preset_Plain : 136D2 C |
 OJZ_Preset_Depth : 136F8 C |
 OJZ_TwoChannel : 1371E C |
 ObjDef_Static : 137D0 C |
 ObjDef_Solid : 137EA C |
 OJZ_Sec0_TypeTable : 13808 C |
 OJZ_Sec0_Objects : 1380E C |
 OJZ_Sec0_Rings : 13816 C |
 OJZ_Sec1_TypeTable : 13836 C |
 OJZ_Sec1_Objects : 13840 C |
 OJZ_Sec1_Rings : 13854 C |
 OJZ_Sec2_TypeTable : 1387C C |
 OJZ_Sec2_Objects : 13886 C |
 OJZ_Sec2_Rings : 13894 C |
 OJZ_Sec3_TypeTable : 138C8 C |
 OJZ_Sec3_Objects : 138CA C |
 OJZ_Sec3_Rings : 138CC C |
 OJZ_Sec4_TypeTable : 138D0 C |
 OJZ_Sec4_Objects : 138D2 C |
 OJZ_Sec4_Rings : 138D4 C |
 OJZ_Sec5_TypeTable : 13908 C |
 OJZ_Sec5_Objects : 1390A C |
 OJZ_Sec5_Rings : 1390C C |
 OJZ_Sec6_TypeTable : 13930 C |
 OJZ_Sec6_Objects : 13932 C |
 OJZ_Sec6_Rings : 13934 C |
 OJZ_Sec7_TypeTable : 13938 C |
 OJZ_Sec7_Objects : 1393A C |
 OJZ_Sec7_Rings : 1393C C |
 OJZ_Sec8_TypeTable : 13960 C |
 OJZ_Sec8_Objects : 13962 C |
 OJZ_Sec8_Rings : 13964 C |
 OJZ_Act_Pool_Page0 : 13978 C |
 OJZ_Act_Pool_Page1 : 13E16 C |
 OJZ_Act_Pool_Page2 : 142F4 C |
 OJZ_Act_Pool_Page3 : 147FA C |
 OJZ_Act_Pool_Page4 : 14D32 C |
 OJZ_Act_Pool_Page5 : 151A8 C |
 OJZ_Act_Pool_Page6 : 155D6 C |
 OJZ_Act_Pool_Page7 : 15A94 C |
 OJZ_Act_Pool_Page8 : 15FD0 C |
 OJZ_Act_Pool_Page9 : 1658A C |
 OJZ_Act_Pool_PageTable : 16834 C |
 OJZ_Act1_Descriptor : 16884 C |
 OJZ_Act1_Sections : 168AC C |
 OJZ_Sec0_Blocks : 16B00 C |
 OJZ_Sec1_Blocks : 18C70 C |
 OJZ_Sec2_Blocks : 19FEC C |
 OJZ_Sec3_Blocks : 1B784 C |
 OJZ_Sec5_Blocks : 1C8D0 C |
 OJZ_Sec6_Blocks : 1D6F6 C |
 OJZ_Sec7_Blocks : 1F2F6 C |
 OJZ_Sec8_Blocks : 2056A C |
 OJZ_Sec0_LocalMap : 22110 C |
 OJZ_Sec1_LocalMap : 2250E C |
 OJZ_Sec2_LocalMap : 2263C C |
 OJZ_Sec3_LocalMap : 22706 C |
 OJZ_Sec4_LocalMap : 22842 C |
 OJZ_Sec5_LocalMap : 2290C C |
 OJZ_Sec6_LocalMap : 229E8 C |
 OJZ_Sec7_LocalMap : 22B30 C |
 OJZ_Sec8_LocalMap : 22C92 C |
 OJZ_Sec_LocalMaps : 22DB0 C |
 OJZ_Palette : 22DE0 C |
 BGND_Palette : 22E40 C |
 OJZ_Act1_BG_Layout : 22E60 C |
 OJZ_Act1_BG_Tiles : 24E60 C |
 BgAnim_Table : 27662 C |
 _BgAnim_Band0_hdr : 27664 C |
 _BgAnim_Band0_banks : 27670 C |
 BgAnim_Banks : 27690 C |
 Map_TestObj : 29690 C |
 __offsets$games.sonic4.test_mappings$Map_TestObj$F0 : 29696 C |
 __offsets$games.sonic4.test_mappings$Map_TestObj$F1 : 296A4 C |
 __offsets$games.sonic4.test_mappings$Map_TestObj$F2 : 296B2 C |
 Map_DustSpindash : 296C0 C |
 Map_DustPuff : 29730 C |
 DPLC_Dust : 29770 C |
 Art_Dust : 2979A C |
 Ani_Sonic : 2A2A0 C |
 __offsets$games.sonic4.sonic_anims$Ani_Sonic$Walk : 2A2D0 C |
 __offsets$games.sonic4.sonic_anims$Ani_Sonic$Run : 2A2DA C |
 __offsets$games.sonic4.sonic_anims$Ani_Sonic$Roll : 2A2E0 C |
 __offsets$games.sonic4.sonic_anims$Ani_Sonic$Spindash : 2A2EA C |
 __offsets$games.sonic4.sonic_anims$Ani_Sonic$Push : 2A2F6 C |
 __offsets$games.sonic4.sonic_anims$Ani_Sonic$Wait : 2A2FC C |
 __offsets$games.sonic4.sonic_anims$Ani_Sonic$Balance : 2A30F C |
 __offsets$games.sonic4.sonic_anims$Ani_Sonic$LookUp : 2A314 C |
 __offsets$games.sonic4.sonic_anims$Ani_Sonic$Duck : 2A319 C |
 __offsets$games.sonic4.sonic_anims$Ani_Sonic$Skid : 2A31E C |
 __offsets$games.sonic4.sonic_anims$Ani_Sonic$GetUp : 2A325 C |
 __offsets$games.sonic4.sonic_anims$Ani_Sonic$Fly : 2A328 C |
 __offsets$games.sonic4.sonic_anims$Ani_Sonic$FlyTired : 2A332 C |
 __offsets$games.sonic4.sonic_anims$Ani_Sonic$Glide0 : 2A33C C |
 __offsets$games.sonic4.sonic_anims$Ani_Sonic$Glide1 : 2A346 C |
 __offsets$games.sonic4.sonic_anims$Ani_Sonic$Glide2 : 2A350 C |
 __offsets$games.sonic4.sonic_anims$Ani_Sonic$Glide3 : 2A35A C |
 __offsets$games.sonic4.sonic_anims$Ani_Sonic$Glide4 : 2A364 C |
 __offsets$games.sonic4.sonic_anims$Ani_Sonic$GlideFall : 2A36E C |
 __offsets$games.sonic4.sonic_anims$Ani_Sonic$Slide : 2A378 C |
 __offsets$games.sonic4.sonic_anims$Ani_Sonic$SlideGetUp : 2A382 C |
 __offsets$games.sonic4.sonic_anims$Ani_Sonic$GlideLand : 2A38C C |
 __offsets$games.sonic4.sonic_anims$Ani_Sonic$Climb : 2A396 C |
 __offsets$games.sonic4.sonic_anims$Ani_Sonic$Ledge : 2A3A0 C |
 Ani_Tails : 2A3AA C |
 __align$games.sonic4.sonic_anims$0 : 2A3AA C |
 __offsets$games.sonic4.tails_anims$Ani_Tails$Walk : 2A3DA C |
 __offsets$games.sonic4.tails_anims$Ani_Tails$Run : 2A3E4 C |
 __offsets$games.sonic4.tails_anims$Ani_Tails$Roll : 2A3EA C |
 __offsets$games.sonic4.tails_anims$Ani_Tails$Spindash : 2A3EF C |
 __offsets$games.sonic4.tails_anims$Ani_Tails$Push : 2A3F4 C |
 __offsets$games.sonic4.tails_anims$Ani_Tails$Wait : 2A3FA C |
 __offsets$games.sonic4.tails_anims$Ani_Tails$Balance : 2A438 C |
 __offsets$games.sonic4.tails_anims$Ani_Tails$LookUp : 2A450 C |
 __offsets$games.sonic4.tails_anims$Ani_Tails$Duck : 2A453 C |
 __offsets$games.sonic4.tails_anims$Ani_Tails$Skid : 2A456 C |
 __offsets$games.sonic4.tails_anims$Ani_Tails$GetUp : 2A45B C |
 __offsets$games.sonic4.tails_anims$Ani_Tails$Fly : 2A45E C |
 __offsets$games.sonic4.tails_anims$Ani_Tails$FlyTired : 2A461 C |
 __offsets$games.sonic4.tails_anims$Ani_Tails$Glide0 : 2A465 C |
 __offsets$games.sonic4.tails_anims$Ani_Tails$Glide1 : 2A46F C |
 __offsets$games.sonic4.tails_anims$Ani_Tails$Glide2 : 2A479 C |
 __offsets$games.sonic4.tails_anims$Ani_Tails$Glide3 : 2A483 C |
 __offsets$games.sonic4.tails_anims$Ani_Tails$Glide4 : 2A48D C |
 __offsets$games.sonic4.tails_anims$Ani_Tails$GlideFall : 2A497 C |
 __offsets$games.sonic4.tails_anims$Ani_Tails$Slide : 2A4A1 C |
 __offsets$games.sonic4.tails_anims$Ani_Tails$SlideGetUp : 2A4AB C |
 __offsets$games.sonic4.tails_anims$Ani_Tails$GlideLand : 2A4B5 C |
 __offsets$games.sonic4.tails_anims$Ani_Tails$Climb : 2A4BF C |
 __offsets$games.sonic4.tails_anims$Ani_Tails$Ledge : 2A4C9 C |
 Ani_TailsAppendage : 2A4D4 C |
 __align$games.sonic4.tails_anims$0 : 2A4D4 C |
 __offsets$games.sonic4.tails_anims$Ani_TailsAppendage$Walk : 2A504 C |
 __offsets$games.sonic4.tails_anims$Ani_TailsAppendage$Run : 2A507 C |
 __offsets$games.sonic4.tails_anims$Ani_TailsAppendage$Roll : 2A50A C |
 __offsets$games.sonic4.tails_anims$Ani_TailsAppendage$Spindash : 2A510 C |
 __offsets$games.sonic4.tails_anims$Ani_TailsAppendage$Push : 2A516 C |
 __offsets$games.sonic4.tails_anims$Ani_TailsAppendage$Wait : 2A51C C |
 __offsets$games.sonic4.tails_anims$Ani_TailsAppendage$Balance : 2A523 C |
 __offsets$games.sonic4.tails_anims$Ani_TailsAppendage$LookUp : 2A526 C |
 __offsets$games.sonic4.tails_anims$Ani_TailsAppendage$Duck : 2A52D C |
 __offsets$games.sonic4.tails_anims$Ani_TailsAppendage$Skid : 2A534 C |
 __offsets$games.sonic4.tails_anims$Ani_TailsAppendage$GetUp : 2A53A C |
 __offsets$games.sonic4.tails_anims$Ani_TailsAppendage$Fly : 2A53D C |
 __offsets$games.sonic4.tails_anims$Ani_TailsAppendage$FlyTired : 2A541 C |
 __offsets$games.sonic4.tails_anims$Ani_TailsAppendage$Glide0 : 2A545 C |
 __offsets$games.sonic4.tails_anims$Ani_TailsAppendage$Glide1 : 2A548 C |
 __offsets$games.sonic4.tails_anims$Ani_TailsAppendage$Glide2 : 2A54B C |
 __offsets$games.sonic4.tails_anims$Ani_TailsAppendage$Glide3 : 2A54E C |
 __offsets$games.sonic4.tails_anims$Ani_TailsAppendage$Glide4 : 2A551 C |
 __offsets$games.sonic4.tails_anims$Ani_TailsAppendage$GlideFall : 2A554 C |
 __offsets$games.sonic4.tails_anims$Ani_TailsAppendage$Slide : 2A557 C |
 __offsets$games.sonic4.tails_anims$Ani_TailsAppendage$SlideGetUp : 2A55A C |
 __offsets$games.sonic4.tails_anims$Ani_TailsAppendage$GlideLand : 2A55D C |
 __offsets$games.sonic4.tails_anims$Ani_TailsAppendage$Climb : 2A560 C |
 __offsets$games.sonic4.tails_anims$Ani_TailsAppendage$Ledge : 2A563 C |
 Ani_Knuckles : 2A566 C |
 __align$games.sonic4.tails_anims$1 : 2A566 C |
 __offsets$games.sonic4.knuckles_anims$Ani_Knuckles$Walk : 2A596 C |
 __offsets$games.sonic4.knuckles_anims$Ani_Knuckles$Run : 2A5A0 C |
 __offsets$games.sonic4.knuckles_anims$Ani_Knuckles$Roll : 2A5A6 C |
 __offsets$games.sonic4.knuckles_anims$Ani_Knuckles$Spindash : 2A5B0 C |
 __offsets$games.sonic4.knuckles_anims$Ani_Knuckles$Push : 2A5BC C |
 __offsets$games.sonic4.knuckles_anims$Ani_Knuckles$Wait : 2A5C2 C |
 __offsets$games.sonic4.knuckles_anims$Ani_Knuckles$Balance : 2A65A C |
 __offsets$games.sonic4.knuckles_anims$Ani_Knuckles$LookUp : 2A684 C |
 __offsets$games.sonic4.knuckles_anims$Ani_Knuckles$Duck : 2A689 C |
 __offsets$games.sonic4.knuckles_anims$Ani_Knuckles$Skid : 2A68E C |
 __offsets$games.sonic4.knuckles_anims$Ani_Knuckles$GetUp : 2A695 C |
 __offsets$games.sonic4.knuckles_anims$Ani_Knuckles$Fly : 2A698 C |
 __offsets$games.sonic4.knuckles_anims$Ani_Knuckles$FlyTired : 2A6A2 C |
 __offsets$games.sonic4.knuckles_anims$Ani_Knuckles$Glide0 : 2A6AC C |
 __offsets$games.sonic4.knuckles_anims$Ani_Knuckles$Glide1 : 2A6AF C |
 __offsets$games.sonic4.knuckles_anims$Ani_Knuckles$Glide2 : 2A6B2 C |
 __offsets$games.sonic4.knuckles_anims$Ani_Knuckles$Glide3 : 2A6B5 C |
 __offsets$games.sonic4.knuckles_anims$Ani_Knuckles$Glide4 : 2A6B8 C |
 __offsets$games.sonic4.knuckles_anims$Ani_Knuckles$GlideFall : 2A6BB C |
 __offsets$games.sonic4.knuckles_anims$Ani_Knuckles$Slide : 2A6C0 C |
 __offsets$games.sonic4.knuckles_anims$Ani_Knuckles$SlideGetUp : 2A6C3 C |
 __offsets$games.sonic4.knuckles_anims$Ani_Knuckles$GlideLand : 2A6C7 C |
 __offsets$games.sonic4.knuckles_anims$Ani_Knuckles$Climb : 2A6CB C |
 __offsets$games.sonic4.knuckles_anims$Ani_Knuckles$Ledge : 2A6CE C |
 Ani_DustSpindash : 2A6D2 C |
 __align$games.sonic4.knuckles_anims$0 : 2A6D2 C |
 __offsets$games.sonic4.dust_anims$Ani_DustSpindash$Charge : 2A6D4 C |
 Ani_DustPuff : 2A6DE C |
 __align$games.sonic4.dust_anims$0 : 2A6DE C |
 __offsets$games.sonic4.dust_anims$Ani_DustPuff$Puff : 2A6E0 C |
 __align$games.sonic4.dust_anims$1 : 2A6E6 C |
 Map_Tails : 2A6F0 C |
 DPLC_Tails : 2C2E0 C |
 Art_Tails : 2C95A C |
 Map_TailsAppendage : 48FBA C |
 DPLC_TailsAppendage : 49282 C |
 Art_TailsAppendage : 4938E C |
 Map_Knuckles : 4B64E C |
 DPLC_Knuckles : 4D3F6 C |
 Art_Knuckles : 4DD56 C |
 Pal_SonicTails : 6DCD6 C |
 Pal_Knuckles : 6DCF6 C |
 HeightMaps : 6DD20 C |
 HeightMapsRot : 6ED20 C |
 AngleTable : 6FD20 C |
 SolidityTable : 6FE20 C |
 Map_Sonic : 6FF20 C |
 DPLC_Sonic : 71BA0 C |
 Art_Sonic : 724E0 C |
 Dac_Temp_Blip : 90000 C |
 Dac_Kick : 98000 C |
 Dac_SharedBank_Start : 98000 C |
 __align$games.sonic4.dac_banks$0 : 98000 C |
 Song_MovingTrucks : A0630 C |
 SongTable : A3B10 C |
 SongPatchTable : A3B14 C |
 Sfx_33 : A3B20 C |
 GameState_OJZScroll_Init : A4410 C |
 $games.sonic4.ojz_scroll_test$GameState_OJZScroll_Init$copy_bgnd : A4422 C |
 $games.sonic4.ojz_scroll_test$GameState_OJZScroll_Init$copy_ojz : A4434 C |
 $games.sonic4.ojz_scroll_test$asm4$wait_z80 : A44D2 C |
 $games.sonic4.ojz_scroll_test$GameState_OJZScroll_Init$copy_marker : A44EC C |
 $games.sonic4.ojz_scroll_test$GameState_OJZScroll_Init$init_use_act_config : A453C C |
 $games.sonic4.ojz_scroll_test$GameState_OJZScroll_Init$init_have_config : A4544 C |
 GameState_OJZScroll_Update : A4568 C |
 $games.sonic4.ojz_scroll_test$GameState_OJZScroll_Update$skip_rings : A4596 C |
 $games.sonic4.ojz_scroll_test$GameState_OJZScroll_Update$marker_id_ok : A45CA C |
 Debug_BandDemoHotkey : A45E8 C |
 Debug_CharacterHotkey : A45E8 C |
 Debug_SceneCycleHotkey : A45E8 C |
 Debug_Warp_Consume : A45E8 C |
 OJZ_SectionMarkerColors : A45E8 C |
 PlayerMarkerTile : A45FA C |
 TestArt : A467A C |
 TestArt_Square2 : A46FA C |
 TestArt_Ring : A477A C |
 Replay_OJZ_Fixture : A4980 C |
 __align$games.sonic4.replay_fixture$0 : A4980 C |
 Replay_OJZ_Slide_Fixture : A4A90 C |
 __align$games.sonic4.replay_fixture$1 : A4A90 C |
 BusError : A4BE0 C |
 AddressError : A4BF8 C |
 IllegalInstr : A4C14 C |
 ZeroDivide : A4C36 C |
 ChkInstr : A4C50 C |
 TrapvInstr : A4C6E C |
 PrivilegeViol : A4C8E C |
 Trace : A4CB0 C |
 Line1010Emu : A4CC4 C |
 Line1111Emu : A4CE4 C |
 ErrorExcept : A4D04 C |
 ErrorTrap : A4D22 C |
 ErrorHandlerBlob : A4D3A C |
 EndOfRom : A5C90 C |
 Tile_Cache_Nametable : FFFF0000 C |
 Tile_Cache_Collision : FFFF2580 C |
 Block_Stage_Buffers : FFFF3842 C |
 Block_Stage_Bucket : FFFF6842 C |
 Block_Stage_Chain : FFFF6942 C |
 Cache_Spec_Gen_Ring : FFFF6982 C |
 Cache_Spec_Window : FFFF6992 C |
 Cache_Spec_Blocked : FFFF6994 C |
 Cache_Spec_Skips : FFFF6996 C |
 Pfx_Memo_Mask : FFFF6998 C |
 Cs_Memo_Mask : FFFF699A C |
 Page_Table : FFFF699C C |
 Page_Frames : FFFF6A9C C |
 Page_Queued_Bits : FFFF6B14 C |
 Art_Staging_Buffer : FFFF6B34 C |
 Lower_RAM_End : FFFF7334 C |
 RAM_Start : FFFF8000 C |
 VBlank_Flag : FFFF8000 C |
 Frame_Counter : FFFF8002 C |
 Logic_Tick : FFFF8004 C |
 Game_State : FFFF8008 C |
 Game_State_ID : FFFF800C C |
 Game_State_Init : FFFF800D C |
 VDP_Shadow_Table : FFFF800E C |
 Hardware_Region : FFFF8026 C |
 Region_Flags : FFFF8027 C |
 Ctrl_1_Held : FFFF8028 C |
 Ctrl_1_Press : FFFF8029 C |
 Ctrl_2_Held : FFFF802A C |
 Ctrl_2_Press : FFFF802B C |
 Ctrl_1_Press_Accum : FFFF802C C |
 Ctrl_2_Press_Accum : FFFF802D C |
 Ctrl_1_Ext_Held : FFFF802E C |
 Ctrl_1_Ext_Press : FFFF802F C |
 Ctrl_2_Ext_Held : FFFF8030 C |
 Ctrl_2_Ext_Press : FFFF8031 C |
 Ctrl_1_Ext_Press_Accum : FFFF8032 C |
 Ctrl_2_Ext_Press_Accum : FFFF8033 C |
 Pad_1_Type : FFFF8034 C |
 Pad_2_Type : FFFF8035 C |
 Input_Source : FFFF8036 C |
 Replay_Exit_Request : FFFF8037 C |
 Replay_Done : FFFF8038 C |
 Replay_Hold : FFFF8039 C |
 Replay_Prev : FFFF803A C |
 Replay_Ptr : FFFF803C C |
 RNG_Seed : FFFF8040 C |
 VInt_Ptr : FFFF8044 C |
 VBlank_Ready : FFFF8048 C |
 DMA_Critical : FFFF804A C |
 DMA_Queue : FFFF804A C |
 DMA_Critical_End : FFFF80BA C |
 DMA_Important : FFFF80BA C |
 DMA_Deferrable : FFFF8162 C |
 DMA_Important_End : FFFF8162 C |
 DMA_Critical_Slot : FFFF820A C |
 DMA_Deferrable_End : FFFF820A C |
 DMA_Queue_End : FFFF820A C |
 DMA_Important_Slot : FFFF820C C |
 DMA_Deferrable_Slot : FFFF820E C |
 DMA_Budget_Default : FFFF8210 C |
 DMA_Budget_Remaining : FFFF8212 C |
 DMA_Enq_Bytes_Frame : FFFF8214 C |
 Palette_Buffer : FFFF8216 C |
 Palette_Dirty : FFFF8296 C |
 Sprite_Table_Buffer : FFFF8298 C |
 Sprite_Table_Dirty : FFFF8518 C |
 Sprite_Emit_Active : FFFF8519 C |
 Hscroll_Buffer : FFFF851A C |
 Vscroll_Factor : FFFF889C C |
 Parallax_Deform_Phase_FG : FFFF88A0 C |
 Parallax_State : FFFF88A0 C |
 Parallax_Deform_Phase_BG : FFFF88A2 C |
 Parallax_V_Deform_Phase_BG : FFFF88A4 C |
 Parallax_Current_Scroll_A : FFFF88A6 C |
 Parallax_Current_Scroll_B : FFFF88C6 C |
 Parallax_Current_Vscroll_BG : FFFF88E6 C |
 Parallax_Current_Config : FFFF88E8 C |
 Parallax_Target_Config : FFFF88EC C |
 Parallax_Transition_Frames : FFFF88F0 C |
 Parallax_Snap_Pending : FFFF88F1 C |
 Parallax_Prev_Sec_X : FFFF88F2 C |
 Parallax_Prev_Sec_Y : FFFF88F3 C |
 Parallax_Vscroll_Column_Buf : FFFF88F4 C |
 Parallax_Curve_Carry : FFFF8944 C |
 Parallax_Drift_Acc : FFFF8944 C |
 Parallax_Shadow_Bands : FFFF8948 C |
 Parallax_Shadow_Scroll_A : FFFF8A88 C |
 Parallax_Shadow_Scroll_B : FFFF8AA8 C |
 Parallax_State_End : FFFF8AC8 C |
 Raster_Program : FFFF8AC8 C |
 Raster_State : FFFF8AC8 C |
 Raster_Cursor : FFFF8ACC C |
 Raster_Pending : FFFF8AD0 C |
 Raster_Line : FFFF8AD4 C |
 Raster_Buf_A : FFFF8AD6 C |
 Raster_Buf_B : FFFF8B56 C |
 Raster_Active_Buf : FFFF8BD6 C |
 Raster_Dense_Lines : FFFF8BDA C |
 Raster_Dense_Cursor : FFFF8BDC C |
 Raster_Dense_Cmd : FFFF8BE0 C |
 Raster_Dense_Mode : FFFF8BE4 C |
 Raster_Ramp_Acc : FFFF8BE6 C |
 Raster_Ramp_Step : FFFF8BEA C |
 Effects_World_Y : FFFF8BEE C |
 Effects_Screen_L : FFFF8BF6 C |
 Effects_Offscreen_Entry : FFFF8BFE C |
 Raster_Patch_Tab : FFFF8C02 C |
 Pal_Base : FFFF8C06 C |
 Palette_State : FFFF8C06 C |
 Raster_State_End : FFFF8C06 C |
 Pal_Target : FFFF8C66 C |
 Pal_Variant_Stage : FFFF8CC6 C |
 Pal_Variant_Ptr : FFFF8DC6 C |
 Pal_Cycle_Script : FFFF8DCE C |
 Pal_Cycle_Timers : FFFF8DD2 C |
 Pal_Fade_Frames : FFFF8DD6 C |
 Pal_Op : FFFF8DD7 C |
 Pal_Op_Step : FFFF8DD8 C |
 Pal_Op_Timer : FFFF8DD9 C |
 Pal_Active : FFFF8DDA C |
 Pal_Base_Dirty : FFFF8DDB C |
 Pal_Compose_Lines : FFFF8DDC C |
 Pal_Fade_Request : FFFF8DDD C |
 BgAnim_LastStep : FFFF8DDE C |
 Palette_State_End : FFFF8DDE C |
 Static_Pal_Line0 : FFFF8DE6 C |
 Static_Pal_Line1 : FFFF8DF4 C |
 Static_Pal_Line2 : FFFF8E02 C |
 Static_Pal_Ship : FFFF8E10 C |
 Static_Pal_Line3 : FFFF8E1E C |
 Static_Sprite_DMA : FFFF8E2C C |
 Static_Hscroll_Line : FFFF8E3A C |
 Object_RAM : FFFF8E48 C |
 Player_1 : FFFF8E48 C |
 Player_2 : FFFF8E98 C |
 Dynamic_Slots : FFFF8EE8 C |
 System_Slots : FFFF9B68 C |
 Effect_Slots : FFFF9DE8 C |
 Dynamic_Free_Stack : FFFFA2E8 C |
 Object_RAM_End : FFFFA2E8 C |
 Dynamic_Free_SP : FFFFA338 C |
 Effect_Free_Stack : FFFFA33A C |
 Effect_Free_SP : FFFFA35A C |
 Sprite_Bands : FFFFA35C C |
 Sprite_Band_Counts : FFFFA55C C |
 Sprites_Rendered : FFFFA564 C |
 Sprite_Cycle_Counter : FFFFA566 C |
 SpriteMask_Y : FFFFA568 C |
 SpriteMask_Height : FFFFA56A C |
 SpriteMask_After_Band : FFFFA56C C |
 Scanline_Band_Sprites : FFFFA56E C |
 Camera_X : FFFFA576 C |
 Camera_Y : FFFFA57A C |
 Camera_X_Biased : FFFFA57E C |
 Camera_Y_Biased : FFFFA580 C |
 Game_Paused : FFFFA582 C |
 Plane_Buffer : FFFFA584 C |
 Plane_Buffer_Ptr : FFFFAB84 C |
 Pos_table : FFFFAB86 C |
 H_scroll_frame_offset : FFFFAC86 C |
 Camera_Deadzone_Base : FFFFAC88 C |
 Camera_Lookahead : FFFFAC8A C |
 Camera_Pan_Offset : FFFFAC8C C |
 Camera_X_Max : FFFFAC8E C |
 Camera_Y_Max : FFFFAC90 C |
 Camera_Target : FFFFAC92 C |
 Camera_Curl_Offset : FFFFAC94 C |
 Camera_Hold_Frames : FFFFAC96 C |
 Camera_Art_Hold : FFFFAC97 C |
 Cache_Left_Col : FFFFAC98 C |
 Cache_Head_Col : FFFFAC9A C |
 Cache_Top_Row : FFFFAC9C C |
 Cache_Bottom_Row : FFFFAC9E C |
 Cache_Origin_Col : FFFFACA0 C |
 Cache_Origin_Row : FFFFACA2 C |
 Cache_Fill_Last_Frame : FFFFACA4 C |
 Cache_Fill_Resume_Col : FFFFACA6 C |
 Cache_Fill_Resume_Row : FFFFACA8 C |
 Cache_Art_Stall : FFFFACAA C |
 Page_Free_Head : FFFFACAC C |
 Cache_Fill_Budget : FFFFACAE C |
 Cache_Fill_RowResume_Row : FFFFACB0 C |
 Cache_Fill_RowResume_Col : FFFFACB2 C |
 Cache_Fill_Rows_Left : FFFFACB4 C |
 Cache_Prev_Cam_Row : FFFFACB6 C |
 Cache_Prev_Cam_X : FFFFACB8 C |
 Cache_H_Pfx_Dir : FFFFACBA C |
 Cache_H_Pfx_Accum : FFFFACBC C |
 Cache_Pfx_Row_Target : FFFFACBE C |
 Cache_Pfx_Col_Target : FFFFACC0 C |
 Cache_Pfx_Skip_Armed : FFFFACC2 C |
 Cache_Pfx_Lag_Flag : FFFFACC4 C |
 Block_Stage_Keys : FFFFACC6 C |
 Block_Stage_Next : FFFFAD06 C |
 Section_Top_Row_Written : FFFFAD08 C |
 Section_Bottom_Row_Written : FFFFAD0A C |
 Section_Plane_Dirty : FFFFAD0C C |
 Section_Right_Col_Written : FFFFAD0E C |
 Section_Left_Col_Written : FFFFAD10 C |
 Section_Fwd_Neighbor_Data : FFFFAD12 C |
 Section_Bwd_Neighbor_Data : FFFFAD16 C |
 Tile_Override_Table : FFFFAD1A C |
 Ring_Buffer : FFFFAD7A C |
 Ring_Count : FFFFB07A C |
 Ring_HighWater : FFFFB07B C |
 Ring_Add_Dropped : FFFFB07C C |
 Entity_Scan_State : FFFFB07E C |
 Ring_Counter : FFFFB0E6 C |
 Ring_Anim_Frame : FFFFB0E8 C |
 Ring_Anim_Timer : FFFFB0E9 C |
 Entity_Window_Active : FFFFB0EA C |
 Entity_Window_Center_ID : FFFFB0EB C |
 Entity_Window_Anchor : FFFFB0EC C |
 Entity_Window_OriginX : FFFFB0EE C |
 Entity_Window_OriginY : FFFFB0F0 C |
 Entity_Loaded_Masks : FFFFB0F2 C |
 Entity_Mask_Scratch : FFFFB172 C |
 Camera_Y_Coarse_Prev : FFFFB1F6 C |
 Ring_Collected_Window : FFFFB1F8 C |
 Ring_Collected_Park : FFFFB32C C |
 Collected_Park_Next : FFFFB3B0 C |
 Current_Act_Ptr : FFFFB3B2 C |
 Ring_Sfx_Speaker : FFFFB3B6 C |
 Sfx_Ring_Buf : FFFFB3B8 C |
 Sfx_Ring_Wr : FFFFB3C0 C |
 Sfx_Ring_Rd : FFFFB3C1 C |
 Sound_Dbg_Mirror : FFFFB3C2 C |
 Dynamic_Live : FFFFB472 C |
 Dynamic_Live_Count : FFFFB4C2 C |
 Dynamic_Live_Dirty : FFFFB4C4 C |
 Dynamic_Live_Pending : FFFFB4C6 C |
 Dynamic_Live_Pending_Count : FFFFB4D6 C |
 Block_Stage_Gen : FFFFB4D8 C |
 Pfx_Memo_Row : FFFFB4DA C |
 Pfx_Memo_L16 : FFFFB4DC C |
 Pfx_Memo_H16 : FFFFB4DE C |
 Pfx_Memo_Gen : FFFFB4E0 C |
 Cs_Memo_Col : FFFFB4E2 C |
 Cs_Memo_T16 : FFFFB4E4 C |
 Cs_Memo_B16 : FFFFB4E6 C |
 Cs_Memo_Gen : FFFFB4E8 C |
 HBlank_Vector_Slot : FFFFB4EA C |
 Block_Stage_Ptrs : FFFFB4F0 C |
 Block_Stage_Maps : FFFFB530 C |
 Cache_Cur_LocalMap : FFFFB570 C |
 Block_Stage_ZeroPage : FFFFB574 C |
 PageIn_Saved_D0 : FFFFB874 C |
 PageIn_Saved_D1 : FFFFB878 C |
 PageIn_Saved_D2 : FFFFB87C C |
 PageIn_Saved_A0 : FFFFB880 C |
 PageIn_Saved_A1 : FFFFB884 C |
 PageIn_Saved_A2 : FFFFB888 C |
 PageIn_Saved_A3 : FFFFB88C C |
 PageIn_Saved_PC : FFFFB890 C |
 PageIn_Saved_SR : FFFFB894 C |
 PageIn_InFlight : FFFFB896 C |
 PageIn_Suspended : FFFFB897 C |
 PageIn_Staging_Busy : FFFFB898 C |
 PageIn_Land_Pending : FFFFB899 C |
 PageIn_Queue_Count : FFFFB89A C |
 PageIn_Cur_Flags : FFFFB89B C |
 PageIn_Queue : FFFFB89C C |
 PageIn_Cur_Dest : FFFFB8BC C |
 PageIn_Cur_Bytes : FFFFB8BE C |
 PageIn_Cur_Page : FFFFB8C0 C |
 PageIn_Cur_Frame : FFFFB8C2 C |
 PageIn_Bulk_Drain : FFFFB8C3 C |
 PageIn_Pool_Table : FFFFB8C4 C |
 PageIn_Pool_Pages : FFFFB8C8 C |
 PageIn_Fully_Resident : FFFFB8CA C |
 PageCache_Direct_Map : FFFFB8CB C |
 PageIn_Last_Frame : FFFFB8CC C |
 PageIn_Prev_Lagged : FFFFB8CE C |
 PageIn_Pfx_Skip_Armed : FFFFB8D0 C |
 Page_Pfx_Budget : FFFFB8D2 C |
 Act_Art_Budget : FFFFB8D4 C |
 Art_Budget_Remaining : FFFFB8D6 C |
 Ctrl_1_Held_Raw : FFFFB8D8 C |
 Ctrl_2_Held_Raw : FFFFB8D9 C |
 Ctrl_1_Ext_Held_Raw : FFFFB8DA C |
 Ctrl_2_Ext_Held_Raw : FFFFB8DB C |
 Palette_Ship_Snap : FFFFB8DC C |
 Cheat_Flags : FFFFB95C C |
 Engine_RAM_End : FFFFB95C C |
 Character_ID : FFFFB95E C |
 Player_Chardef : FFFFB960 C |
 Player_Blocks : FFFFB964 C |
 Player_Death_Pending : FFFFB98C C |
 Player_Bound_Right : FFFFB98E C |
 Player_Bound_Bottom : FFFFB990 C |
 Player_Pos_Ring : FFFFBB00 C |
 Player_Stat_Ring : FFFFBC00 C |
 Player_Ring_Index : FFFFBD00 C |
 Game_RAM_End : FFFFBD02 C |

   2310 symbols
    0 unused symbols

  Equate Table (name = value; values, not addresses):
  ---------------------------------------------------

EQU AF_BACK = $000000FE
EQU AF_CALLBACK = $000000FA
EQU AF_CHANGE = $000000FD
EQU AF_COLLISION = $000000F8
EQU AF_DELETE = $000000FB
EQU AF_END = $000000FF
EQU AF_ROUTINE = $000000FC
EQU AF_SET_FIELD = $000000F7
EQU AF_SOUND = $000000F9
EQU ALIVE_SLOT = $00A01F10
EQU ANIM_BALANCE = $00000006
EQU ANIM_CLIMB = $00000016
EQU ANIM_COUNT = $00000018
EQU ANIM_DUCK = $00000008
EQU ANIM_FLY = $0000000B
EQU ANIM_FLY_TIRED = $0000000C
EQU ANIM_GETUP = $0000000A
EQU ANIM_GLIDEFALL = $00000012
EQU ANIM_GLIDE_0 = $0000000D
EQU ANIM_GLIDE_1 = $0000000E
EQU ANIM_GLIDE_2 = $0000000F
EQU ANIM_GLIDE_3 = $00000010
EQU ANIM_GLIDE_4 = $00000011
EQU ANIM_GLIDE_LAND = $00000015
EQU ANIM_IDLE = $00000005
EQU ANIM_LEDGE = $00000017
EQU ANIM_LOOKUP = $00000007
EQU ANIM_PUSH = $00000004
EQU ANIM_ROLL = $00000002
EQU ANIM_RUN = $00000001
EQU ANIM_RUN_THRESHOLD = $00000600
EQU ANIM_SKID = $00000009
EQU ANIM_SLIDE = $00000013
EQU ANIM_SLIDE_GETUP = $00000014
EQU ANIM_SPINDASH = $00000003
EQU ANIM_WALK = $00000000
EQU ANI_DUST_PUFF = $0002A6DE
EQU ANI_DUST_SPINDASH = $0002A6D2
EQU ANI_TAILS_APPENDAGE = $0002A4D4
EQU ART_DUST = $0002979A
EQU ART_HDR_SIZE = $00000004
EQU ART_HDR_VERSION = $00000003
EQU ART_HOLD_X_BIT = $00000000
EQU ART_HOLD_Y_BIT = $00000001
EQU ART_PAGE_FLAG_PINNED = $00000001
EQU ART_PAGE_FLAG_PINNED_BIT = $00000000
EQU ART_PAGE_FORM_RAW = $00000001
EQU ART_PAGE_FORM_ZX0 = $00000000
EQU ART_POOL_PAGE_BYTES = $00000800
EQU ART_POOL_PAGE_BYTES_SHIFT = $0000000B
EQU ART_POOL_PAGE_TILES = $00000040
EQU ART_STAGING_BUFFER_SIZE = $00000800
EQU ART_TAILS_APPENDAGE = $0004938E
EQU ART_VER_S4LZ = $00000001
EQU ART_VER_ZX0 = $00000002
EQU Act_act_art_budget = $00000026
EQU Act_act_art_pool_pages = $0000001E
EQU Act_act_art_pool_table = $0000001A
EQU Act_act_bg_layout = $0000000E
EQU Act_act_bg_tiles = $00000012
EQU Act_act_parallax_config = $00000016
EQU Act_act_sec_local_maps = $00000022
EQU Act_edge_mode = $00000020
EQU Act_grid_h = $00000006
EQU Act_grid_w = $00000004
EQU Act_len = $00000028
EQU Act_pad_21 = $00000021
EQU Act_sec_grid_ptr = $00000000
EQU Act_start_local_x = $00000008
EQU Act_start_local_y = $0000000A
EQU Act_start_sec_x = $0000000C
EQU Act_start_sec_y = $0000000D
EQU BALL_X_RADIUS = $00000007
EQU BALL_Y_RADIUS = $0000000E
EQU BGANIM_MAX_BANDS = $00000004
EQU BG_TILE_BASE_SLOT = $00000400
EQU BG_TILE_BASE_VRAM = $00008000
EQU BG_TILE_CAPACITY = $000001C0
EQU BLOCKS_PER_SECTION_AXIS = $00000010
EQU BLOCKS_PER_SECTION_SHIFT = $00000004
EQU BLOCK_COLL_COLS = $00000010
EQU BLOCK_COLL_PLANE_SIZE = $00000080
EQU BLOCK_COLL_ROWS = $00000008
EQU BLOCK_COLL_SIZE = $00000100
EQU BLOCK_DECOMP_BUDGET = $00000006
EQU BLOCK_INDEX_ENTRIES = $00000100
EQU BLOCK_INDEX_SIZE = $00000400
EQU BLOCK_NT_SIZE = $00000200
EQU BLOCK_RAW_SIZE = $00000300
EQU BLOCK_SPEC_LEAD_TICKS = $00000008
EQU BLOCK_SPEC_REARM = $00000008
EQU BLOCK_STAGE_BUCKETS = $00000100
EQU BLOCK_STAGE_SLOTS = $00000010
EQU BLOCK_TILE_SHIFT = $00000004
EQU BLOCK_TILE_SIZE = $00000010
EQU BUTTON_A = $00000040
EQU BUTTON_B = $00000010
EQU BUTTON_B_BIT = $00000004
EQU BUTTON_C = $00000020
EQU BUTTON_DOWN = $00000002
EQU BUTTON_DOWN_BIT = $00000001
EQU BUTTON_EXT_MODE = $00000008
EQU BUTTON_EXT_X = $00000004
EQU BUTTON_EXT_Y = $00000002
EQU BUTTON_EXT_Z = $00000001
EQU BUTTON_LEFT = $00000004
EQU BUTTON_LEFT_BIT = $00000002
EQU BUTTON_RIGHT = $00000008
EQU BUTTON_RIGHT_BIT = $00000003
EQU BUTTON_START = $00000080
EQU BUTTON_START_BIT = $00000007
EQU BUTTON_UP = $00000001
EQU BUTTON_UP_BIT = $00000000
EQU CAM_LOOKAHEAD_THRESHOLD = $00000600
EQU CAM_MAX_Y_STEP = $00000010
EQU CAM_PAN_LIMIT = $00000040
EQU CAM_PAN_SPEED = $00000002
EQU CAM_SCREEN_HALF_H = $00000070
EQU CAM_SCREEN_HALF_W = $000000A0
EQU CHARDEF_TAILS = $00011EC0
EQU CHAR_COUNT = $00000003
EQU CHAR_KNUCKLES = $00000002
EQU CHAR_SONIC = $00000000
EQU CHAR_TAILS = $00000001
EQU CHEAT_DEBUG_FLY = $00000001
EQU CLAMP_MARGIN_TILES = $00000004
EQU COLLECTED_BITMASK_OFFSET = $00000002
EQU COLLECTED_EMPTY_TAG = $000000FF
EQU COLLECTED_MASK_BYTES = $00000010
EQU COLLECTED_PARK_ENTRY_SIZE = $00000021
EQU COLLECTED_PARK_SLOTS = $00000004
EQU COLLECTED_SLOT_SIZE = $00000022
EQU COLLISION_BOSS = $00000002
EQU COLLISION_BUBBLE = $00000006
EQU COLLISION_CELL_SHIFT = $00000004
EQU COLLISION_ENEMY = $00000001
EQU COLLISION_HURT = $00000003
EQU COLLISION_MONITOR = $00000004
EQU COLLISION_NONE = $00000000
EQU COLLISION_PROJECTILE = $00000007
EQU COLLISION_RING = $00000005
EQU COLLISION_SOLID = $00000008
EQU COLLISION_SOLID_BREAK = $00000009
EQU COLLISION_SOLID_HURT = $0000000B
EQU COLLISION_SPRING = $0000000A
EQU COLLISION_TOUCH = $0000000C
EQU CRAM = $0000002B
EQU CTRL_SLOT = $00A01F07
EQU CTYPE_AIR = $00000000
EQU CULL_DISTANCE_X = $00000300
EQU CULL_DISTANCE_Y = $00000200
EQU DEBUGGER__EXTENSIONS__BTN_A_DEBUGGER = $000A5BA6
EQU DEBUGGER__EXTENSIONS__BTN_B_DEBUGGER = $000A5BF2
EQU DEBUGGER__EXTENSIONS__BTN_C_DEBUGGER = $00000000
EQU DEBUGGER__EXTENSIONS__ENABLE = $00000001
EQU DEBUGGER__SHOW_SR_USP = $00000000
EQU DEBUGGER__STR_OFFSET_SELECTOR = $000A5046
EQU DMA = $00000027
EQU DMAEntry_Command = $0000000A
EQU DMAEntry_Reg93 = $00000002
EQU DMAEntry_Reg94 = $00000000
EQU DMAEntry_Reg95 = $00000008
EQU DMAEntry_Reg96 = $00000006
EQU DMAEntry_Reg97 = $00000004
EQU DMAEntry_SizeH = $00000001
EQU DMAEntry_SizeL = $00000003
EQU DMAEntry_SrcH = $00000005
EQU DMAEntry_SrcL = $00000009
EQU DMAEntry_SrcM = $00000007
EQU DMAEntry_len = $0000000E
EQU DMA_BUDGET_BLANKED_INIT = $00002000
EQU DMA_BUDGET_NTSC = $00001800
EQU DMA_BUDGET_PAL = $00002D80
EQU DMA_CRITICAL_SLOTS = $00000008
EQU DMA_DEFERRABLE_SLOTS = $0000000C
EQU DMA_ENQ_BYTE_CAP = $00003000
EQU DMA_IMPORTANT_SLOTS = $0000000C
EQU DMA_TOTAL_SLOTS = $00000020
EQU DPLC_DUST = $00029770
EQU DPLC_TAILS_APPENDAGE = $00049282
EQU DUR_DYNAMIC = $000000FF
EQU EDGE_CLAMP = $00000000
EQU EDGE_KILL = $00000002
EQU EDGE_WRAP_V = $00000001
EQU EFFECT_DUST_BAND = $00000005
EQU EFFECT_INSTA_SHIELD_BAND = $00000005
EQU EFFECT_RING_SPARKLE_BAND = $00000005
EQU ENTITY_DESPAWN_BUFFER = $00000200
EQU ENTITY_DESPAWN_BUFFER_Y = $00000180
EQU ENTITY_LOADED_OBJ_OFFSET = $00000010
EQU ENTITY_LOADED_SLOT_SIZE = $00000020
EQU ENTITY_LOAD_BUFFER = $00000180
EQU ENTITY_LOAD_BUFFER_Y = $00000100
EQU ENTITY_RESCAN_COARSE_MASK = $0000FF80
EQU ENTITY_RESCAN_ROW_SIZE = $00000080
EQU EditorScenes_OJZ_Act1_Bindings = $00000002
EQU EditorScenes_OJZ_Act1_Count = $00000002
EQU EntityScanState_ess_entry_idx = $00000013
EQU EntityScanState_ess_obj_next_x = $00000018
EQU EntityScanState_ess_obj_right_idx = $00000002
EQU EntityScanState_ess_origin_x = $00000010
EQU EntityScanState_ess_origin_y = $00000014
EQU EntityScanState_ess_ring_next_x = $00000016
EQU EntityScanState_ess_ring_right_idx = $00000000
EQU EntityScanState_ess_rom_obj_ptr = $00000008
EQU EntityScanState_ess_rom_ring_ptr = $00000004
EQU EntityScanState_ess_rom_type_tbl_ptr = $0000000C
EQU EntityScanState_ess_section_id = $00000012
EQU EntityScanState_len = $0000001A
EQU FADE_SLOT = $00A01F05
EQU FRAME_BBOX_X_MAX = $00000001
EQU FRAME_BBOX_X_MIN = $00000000
EQU FRAME_BBOX_Y_MAX = $00000003
EQU FRAME_BBOX_Y_MIN = $00000002
EQU FRAME_PIECES = $00000006
EQU FRAME_PIECE_COUNT = $00000004
EQU GS_BOOT = $00000000
EQU GS_IDLE = $00000001
EQU GS_OBJECT_TEST = $00000002
EQU GS_OJZ_SCROLL_TEST = $00000003
EQU HASH_P1_ANIM = $FFFF8E66
EQU HASH_P1_ANIMSUB = $FFFF8E60
EQU HASH_P1_CUSTOM = $FFFF8E78
EQU HASH_P1_CUSTOM_TAIL = $FFFF8E94
EQU HASH_P1_DISPLAY = $FFFF8E5C
EQU HASH_P1_ENTITY = $FFFF8E72
EQU HASH_P1_INTERACT = $FFFF8E96
EQU HASH_P1_MOTION = $FFFF8E4A
EQU HASH_P1_RENDER = $FFFF8E56
EQU HW_EXPANSION_CTRL = $00A1000D
EQU HW_EXPANSION_CTRL_FULL = $00A1000C
EQU HW_PORT_1_CTRL = $00A10009
EQU HW_PORT_1_DATA = $00A10003
EQU HW_PORT_2_CTRL = $00A1000B
EQU HW_PORT_2_DATA = $00A10005
EQU HW_PORT_A_CTRL_FULL = $00A10008
EQU HW_PORT_EXP_DATA = $00A10007
EQU HW_VERSION = $00A10001
EQU H_PFX_HYST = $00000010
EQU INPUT_LIVE = $00000000
EQU INPUT_PLAYBACK = $00000001
EQU INPUT_RECORD = $00000002
EQU INSTASHIELD_ATTACKING = $00000001
EQU INSTASHIELD_READY = $00000000
EQU INSTASHIELD_SPENT = $00000002
EQU INSTASHIELD_SUPPRESS_MASK = $00000073
EQU JINGLE_SLOT = $00A01F08
EQU KILLED_BITMASK_OFFSET = $00000012
EQU MAP_DUST_PUFF = $00029730
EQU MAP_DUST_SPINDASH = $000296C0
EQU MAP_TAILS_APPENDAGE = $00048FBA
EQU MAX_ACT_SECTIONS = $00000030
EQU MAX_LIST_ENTRIES = $00000080
EQU MAX_PARALLAX_BANDS = $00000010
EQU MAX_TRACKED_SECTIONS = $00000004
EQU MAX_VDP_SPRITES = $00000050
EQU MDDBG__Art1bpp_Font = $000A508A
EQU MDDBG__Console_GetPosAsXY = $000A5838
EQU MDDBG__Console_Init = $000A5774
EQU MDDBG__Console_InitShared = $000A57B4
EQU MDDBG__Console_Reset = $000A57B2
EQU MDDBG__Console_SetBasePattern = $000A588C
EQU MDDBG__Console_SetPosAsXY = $000A5804
EQU MDDBG__Console_SetPosAsXY_Stack = $000A57FE
EQU MDDBG__Console_SetWidth = $000A58A8
EQU MDDBG__Console_StartNewLine = $000A585E
EQU MDDBG__Console_Write = $000A58CC
EQU MDDBG__Console_WriteLine = $000A58C8
EQU MDDBG__Console_WriteLine_Formatted = $000A5992
EQU MDDBG__Console_WriteLine_WithPattern = $000A58C6
EQU MDDBG__Console_Write_Formatted = $000A5996
EQU MDDBG__Debugger_AddressRegisters = $000A5BA6
EQU MDDBG__Debugger_Backtrace = $000A5BF2
EQU MDDBG__Decomp1bpp = $000A59C6
EQU MDDBG__ErrorHandler = $000A4D3A
EQU MDDBG__ErrorHandler_ClearConsole = $000A5A9C
EQU MDDBG__ErrorHandler_ConsoleConfig_Initial = $000A5012
EQU MDDBG__ErrorHandler_ConsoleConfig_Shared = $000A5016
EQU MDDBG__ErrorHandler_ConsoleOnly = $000A5A76
EQU MDDBG__ErrorHandler_ExtraDebuggerList = $000A5B9A
EQU MDDBG__ErrorHandler_PagesController = $000A5B00
EQU MDDBG__ErrorHandler_PauseConsole = $000A5AC6
EQU MDDBG__ErrorHandler_SetupVDP = $000A4F8A
EQU MDDBG__ErrorHandler_VDPConfig = $000A4FC0
EQU MDDBG__ErrorHandler_VDPConfig_Nametables = $000A4FD6
EQU MDDBG__Error_DrawOffsetLocation = $000A4EF2
EQU MDDBG__Error_DrawOffsetLocation2 = $000A4EF6
EQU MDDBG__Error_DrawOffsetLocation__inj = $000A4EFC
EQU MDDBG__Error_IdleLoop = $000A4E62
EQU MDDBG__Error_InitConsole = $000A4E7C
EQU MDDBG__Error_MaskStackBoundaries = $000A4E88
EQU MDDBG__FormatString = $000A569A
EQU MDDBG__GetSymbolByOffset = $000A5384
EQU MDDBG__KDebug_FlushLine = $000A5A3A
EQU MDDBG__KDebug_Write = $000A5A48
EQU MDDBG__KDebug_WriteLine = $000A5A44
EQU MDDBG__KDebug_WriteLine_Formatted = $000A59E2
EQU MDDBG__KDebug_Write_Formatted = $000A59E6
EQU MDDBG__Str_OffsetLocation_24bit = $000A5046
EQU MDDBG__Str_OffsetLocation_32bit = $000A504F
EQU MDDBG__VSync = $000A5B60
EQU MUSIC_SLOT = $00A01F02
EQU NT_ATTR_MASK = $0000F800
EQU NT_TILE_MASK = $000007FF
EQU NUM_DYNAMIC = $00000028
EQU NUM_DYNAMIC_PENDING = $00000008
EQU NUM_EFFECTS = $00000010
EQU NUM_PLAYERS = $00000002
EQU NUM_SYSTEM = $00000008
EQU NUM_TOTAL_SLOTS = $00000042
EQU OBJ_CODE_BANK = $00000001
EQU OBJ_ENTRY_SIZE = $00000006
EQU OEF_ANY_Y = $0000000F
EQU OEF_SUBTYPE_MASK = $000000FF
EQU OEF_TYPE_MASK = $0000001F
EQU OEF_TYPE_SHIFT = $00000008
EQU OEF_XFLIP = $0000000D
EQU OEF_YFLIP = $0000000E
EQU OJZ_Sec4_Blocks = $00019FEC
EQU PAD_3BTN = $00000000
EQU PAD_6BTN = $00000001
EQU PAGECACHE_AUDIT_INTERVAL = $00000080
EQU PAGEIN_QUEUE_SLOTS = $00000008
EQU PAGE_FRAMES = $0000000E
EQU PAGE_FRAMES_CLAMP = $0000000E
EQU PAGE_FRAMES_MAX = $0000000F
EQU PAGE_FRAME_TILE_MASK = $0000003F
EQU PAGE_FRAME_TILE_SHIFT = $00000006
EQU PAGE_NOT_RESIDENT = $000000FF
EQU PAGE_PREFETCH_MAX = $00000002
EQU PAGE_TABLE_MAX = $00000100
EQU PARALLAX_ANCHOR_NONE = $000000FF
EQU PARALLAX_LERP_SHIFT = $00000004
EQU PARALLAX_TRANS_DEFAULT = $00000010
EQU PARAM_BANK = $00A01CA6
EQU PARAM_FLAGS = $00A01CA9
EQU PARAM_PATCHPTR_HI = $00A01CAB
EQU PARAM_PATCHPTR_LO = $00A01CAA
EQU PARAM_PTR_HI = $00A01CA8
EQU PARAM_PTR_LO = $00A01CA7
EQU PF_EVICTABLE = $00000002
EQU PF_EVICTABLE_BIT = $00000001
EQU PF_PINNED = $00000001
EQU PF_PINNED_BIT = $00000000
EQU PGRQ_BULK = $00000002
EQU PGRQ_BULK_BIT = $00000001
EQU PGRQ_DEMAND = $00000001
EQU PGRQ_DEMAND_BIT = $00000000
EQU PGRQ_PREFETCH = $00000000
EQU PHYS_ACCEL = $0000000C
EQU PHYS_AIR_ACCEL = $00000018
EQU PHYS_DECEL = $00000080
EQU PHYS_FALL_ANGLE = $00000030
EQU PHYS_FALL_CAP = $00000F00
EQU PHYS_FRICTION = $0000000C
EQU PHYS_GRAVITY = $00000038
EQU PHYS_GSP_CAP = $00001000
EQU PHYS_JUMP_BUFFER = $00000002
EQU PHYS_JUMP_FORCE = $00000680
EQU PHYS_JUMP_HEADROOM = $00000006
EQU PHYS_JUMP_RELEASE_CAP = $FFFFFC00
EQU PHYS_JUMP_SKIP_CLEARANCE = $00000008
EQU PHYS_KEEP_ROLL_MIN = $00000400
EQU PHYS_MOVE_LOCK_TIME = $0000001E
EQU PHYS_ROLL_DECEL = $00000020
EQU PHYS_ROLL_FORCE_MIN = $00000200
EQU PHYS_ROLL_FRICTION = $00000006
EQU PHYS_ROLL_START_MIN = $00000100
EQU PHYS_SKID_MIN = $00000400
EQU PHYS_SLIP_ANGLE = $00000018
EQU PHYS_SLIP_NUDGE = $00000080
EQU PHYS_SLIP_SPEED = $00000280
EQU PHYS_SLOPE_ROLL_DOWN = $00000050
EQU PHYS_SLOPE_ROLL_UP = $00000014
EQU PHYS_SLOPE_STAND_MIN = $0000000D
EQU PHYS_SLOPE_WALK = $00000020
EQU PHYS_TOP_SPEED = $00000600
EQU PHYS_UNROLL_MAX = $00000080
EQU PING_SLOT = $00A01F00
EQU PLANE_BUFFER_SIZE = $00000600
EQU PLANE_H_CELLS = $00000040
EQU PLANE_V_CELLS = $00000040
EQU PLAYER_1_X_POS = $FFFF8E4A
EQU PLAYER_1_X_VEL = $FFFF8E52
EQU PLAYER_1_Y_POS = $FFFF8E4E
EQU PLAYER_1_Y_VEL = $FFFF8E54
EQU PLAYER_PRIORITY_BAND = $00000004
EQU PLAYER_X_RADIUS = $00000009
EQU PLAYER_Y_RADIUS = $00000013
EQU POOL_TILE_CEILING = $00000380
EQU PRIORITY_BANDS = $00000008
EQU PSG_PORT = $00C00011
EQU PSTATE_AIR = $00000006
EQU PSTATE_AIRBALL = $0000000C
EQU PSTATE_CLIMB = $00000016
EQU PSTATE_COUNT = $0000000D
EQU PSTATE_FLY = $0000000E
EQU PSTATE_GLIDE = $00000010
EQU PSTATE_GLIDEFALL = $00000012
EQU PSTATE_GROUND = $00000000
EQU PSTATE_JUMP = $00000008
EQU PSTATE_LEDGE = $00000018
EQU PSTATE_ROLL = $00000002
EQU PSTATE_ROLLJUMP = $0000000A
EQU PSTATE_SLIDE = $00000014
EQU PSTATE_SPINDASH = $00000004
EQU PUSH_RADIUS = $0000000A
EQU READ = $0000000C
EQU REPLAY_CHECK_MASK = $0000003F
EQU REPLAY_ESCAPE = $000000FF
EQU REPLAY_HEADER_LEN = $00000014
EQU REPLAY_OP_CHECK = $00000001
EQU REPLAY_OP_END = $00000000
EQU REPLAY_RECORD_TICKS = $00002000
EQU RF_COORDMODE = $00000003
EQU RF_MULTISPRITE = $00000004
EQU RF_ONSCREEN = $00000000
EQU RF_PRIORITY_MASK = $000000E0
EQU RF_PRIORITY_SHIFT = $00000005
EQU RF_XFLIP = $00000001
EQU RF_YFLIP = $00000002
EQU RING_ANIM_FRAMES = $00000004
EQU RING_ANIM_SPEED = $00000008
EQU RING_BUFFER_ENTRY_SIZE = $00000006
EQU RING_HEIGHT = $00000010
EQU RING_WIDTH = $00000010
EQU SAMPLE_SLOT = $00A01F01
EQU SCANLINE_BANDS = $00000007
EQU SCANLINE_SPRITE_LIMIT = $00000018
EQU SCREEN_HEIGHT = $000000E0
EQU SCREEN_LAST_COL_MAX = $00000028
EQU SCREEN_LAST_ROW_MAX = $0000001C
EQU SCREEN_TILES_H = $0000001C
EQU SCREEN_TILES_W = $00000028
EQU SCREEN_WIDTH = $00000140
EQU SECTION_H_REACH_COLS_MAX = $00000029
EQU SECTION_H_REACH_PX = $00000147
EQU SECTION_SIZE = $00000800
EQU SECTION_SIZE_SHIFT = $0000000B
EQU SECTION_V_REACH_PX = $000000E7
EQU SECTION_V_REACH_ROWS_MAX = $0000001D
EQU SEC_VOID = $000000FF
EQU SFXID_DASH = $000000B6
EQU SFXID_DEATH = $00000035
EQU SFXID_FLYING = $000000BA
EQU SFXID_FLY_TIRED = $000000BB
EQU SFXID_GLIDE_LAND = $0000004C
EQU SFXID_GRAB = $0000004A
EQU SFXID_GROUND_SLIDE = $0000007E
EQU SFXID_INSTASHIELD = $00000042
EQU SFXID_JUMP = $00000062
EQU SFXID_REV_LOOP = $000000AB
EQU SFXID_RINGLOSS = $000000B9
EQU SFXID_RING_LEFT = $00000034
EQU SFXID_RING_RIGHT = $00000033
EQU SFXID_ROLL = $0000003C
EQU SFXID_SKID = $00000036
EQU SFXID_SPINDASH = $000000AB
EQU SFXPRI_DASH = $00000040
EQU SFXPRI_DEATH = $00000060
EQU SFXPRI_FLY = $00000008
EQU SFXPRI_GLIDE_LAND = $00000030
EQU SFXPRI_GRAB = $00000030
EQU SFXPRI_INSTASHIELD = $00000020
EQU SFXPRI_JUMP = $00000020
EQU SFXPRI_RING = $00000010
EQU SFXPRI_RINGLOSS = $00000060
EQU SFXPRI_ROLL = $00000030
EQU SFXPRI_SKID = $00000030
EQU SFXPRI_SLIDE = $00000008
EQU SFXPRI_SPINDASH = $00000040
EQU SFX_COUNT = $0000000F
EQU SFX_ID_BASE = $00000033
EQU SFX_SLOT = $00A01F03
EQU SFX_TABLE_LEN = $00000089
EQU SLOT_TAG_LEFT = $00000000
EQU SLOT_TAG_LOWER_L = $00000002
EQU SLOT_TAG_LOWER_R = $00000003
EQU SLOT_TAG_RIGHT = $00000001
EQU SND_DMA_ACTIVE_SLOT = $00A01F04
EQU SOLID_ALL = $00000003
EQU SOLID_LRB = $00000002
EQU SOLID_NONE = $00000000
EQU SOLID_TOP = $00000001
EQU SONG_COUNT = $00000001
EQU SONG_DRUMTEST = $00000002
EQU SONG_HCZ2 = $00000003
EQU SONG_MOVINGTRUCKS = $00000001
EQU SONG_PATCH_TABLE = $000A3B14
EQU SONG_TABLE = $000A3B10
EQU SPINDASH_BASE = $00000800
EQU SPINDASH_CHARGE_MAX = $00000800
EQU SPINDASH_CHARGE_STEP = $00000200
EQU SPRITES_PER_BAND = $00000020
EQU SPRITE_CULL_MARGIN = $00000020
EQU SRC_HSCROLL = $007FC28D
EQU SRC_PAL_LINE0 = $007FC10B
EQU SRC_PAL_LINE1 = $007FC11B
EQU SRC_PAL_LINE2 = $007FC12B
EQU SRC_PAL_LINE3 = $007FC13B
EQU SRC_SPRITE_TABLE = $007FC14C
EQU SST_CUSTOM_SIZE = $00000022
EQU SST_TEMPLATE_SIZE = $00000018
EQU SST_TEMPLATE_START = $0000000A
EQU SST_angle = $0000001F
EQU SST_anim = $00000018
EQU SST_anim_frame = $00000021
EQU SST_anim_table = $0000001A
EQU SST_anim_timer = $00000022
EQU SST_art_tile = $00000014
EQU SST_code_addr = $00000000
EQU SST_collision_resp = $0000000F
EQU SST_entity_list_index = $0000002C
EQU SST_entity_section_id = $0000002B
EQU SST_frame_off = $0000002E
EQU SST_height_pixels = $00000017
EQU SST_interact = $0000004E
EQU SST_layer = $0000002D
EQU SST_len = $00000050
EQU SST_mapping_frame = $00000023
EQU SST_mappings = $00000010
EQU SST_parent_ptr = $00000026
EQU SST_prev_anim = $00000020
EQU SST_prev_frame = $00000024
EQU SST_render_flags = $0000000E
EQU SST_sibling_ptr = $00000028
EQU SST_slot_tag = $0000002A
EQU SST_sprite_piece_count = $00000025
EQU SST_sst_custom = $00000030
EQU SST_status = $0000001E
EQU SST_subtype = $00000019
EQU SST_width_pixels = $00000016
EQU SST_x_pos = $00000002
EQU SST_x_vel = $0000000A
EQU SST_y_pos = $00000006
EQU SST_y_vel = $0000000C
EQU ST2_BUBLSHIELD = $00000006
EQU ST2_FIRESHIELD = $00000004
EQU ST2_INVINCIBLE = $00000001
EQU ST2_LTNGSHIELD = $00000005
EQU ST2_SHIELD = $00000000
EQU ST2_SPEEDSHOES = $00000002
EQU STALL_WATCHDOG_FRAMES = $0000012C
EQU STAT_COMM = $00A01F16
EQU STAT_FADE_BUSY = $00A01F18
EQU STAT_SEQ_ACTIVE = $00A01F15
EQU STRESS_EVICT_FRAMES = $00000009
EQU ST_IN_AIR = $00000003
EQU ST_ON_OBJECT = $00000005
EQU ST_PUSHING = $00000006
EQU ST_ROLLING = $00000004
EQU ST_UNDERWATER = $00000007
EQU ST_XFLIP = $00000001
EQU ST_YFLIP = $00000002
EQU SYSTEM_STACK = $FFFFFF00
EQU SceneBudget_Axis1_MaxCycles_X100 = $0041379D
EQU SceneBudget_Axis1_Pool = $0001F400
EQU SceneBudget_Axis1_Reservation = $00005EC1
EQU SceneBudget_Axis2_MaxBytes = $00000380
EQU SceneBudget_Axis2_Pool = $00001D64
EQU SceneBudget_Axis2_Reservation = $00000870
EQU SceneBudget_Axis3_MaxCycles = $00000857
EQU SceneBudget_Axis3_Pool = $00004718
EQU SceneBudget_Axis3_Reservation = $00002058
EQU SceneBudget_Axis5_LinePixelPool = $00000140
EQU SceneBudget_Axis5_LinePixelReservation = $00000020
EQU SceneBudget_Axis5_LineSpritePool = $00000014
EQU SceneBudget_Axis5_LineSpriteReservation = $00000002
EQU SceneBudget_Axis5_MaxLinePixels = $00000000
EQU SceneBudget_Axis5_MaxLineSprites = $00000000
EQU SceneBudget_Axis5_MaxTableSlots = $00000000
EQU SceneBudget_Axis5_TableSlotPool = $00000050
EQU SceneBudget_Axis5_TableSlotReservation = $00000003
EQU SceneBudget_CapsFolded = $0000001E
EQU SceneBudget_SceneCount = $00000014
EQU Sec_len = $00000042
EQU Sec_sec_anim_blocks = $00000030
EQU Sec_sec_bg_layout = $0000001C
EQU Sec_sec_block_dict = $0000002C
EQU Sec_sec_block_dict_len = $00000040
EQU Sec_sec_block_index = $00000000
EQU Sec_sec_camera_lookahead = $0000003D
EQU Sec_sec_effects = $00000034
EQU Sec_sec_flags = $00000038
EQU Sec_sec_music = $0000003A
EQU Sec_sec_objects = $00000004
EQU Sec_sec_pal = $00000010
EQU Sec_sec_pal_cycle = $00000024
EQU Sec_sec_parallax_config = $00000014
EQU Sec_sec_pcfg_pad_3C = $0000003C
EQU Sec_sec_pcfg_pad_3E = $0000003E
EQU Sec_sec_pcfg_pad_3F = $0000003F
EQU Sec_sec_plc = $0000000C
EQU Sec_sec_raster_table = $00000018
EQU Sec_sec_rings = $00000008
EQU Sec_sec_sound_bank = $00000028
EQU Sec_sec_type_table = $00000020
EQU TEMPO_SLOT = $00A01F06
EQU TILE_CACHE_COLL_PLANES = $00000002
EQU TILE_CACHE_COLL_ROWS = $0000001E
EQU TILE_CACHE_COLL_SIZE = $00000960
EQU TILE_CACHE_COLS = $00000050
EQU TILE_CACHE_MARGIN_H = $00000014
EQU TILE_CACHE_MARGIN_V = $00000010
EQU TILE_CACHE_NT_SIZE = $00002580
EQU TILE_CACHE_ROWS = $0000003C
EQU TILE_CACHE_STRIDE = $00000050
EQU TILE_SIZE = $00000020
EQU TMSS_REGISTER = $00A14000
EQU VDP_CTRL = $00C00004
EQU VDP_DATA = $00C00000
EQU VDP_HV_COUNTER = $00C00008
EQU VDP_REG_0C_BOOT = $00000081
EQU VDP_SPRITE_X_OFFSET = $00000080
EQU VDP_SPRITE_Y_OFFSET = $00000080
EQU VDP_Shadow_len = $00000013
EQU VDP_Shadow_vdp_bgcolor = $00000007
EQU VDP_Shadow_vdp_hint_rate = $0000000A
EQU VDP_Shadow_vdp_hscroll = $0000000D
EQU VDP_Shadow_vdp_increment = $0000000F
EQU VDP_Shadow_vdp_mode1 = $00000000
EQU VDP_Shadow_vdp_mode2 = $00000001
EQU VDP_Shadow_vdp_mode3 = $0000000B
EQU VDP_Shadow_vdp_mode4 = $0000000C
EQU VDP_Shadow_vdp_nametable_gen = $0000000E
EQU VDP_Shadow_vdp_plane_a = $00000002
EQU VDP_Shadow_vdp_plane_b = $00000004
EQU VDP_Shadow_vdp_plane_size = $00000010
EQU VDP_Shadow_vdp_sprite = $00000005
EQU VDP_Shadow_vdp_sprite_gen = $00000006
EQU VDP_Shadow_vdp_unused08 = $00000008
EQU VDP_Shadow_vdp_unused09 = $00000009
EQU VDP_Shadow_vdp_window = $00000003
EQU VDP_Shadow_vdp_window_h = $00000011
EQU VDP_Shadow_vdp_window_v = $00000012
EQU VFILL_ROWS_PER_FRAME = $00000002
EQU VRAM = $00000021
EQU VRAM_DUST_PUFF = $00000380
EQU VRAM_DUST_SPINDASH = $00000390
EQU VRAM_HSCROLL_TABLE = $0000BC00
EQU VRAM_INSTA_SHIELD = $000003A0
EQU VRAM_PLANE_A = $0000C000
EQU VRAM_PLANE_B = $0000E000
EQU VRAM_PLANE_B_BYTES = $0000E000
EQU VRAM_RING_SPARKLE = $0000039C
EQU VRAM_SPRITE_TABLE = $0000B800
EQU VRAM_TAILS_APPENDAGE = $000005D4
EQU VRAM_TEST_MARKER = $000003F8
EQU VRAM_TEST_OBJ = $000003E0
EQU VRAM_TEST_SONIC = $000003C0
EQU VRAM_WINDOW = $0000F000
EQU VSRAM = $00000025
EQU WRITE = $00000007
EQU YM2612_A0 = $00A04000
EQU YM2612_A1 = $00A04002
EQU YM2612_D0 = $00A04001
EQU YM2612_D1 = $00A04003
EQU Z80_BUS_REQUEST = $00A11100
EQU Z80_IDLE_SIZE = $00000028
EQU Z80_RAM = $00A00000
EQU Z80_RAM_END = $00A02000
EQU Z80_RESET = $00A11200
EQU Z80_SOUND_SIZE = $00001814
EQU __Aeon_AS_Carrier = $00000000
EQU _eh_address_error = $00000001
EQU _eh_align_offset = $00000080
EQU _eh_enter_console = $00000040
EQU _eh_hide_caller = $00000004
EQU _eh_return = $00000020
EQU _eh_show_sr_usp = $00000002
EQU _pl_state = $00000032
EQU band_entry_band_deform_shift_a = $00000007
EQU band_entry_band_deform_shift_b = $00000008
EQU band_entry_band_factor_a_s1 = $00000002
EQU band_entry_band_factor_a_s2 = $00000003
EQU band_entry_band_factor_b_s1 = $00000004
EQU band_entry_band_factor_b_s2 = $00000005
EQU band_entry_band_factor_ops = $00000006
EQU band_entry_band_phase_offset = $00000009
EQU band_entry_band_top_plane = $00000000
EQU band_entry_len = $0000000A
EQU bin = $000000A0
EQU byte = $00000000
EQU cr = $000000E6
EQU dec = $00000090
EQU endl = $000000E0
EQU forced = $00000004
EQU hex = $00000080
EQU long = $00000003
EQU pal0 = $000000E8
EQU pal1 = $000000EA
EQU pal2 = $000000EC
EQU pal3 = $000000EE
EQU parallax_config_len = $0000001E
EQU parallax_config_pcfg_anchor_ch = $0000000B
EQU parallax_config_pcfg_anchor_dsa = $0000001A
EQU parallax_config_pcfg_anchor_dsb = $0000001B
EQU parallax_config_pcfg_band_count = $00000000
EQU parallax_config_pcfg_deform_speed_bg = $0000000A
EQU parallax_config_pcfg_deform_speed_fg = $00000009
EQU parallax_config_pcfg_deform_table_bg = $00000010
EQU parallax_config_pcfg_deform_table_fg = $0000000C
EQU parallax_config_pcfg_layer_mask = $00000002
EQU parallax_config_pcfg_pad_29 = $0000001D
EQU parallax_config_pcfg_transition = $00000008
EQU parallax_config_pcfg_v_center_y = $00000004
EQU parallax_config_pcfg_v_deform_shift_bg = $00000019
EQU parallax_config_pcfg_v_deform_speed_bg = $00000018
EQU parallax_config_pcfg_v_deform_table_bg = $00000014
EQU parallax_config_pcfg_v_factor_bg = $00000001
EQU parallax_config_pcfg_v_factor_fg = $0000001C
EQU parallax_config_pcfg_v_offset = $00000006
EQU setoff = $000000F4
EQU setpat = $000000F8
EQU setw = $000000F0
EQU setx = $000000FA
EQU signed = $00000008
EQU split = $00000008
EQU str = $000000D0
EQU sym = $000000B0
EQU symdisp = $000000C0
EQU weak = $00000008
EQU word = $00000001

   723 equates
